timestamp,hour,day_of_week,is_weekend,patient_arrivals,emergency_cases,discharges,occupied_beds,diagnostic_requests,ct_requests,lab_requests,scheduled_procedures,staff_count,patient_arrivals_lag_1h,patient_arrivals_lag_3h,patient_arrivals_lag_6h,patient_arrivals_lag_24h,emergency_cases_lag_1h,emergency_cases_lag_3h,emergency_cases_lag_6h,emergency_cases_lag_24h,diagnostic_requests_lag_1h,diagnostic_requests_lag_3h,diagnostic_requests_lag_6h,diagnostic_requests_lag_24h,ct_requests_lag_1h,ct_requests_lag_3h,ct_requests_lag_6h,ct_requests_lag_24h,lab_requests_lag_1h,lab_requests_lag_3h,lab_requests_lag_6h,lab_requests_lag_24h,scheduled_procedures_lag_1h,scheduled_procedures_lag_3h,scheduled_procedures_lag_6h,scheduled_procedures_lag_24h,arrivals_rolling_6h,arrivals_rolling_24h
2026-06-02 00:00:00,0,1,0,18,6,10,149,17,5,3,4,46,13.0,16.0,21.0,18.0,4.0,5.0,6.0,6.0,20.0,17.0,30.0,22.0,5.0,5.0,9.0,8.0,11.0,11.0,18.0,14.0,5.0,5.0,7.0,4.0,16.5,17.041666666666668
2026-06-02 01:00:00,1,1,0,17,6,12,150,25,9,20,5,53,18.0,21.0,20.0,10.0,6.0,7.0,6.0,3.0,17.0,21.0,29.0,16.0,5.0,6.0,9.0,8.0,3.0,11.0,20.0,13.0,4.0,4.0,6.0,4.0,16.0,17.333333333333332
2026-06-02 02:00:00,2,1,0,18,6,10,151,26,8,17,5,52,17.0,13.0,11.0,16.0,6.0,4.0,4.0,5.0,25.0,20.0,14.0,31.0,9.0,5.0,4.0,9.0,20.0,11.0,7.0,20.0,5.0,5.0,2.0,6.0,17.166666666666668,17.416666666666668
2026-06-02 03:00:00,3,1,0,13,4,15,151,21,7,11,5,48,18.0,18.0,16.0,19.0,6.0,6.0,5.0,6.0,26.0,17.0,17.0,17.0,8.0,5.0,5.0,6.0,17.0,3.0,11.0,9.0,5.0,4.0,5.0,3.0,16.666666666666668,17.166666666666668
2026-06-02 04:00:00,4,1,0,20,6,5,153,20,9,10,4,46,13.0,17.0,21.0,11.0,4.0,6.0,7.0,4.0,21.0,25.0,21.0,20.0,7.0,9.0,6.0,4.0,11.0,20.0,11.0,9.0,5.0,5.0,4.0,5.0,16.5,17.541666666666668
2026-06-02 05:00:00,5,1,0,14,4,9,154,23,10,13,4,47,20.0,18.0,13.0,13.0,6.0,6.0,4.0,4.0,20.0,26.0,20.0,21.0,9.0,8.0,5.0,8.0,10.0,17.0,11.0,14.0,4.0,5.0,5.0,3.0,16.666666666666668,17.583333333333332
2026-06-02 06:00:00,6,1,0,14,4,10,154,25,8,17,4,56,14.0,13.0,18.0,15.0,4.0,4.0,6.0,4.0,23.0,21.0,17.0,22.0,10.0,7.0,5.0,6.0,13.0,11.0,3.0,13.0,4.0,5.0,4.0,6.0,16.0,17.541666666666668
2026-06-02 07:00:00,7,1,0,20,6,8,156,24,7,11,4,80,14.0,20.0,17.0,18.0,4.0,6.0,6.0,5.0,25.0,20.0,25.0,25.0,8.0,9.0,9.0,8.0,17.0,10.0,20.0,14.0,4.0,4.0,5.0,4.0,16.5,17.625
2026-06-02 08:00:00,8,1,0,24,7,6,158,30,9,18,5,74,20.0,14.0,18.0,15.0,6.0,4.0,6.0,4.0,24.0,23.0,26.0,20.0,7.0,10.0,8.0,6.0,11.0,13.0,17.0,10.0,4.0,4.0,5.0,6.0,17.5,18.0
2026-06-02 09:00:00,9,1,0,13,4,8,159,20,8,16,5,72,24.0,14.0,13.0,18.0,7.0,4.0,4.0,5.0,30.0,25.0,21.0,22.0,9.0,8.0,7.0,8.0,18.0,17.0,11.0,14.0,5.0,4.0,5.0,5.0,17.5,17.791666666666668
2026-06-02 10:00:00,10,1,0,24,6,8,161,34,11,19,7,74,13.0,20.0,20.0,15.0,4.0,6.0,6.0,4.0,20.0,24.0,20.0,21.0,8.0,7.0,9.0,6.0,16.0,11.0,10.0,16.0,5.0,4.0,4.0,4.0,18.166666666666668,18.166666666666668
2026-06-02 11:00:00,11,1,0,25,7,7,163,33,11,21,7,75,24.0,24.0,14.0,22.0,6.0,7.0,4.0,6.0,34.0,30.0,23.0,33.0,11.0,9.0,10.0,10.0,19.0,18.0,13.0,20.0,7.0,5.0,4.0,7.0,20.0,18.291666666666668
2026-06-02 12:00:00,12,1,0,22,6,13,164,27,8,21,5,70,25.0,13.0,14.0,23.0,7.0,4.0,4.0,6.0,33.0,20.0,25.0,35.0,11.0,8.0,8.0,14.0,21.0,16.0,17.0,23.0,7.0,5.0,4.0,7.0,21.333333333333332,18.25
2026-06-02 13:00:00,13,1,0,19,5,9,166,29,8,19,6,74,22.0,24.0,20.0,19.0,6.0,6.0,6.0,5.0,27.0,34.0,24.0,33.0,8.0,11.0,7.0,11.0,21.0,19.0,11.0,20.0,5.0,7.0,4.0,7.0,21.166666666666668,18.25
2026-06-02 14:00:00,14,1,0,29,8,3,169,40,14,25,5,78,19.0,25.0,24.0,24.0,5.0,7.0,7.0,6.0,29.0,33.0,30.0,29.0,8.0,11.0,9.0,9.0,19.0,21.0,18.0,15.0,6.0,7.0,5.0,5.0,22.0,18.458333333333332
2026-06-02 15:00:00,15,1,0,21,6,15,170,24,6,16,6,69,29.0,22.0,13.0,15.0,8.0,6.0,4.0,4.0,40.0,27.0,20.0,25.0,14.0,8.0,8.0,8.0,25.0,21.0,16.0,17.0,5.0,5.0,5.0,5.0,23.333333333333332,18.708333333333332
2026-06-02 16:00:00,16,1,0,17,5,14,170,23,9,13,5,76,21.0,19.0,24.0,18.0,6.0,5.0,6.0,5.0,24.0,29.0,34.0,24.0,6.0,8.0,11.0,11.0,16.0,19.0,19.0,13.0,6.0,6.0,7.0,6.0,22.166666666666668,18.666666666666668
2026-06-02 17:00:00,17,1,0,18,5,6,171,20,6,15,5,78,17.0,29.0,25.0,18.0,5.0,8.0,7.0,5.0,23.0,40.0,33.0,27.0,9.0,14.0,11.0,9.0,13.0,25.0,21.0,17.0,5.0,5.0,7.0,5.0,21.0,18.666666666666668
2026-06-02 18:00:00,18,1,0,28,8,14,173,39,13,23,6,72,18.0,21.0,22.0,21.0,5.0,6.0,6.0,6.0,20.0,24.0,27.0,30.0,6.0,6.0,8.0,9.0,15.0,16.0,21.0,18.0,5.0,6.0,5.0,7.0,22.0,18.958333333333332
2026-06-02 19:00:00,19,1,0,21,7,14,174,21,6,9,3,53,28.0,17.0,19.0,20.0,8.0,5.0,5.0,6.0,39.0,23.0,29.0,29.0,13.0,9.0,8.0,9.0,23.0,13.0,19.0,20.0,6.0,5.0,6.0,6.0,22.333333333333332,19.0
2026-06-02 20:00:00,20,1,0,23,7,11,175,20,7,12,3,46,21.0,18.0,29.0,11.0,7.0,5.0,8.0,4.0,21.0,20.0,40.0,14.0,6.0,6.0,14.0,4.0,9.0,15.0,25.0,7.0,3.0,5.0,5.0,2.0,21.333333333333332,19.5
2026-06-02 21:00:00,21,1,0,23,8,11,177,30,10,17,5,49,23.0,28.0,21.0,16.0,7.0,8.0,6.0,5.0,20.0,39.0,24.0,17.0,7.0,13.0,6.0,5.0,12.0,23.0,16.0,11.0,3.0,6.0,6.0,5.0,21.666666666666668,19.791666666666668
2026-06-02 22:00:00,22,1,0,14,5,15,177,26,9,16,5,47,23.0,21.0,17.0,21.0,8.0,7.0,5.0,7.0,30.0,21.0,23.0,21.0,10.0,6.0,9.0,6.0,17.0,9.0,13.0,11.0,5.0,3.0,5.0,4.0,21.166666666666668,19.5
2026-06-02 23:00:00,23,1,0,12,4,11,177,19,9,11,4,47,14.0,23.0,18.0,13.0,5.0,7.0,5.0,4.0,26.0,20.0,20.0,20.0,9.0,7.0,6.0,5.0,16.0,12.0,15.0,11.0,5.0,3.0,5.0,5.0,20.166666666666668,19.458333333333332
2026-06-03 00:00:00,0,2,0,14,5,8,177,18,7,14,3,46,12.0,23.0,28.0,18.0,4.0,8.0,8.0,6.0,19.0,30.0,39.0,17.0,9.0,10.0,13.0,5.0,11.0,17.0,23.0,3.0,4.0,5.0,6.0,4.0,17.833333333333332,19.291666666666668
2026-06-03 01:00:00,1,2,0,9,3,7,178,16,4,11,4,50,14.0,14.0,21.0,17.0,5.0,5.0,7.0,6.0,18.0,26.0,21.0,25.0,7.0,9.0,6.0,9.0,14.0,16.0,9.0,20.0,3.0,5.0,3.0,5.0,15.833333333333334,18.958333333333332
2026-06-03 02:00:00,2,2,0,23,8,16,178,32,10,20,5,51,9.0,12.0,23.0,18.0,3.0,4.0,7.0,6.0,16.0,19.0,20.0,26.0,4.0,9.0,7.0,8.0,11.0,11.0,12.0,17.0,4.0,4.0,3.0,5.0,15.833333333333334,19.166666666666668
2026-06-03 03:00:00,3,2,0,15,5,13,178,19,7,12,5,48,23.0,14.0,23.0,13.0,8.0,5.0,8.0,4.0,32.0,18.0,30.0,21.0,10.0,7.0,10.0,7.0,20.0,14.0,17.0,11.0,5.0,3.0,5.0,5.0,14.5,19.25
2026-06-03 04:00:00,4,2,0,14,4,14,178,18,8,9,4,44,15.0,9.0,14.0,20.0,5.0,3.0,5.0,6.0,19.0,16.0,26.0,20.0,7.0,4.0,9.0,9.0,12.0,11.0,16.0,10.0,5.0,4.0,5.0,4.0,14.5,19.0
2026-06-03 05:00:00,5,2,0,26,8,14,180,31,11,15,6,49,14.0,23.0,12.0,14.0,4.0,8.0,4.0,4.0,18.0,32.0,19.0,23.0,8.0,10.0,9.0,10.0,9.0,20.0,11.0,13.0,4.0,5.0,4.0,4.0,16.833333333333332,19.5
2026-06-03 06:00:00,6,2,0,16,5,8,181,19,8,12,5,49,26.0,15.0,14.0,14.0,8.0,5.0,5.0,4.0,31.0,19.0,18.0,25.0,11.0,7.0,7.0,8.0,15.0,12.0,14.0,17.0,6.0,5.0,3.0,4.0,17.166666666666668,19.583333333333332
2026-06-03 07:00:00,7,2,0,15,4,6,181,19,7,13,4,73,16.0,14.0,9.0,20.0,5.0,4.0,3.0,6.0,19.0,18.0,16.0,24.0,8.0,8.0,4.0,7.0,12.0,9.0,11.0,11.0,5.0,4.0,4.0,4.0,18.166666666666668,19.375
2026-06-03 08:00:00,8,2,0,20,6,9,183,29,12,18,5,80,15.0,26.0,23.0,24.0,4.0,8.0,8.0,7.0,19.0,31.0,32.0,30.0,7.0,11.0,10.0,9.0,13.0,15.0,20.0,18.0,4.0,6.0,5.0,5.0,17.666666666666668,19.208333333333332
2026-06-03 09:00:00,9,2,0,10,3,2,183,17,3,9,4,69,20.0,16.0,15.0,13.0,6.0,5.0,5.0,4.0,29.0,19.0,19.0,20.0,12.0,8.0,7.0,8.0,18.0,12.0,12.0,16.0,5.0,5.0,5.0,5.0,16.833333333333332,19.083333333333332
2026-06-03 10:00:00,10,2,0,27,7,11,185,33,12,21,5,67,10.0,15.0,14.0,24.0,3.0,4.0,4.0,6.0,17.0,19.0,18.0,34.0,3.0,7.0,8.0,11.0,9.0,13.0,9.0,19.0,4.0,4.0,4.0,7.0,19.0,19.208333333333332
2026-06-03 11:00:00,11,2,0,15,4,6,186,23,9,14,6,72,27.0,20.0,26.0,25.0,7.0,6.0,8.0,7.0,33.0,29.0,31.0,33.0,12.0,12.0,11.0,11.0,21.0,18.0,15.0,21.0,5.0,5.0,6.0,7.0,17.166666666666668,18.791666666666668
2026-06-03 12:00:00,12,2,0,24,6,10,188,32,9,23,6,76,15.0,10.0,16.0,22.0,4.0,3.0,5.0,6.0,23.0,17.0,19.0,27.0,9.0,3.0,8.0,8.0,14.0,9.0,12.0,21.0,6.0,4.0,5.0,5.0,18.5,18.875
2026-06-03 13:00:00,13,2,0,18,5,16,188,25,7,18,7,71,24.0,27.0,15.0,19.0,6.0,7.0,4.0,5.0,32.0,33.0,19.0,29.0,9.0,12.0,7.0,8.0,23.0,21.0,13.0,19.0,6.0,5.0,4.0,6.0,19.0,18.833333333333332
2026-06-03 14:00:00,14,2,0,20,5,10,189,25,7,17,5,71,18.0,15.0,20.0,29.0,5.0,4.0,6.0,8.0,25.0,23.0,29.0,40.0,7.0,9.0,12.0,14.0,18.0,14.0,18.0,25.0,7.0,6.0,5.0,5.0,19.0,18.458333333333332
2026-06-03 15:00:00,15,2,0,24,7,10,190,33,10,22,7,77,20.0,24.0,10.0,21.0,5.0,6.0,3.0,6.0,25.0,32.0,17.0,24.0,7.0,9.0,3.0,6.0,17.0,23.0,9.0,16.0,5.0,6.0,4.0,6.0,21.333333333333332,18.583333333333332
2026-06-03 16:00:00,16,2,0,19,5,9,191,27,8,14,6,75,24.0,18.0,27.0,17.0,7.0,5.0,7.0,5.0,33.0,25.0,33.0,23.0,10.0,7.0,12.0,9.0,22.0,18.0,21.0,13.0,7.0,7.0,5.0,5.0,20.0,18.666666666666668
2026-06-03 17:00:00,17,2,0,24,7,6,193,33,12,22,7,75,19.0,20.0,15.0,18.0,5.0,5.0,4.0,5.0,27.0,25.0,23.0,20.0,8.0,7.0,9.0,6.0,14.0,17.0,14.0,15.0,6.0,5.0,6.0,5.0,21.5,18.916666666666668
2026-06-03 18:00:00,18,2,0,20,6,15,193,27,10,17,6,76,24.0,24.0,24.0,28.0,7.0,7.0,6.0,8.0,33.0,33.0,32.0,39.0,12.0,10.0,9.0,13.0,22.0,22.0,23.0,23.0,7.0,7.0,6.0,6.0,20.833333333333332,18.583333333333332
2026-06-03 19:00:00,19,2,0,21,7,10,195,27,11,18,6,47,20.0,19.0,18.0,21.0,6.0,5.0,5.0,7.0,27.0,27.0,25.0,21.0,10.0,8.0,7.0,6.0,17.0,14.0,18.0,9.0,6.0,6.0,7.0,3.0,21.333333333333332,18.583333333333332
2026-06-03 20:00:00,20,2,0,21,7,13,195,39,12,25,7,47,21.0,24.0,20.0,23.0,7.0,7.0,5.0,7.0,27.0,33.0,25.0,20.0,11.0,12.0,7.0,7.0,18.0,22.0,17.0,12.0,6.0,7.0,5.0,3.0,21.5,18.5
2026-06-03 21:00:00,21,2,0,26,9,9,197,33,10,21,5,50,21.0,20.0,24.0,23.0,7.0,6.0,7.0,8.0,39.0,27.0,33.0,30.0,12.0,10.0,10.0,10.0,25.0,17.0,22.0,17.0,7.0,6.0,7.0,5.0,21.833333333333332,18.625
2026-06-03 22:00:00,22,2,0,15,5,12,197,22,9,19,5,44,26.0,21.0,19.0,14.0,9.0,7.0,5.0,5.0,33.0,27.0,27.0,26.0,10.0,11.0,8.0,9.0,21.0,18.0,14.0,16.0,5.0,6.0,6.0,5.0,21.166666666666668,18.666666666666668
2026-06-03 23:00:00,23,2,0,13,4,15,197,21,8,13,6,42,15.0,21.0,24.0,12.0,5.0,7.0,7.0,4.0,22.0,39.0,33.0,19.0,9.0,12.0,12.0,9.0,19.0,25.0,22.0,11.0,5.0,7.0,7.0,4.0,19.333333333333332,18.708333333333332
2026-06-04 00:00:00,0,3,0,19,6,9,198,22,8,16,4,47,13.0,26.0,20.0,14.0,4.0,9.0,6.0,5.0,21.0,33.0,27.0,18.0,8.0,10.0,10.0,7.0,13.0,21.0,17.0,14.0,6.0,5.0,6.0,3.0,19.166666666666668,18.916666666666668
2026-06-04 01:00:00,1,3,0,15,5,13,198,17,7,10,3,51,19.0,15.0,21.0,9.0,6.0,5.0,7.0,3.0,22.0,22.0,27.0,16.0,8.0,9.0,11.0,4.0,16.0,19.0,18.0,11.0,4.0,5.0,6.0,4.0,18.166666666666668,19.166666666666668
2026-06-04 02:00:00,2,3,0,9,3,9,197,19,6,13,6,49,15.0,13.0,21.0,23.0,5.0,4.0,7.0,8.0,17.0,21.0,39.0,32.0,7.0,8.0,12.0,10.0,10.0,13.0,25.0,20.0,3.0,6.0,7.0,5.0,16.166666666666668,18.583333333333332
2026-06-04 03:00:00,3,3,0,21,7,7,198,19,8,14,4,51,9.0,19.0,26.0,15.0,3.0,6.0,9.0,5.0,19.0,22.0,33.0,19.0,6.0,8.0,10.0,7.0,13.0,16.0,21.0,12.0,6.0,4.0,5.0,5.0,15.333333333333334,18.833333333333332
2026-06-04 04:00:00,4,3,0,13,4,12,198,13,4,9,4,42,21.0,15.0,15.0,14.0,7.0,5.0,5.0,4.0,19.0,17.0,22.0,18.0,8.0,7.0,9.0,8.0,14.0,10.0,19.0,9.0,4.0,3.0,5.0,4.0,15.0,18.791666666666668
2026-06-04 05:00:00,5,3,0,18,6,16,198,24,9,18,6,49,13.0,9.0,13.0,26.0,4.0,3.0,4.0,8.0,13.0,19.0,21.0,31.0,4.0,6.0,8.0,11.0,9.0,13.0,13.0,15.0,4.0,6.0,6.0,6.0,15.833333333333334,18.458333333333332
2026-06-04 06:00:00,6,3,0,18,5,9,198,23,6,12,4,50,18.0,21.0,19.0,16.0,6.0,7.0,6.0,5.0,24.0,19.0,22.0,19.0,9.0,8.0,8.0,8.0,18.0,14.0,16.0,12.0,6.0,4.0,4.0,5.0,15.666666666666666,18.541666666666668
2026-06-04 07:00:00,7,3,0,11,3,3,198,15,4,8,4,70,18.0,13.0,15.0,15.0,5.0,4.0,5.0,4.0,23.0,13.0,17.0,19.0,6.0,4.0,7.0,7.0,12.0,9.0,10.0,13.0,4.0,4.0,3.0,4.0,15.0,18.375
2026-06-04 08:00:00,8,3,0,19,5,10,198,29,9,18,5,77,11.0,18.0,9.0,20.0,3.0,6.0,3.0,6.0,15.0,24.0,19.0,29.0,4.0,9.0,6.0,12.0,8.0,18.0,13.0,18.0,4.0,6.0,6.0,5.0,16.666666666666668,18.333333333333332
2026-06-04 09:00:00,9,3,0,22,6,4,198,19,6,14,3,74,19.0,18.0,21.0,10.0,5.0,5.0,7.0,3.0,29.0,23.0,19.0,17.0,9.0,6.0,8.0,3.0,18.0,12.0,14.0,9.0,5.0,4.0,4.0,4.0,16.833333333333332,18.833333333333332
2026-06-04 10:00:00,10,3,0,23,6,8,198,26,7,16,5,83,22.0,11.0,13.0,27.0,6.0,3.0,4.0,7.0,19.0,15.0,13.0,33.0,6.0,4.0,4.0,12.0,14.0,8.0,9.0,21.0,3.0,4.0,4.0,5.0,18.5,18.666666666666668
2026-06-04 11:00:00,11,3,0,19,5,9,198,31,9,22,6,67,23.0,19.0,18.0,15.0,6.0,5.0,6.0,4.0,26.0,29.0,24.0,23.0,7.0,9.0,9.0,9.0,16.0,18.0,18.0,14.0,5.0,5.0,6.0,6.0,18.666666666666668,18.833333333333332
2026-06-04 12:00:00,12,3,0,24,6,10,198,29,8,17,5,78,19.0,22.0,18.0,24.0,5.0,6.0,5.0,6.0,31.0,19.0,23.0,32.0,9.0,6.0,6.0,9.0,22.0,14.0,12.0,23.0,6.0,3.0,4.0,6.0,19.666666666666668,18.833333333333332
2026-06-04 13:00:00,13,3,0,24,6,12,198,30,11,16,4,73,24.0,23.0,11.0,18.0,6.0,6.0,3.0,5.0,29.0,26.0,15.0,25.0,8.0,7.0,4.0,7.0,17.0,16.0,8.0,18.0,5.0,5.0,4.0,7.0,21.833333333333332,19.083333333333332
2026-06-04 14:00:00,14,3,0,15,4,8,198,31,10,20,7,69,24.0,19.0,19.0,20.0,6.0,5.0,5.0,5.0,30.0,31.0,29.0,25.0,11.0,9.0,9.0,7.0,16.0,22.0,18.0,17.0,4.0,6.0,5.0,5.0,21.166666666666668,18.875
2026-06-04 15:00:00,15,3,0,19,5,4,198,24,6,15,6,72,15.0,24.0,22.0,24.0,4.0,6.0,6.0,7.0,31.0,29.0,19.0,33.0,10.0,8.0,6.0,10.0,20.0,17.0,14.0,22.0,7.0,5.0,3.0,7.0,20.666666666666668,18.666666666666668
2026-06-04 16:00:00,16,3,0,29,8,11,198,36,11,23,7,75,19.0,24.0,23.0,19.0,5.0,6.0,6.0,5.0,24.0,30.0,26.0,27.0,6.0,11.0,7.0,8.0,15.0,16.0,16.0,14.0,6.0,4.0,5.0,6.0,21.666666666666668,19.083333333333332
2026-06-04 17:00:00,17,3,0,26,8,10,198,30,11,19,5,77,29.0,15.0,19.0,24.0,8.0,4.0,5.0,7.0,36.0,31.0,31.0,33.0,11.0,10.0,9.0,12.0,23.0,20.0,22.0,22.0,7.0,7.0,6.0,7.0,22.833333333333332,19.166666666666668
2026-06-04 18:00:00,18,3,0,21,6,13,198,20,6,12,5,79,26.0,19.0,24.0,20.0,8.0,5.0,6.0,6.0,30.0,24.0,29.0,27.0,11.0,6.0,8.0,10.0,19.0,15.0,17.0,17.0,5.0,6.0,5.0,6.0,22.333333333333332,19.208333333333332
2026-06-04 19:00:00,19,3,0,15,5,9,198,22,6,13,6,52,21.0,29.0,24.0,21.0,6.0,8.0,6.0,7.0,20.0,36.0,30.0,27.0,6.0,11.0,11.0,11.0,12.0,23.0,16.0,18.0,5.0,7.0,4.0,6.0,20.833333333333332,18.958333333333332
2026-06-04 20:00:00,20,3,0,16,5,10,198,25,8,16,5,45,15.0,26.0,15.0,21.0,5.0,8.0,4.0,7.0,22.0,30.0,31.0,39.0,6.0,11.0,10.0,12.0,13.0,19.0,20.0,25.0,6.0,5.0,7.0,7.0,21.0,18.75
2026-06-04 21:00:00,21,3,0,19,6,9,198,25,9,15,4,51,16.0,21.0,19.0,26.0,5.0,6.0,5.0,9.0,25.0,20.0,24.0,33.0,8.0,6.0,6.0,10.0,16.0,12.0,15.0,21.0,5.0,5.0,6.0,5.0,21.0,18.458333333333332
2026-06-04 22:00:00,22,3,0,24,8,9,198,32,9,19,6,49,19.0,15.0,29.0,15.0,6.0,5.0,8.0,5.0,25.0,22.0,36.0,22.0,9.0,6.0,11.0,9.0,15.0,13.0,23.0,19.0,4.0,6.0,7.0,5.0,20.166666666666668,18.833333333333332
2026-06-04 23:00:00,23,3,0,13,4,9,198,17,7,10,4,46,24.0,16.0,26.0,13.0,8.0,5.0,8.0,4.0,32.0,25.0,30.0,21.0,9.0,8.0,11.0,8.0,19.0,16.0,19.0,13.0,6.0,5.0,5.0,6.0,18.0,18.833333333333332
2026-06-05 00:00:00,0,4,0,20,7,15,198,20,6,14,3,47,13.0,19.0,21.0,19.0,4.0,6.0,6.0,6.0,17.0,25.0,20.0,22.0,7.0,9.0,6.0,8.0,10.0,15.0,12.0,16.0,4.0,4.0,5.0,4.0,17.833333333333332,18.875
2026-06-05 01:00:00,1,4,0,11,4,16,198,23,8,15,6,46,20.0,24.0,15.0,15.0,7.0,8.0,5.0,5.0,20.0,32.0,22.0,17.0,6.0,9.0,6.0,7.0,14.0,19.0,13.0,10.0,3.0,6.0,6.0,3.0,17.166666666666668,18.708333333333332
2026-06-05 02:00:00,2,4,0,22,7,14,198,24,8,19,4,48,11.0,13.0,16.0,9.0,4.0,4.0,5.0,3.0,23.0,17.0,25.0,19.0,8.0,7.0,8.0,6.0,15.0,10.0,16.0,13.0,6.0,4.0,5.0,6.0,18.166666666666668,19.25
2026-06-05 03:00:00,3,4,0,16,5,8,198,21,6,13,4,46,22.0,20.0,19.0,21.0,7.0,7.0,6.0,7.0,24.0,20.0,25.0,19.0,8.0,6.0,9.0,8.0,19.0,14.0,15.0,14.0,4.0,3.0,4.0,4.0,17.666666666666668,19.041666666666668
2026-06-05 04:00:00,4,4,0,10,3,8,198,14,3,8,3,45,16.0,11.0,24.0,13.0,5.0,4.0,8.0,4.0,21.0,23.0,32.0,13.0,6.0,8.0,9.0,4.0,13.0,15.0,19.0,9.0,4.0,6.0,6.0,4.0,15.333333333333334,18.916666666666668
2026-06-05 05:00:00,5,4,0,21,7,11,198,32,10,25,6,49,10.0,22.0,13.0,18.0,3.0,7.0,4.0,6.0,14.0,24.0,17.0,24.0,3.0,8.0,7.0,9.0,8.0,19.0,10.0,18.0,3.0,4.0,4.0,6.0,16.666666666666668,19.041666666666668
2026-06-05 06:00:00,6,4,0,19,6,10,198,24,11,16,3,50,21.0,16.0,20.0,18.0,7.0,5.0,7.0,5.0,32.0,21.0,20.0,23.0,10.0,6.0,6.0,6.0,25.0,13.0,14.0,12.0,6.0,4.0,3.0,4.0,16.5,19.083333333333332
2026-06-05 07:00:00,7,4,0,16,5,8,198,18,4,13,5,73,19.0,10.0,11.0,11.0,6.0,3.0,4.0,3.0,24.0,14.0,23.0,15.0,11.0,3.0,8.0,4.0,16.0,8.0,15.0,8.0,3.0,3.0,6.0,4.0,17.333333333333332,19.291666666666668
2026-06-05 08:00:00,8,4,0,19,5,12,198,23,10,15,6,78,16.0,21.0,22.0,19.0,5.0,7.0,7.0,5.0,18.0,32.0,24.0,29.0,4.0,10.0,8.0,9.0,13.0,25.0,19.0,18.0,5.0,6.0,4.0,5.0,16.833333333333332,19.291666666666668
2026-06-05 09:00:00,9,4,0,24,7,7,198,31,10,20,5,73,19.0,19.0,16.0,22.0,5.0,6.0,5.0,6.0,23.0,24.0,21.0,19.0,10.0,11.0,6.0,6.0,15.0,16.0,13.0,14.0,6.0,3.0,4.0,3.0,18.166666666666668,19.375
2026-06-05 10:00:00,10,4,0,23,6,8,198,28,10,18,5,73,24.0,16.0,10.0,23.0,7.0,5.0,3.0,6.0,31.0,18.0,14.0,26.0,10.0,4.0,3.0,7.0,20.0,13.0,8.0,16.0,5.0,5.0,3.0,5.0,20.333333333333332,19.375
2026-06-05 11:00:00,11,4,0,28,7,7,198,29,8,16,4,76,23.0,19.0,21.0,19.0,6.0,5.0,7.0,5.0,28.0,23.0,32.0,31.0,10.0,10.0,10.0,9.0,18.0,15.0,25.0,22.0,5.0,6.0,6.0,6.0,21.5,19.75
2026-06-05 12:00:00,12,4,0,20,5,4,198,29,8,19,5,74,28.0,24.0,19.0,24.0,7.0,7.0,6.0,6.0,29.0,31.0,24.0,29.0,8.0,10.0,11.0,8.0,16.0,20.0,16.0,17.0,4.0,5.0,3.0,5.0,21.666666666666668,19.583333333333332
2026-06-05 13:00:00,13,4,0,23,6,12,198,30,9,16,6,74,20.0,23.0,16.0,24.0,5.0,6.0,5.0,6.0,29.0,28.0,18.0,30.0,8.0,10.0,4.0,11.0,19.0,18.0,13.0,16.0,5.0,5.0,5.0,4.0,22.833333333333332,19.541666666666668
2026-06-05 14:00:00,14,4,0,22,6,11,198,27,8,16,5,66,23.0,28.0,19.0,15.0,6.0,7.0,5.0,4.0,30.0,29.0,23.0,31.0,9.0,8.0,10.0,10.0,16.0,16.0,15.0,20.0,6.0,4.0,6.0,7.0,23.333333333333332,19.833333333333332
2026-06-05 15:00:00,15,4,0,19,5,12,198,29,9,17,6,74,22.0,20.0,24.0,19.0,6.0,5.0,7.0,5.0,27.0,29.0,31.0,24.0,8.0,8.0,10.0,6.0,16.0,19.0,20.0,15.0,5.0,5.0,5.0,6.0,22.5,19.833333333333332
2026-06-05 16:00:00,16,4,0,8,2,9,198,16,5,11,6,69,19.0,23.0,23.0,29.0,5.0,6.0,6.0,8.0,29.0,30.0,28.0,36.0,9.0,9.0,10.0,11.0,17.0,16.0,18.0,23.0,6.0,6.0,5.0,7.0,20.0,18.958333333333332
2026-06-05 17:00:00,17,4,0,26,8,12,198,39,16,25,7,70,8.0,22.0,28.0,26.0,2.0,6.0,7.0,8.0,16.0,27.0,29.0,30.0,5.0,8.0,8.0,11.0,11.0,16.0,16.0,19.0,6.0,5.0,4.0,5.0,19.666666666666668,18.958333333333332
2026-06-05 18:00:00,18,4,0,14,4,15,198,16,4,11,4,70,26.0,19.0,20.0,21.0,8.0,5.0,5.0,6.0,39.0,29.0,29.0,20.0,16.0,9.0,8.0,6.0,25.0,17.0,19.0,12.0,7.0,6.0,5.0,5.0,18.666666666666668,18.666666666666668
2026-06-05 19:00:00,19,4,0,24,7,16,198,36,12,23,8,45,14.0,8.0,23.0,15.0,4.0,2.0,6.0,5.0,16.0,16.0,30.0,22.0,4.0,5.0,9.0,6.0,11.0,11.0,16.0,13.0,4.0,6.0,6.0,6.0,18.833333333333332,19.041666666666668
2026-06-05 20:00:00,20,4,0,20,6,14,198,32,11,19,6,46,24.0,26.0,22.0,16.0,7.0,8.0,6.0,5.0,36.0,39.0,27.0,25.0,12.0,16.0,8.0,8.0,23.0,25.0,16.0,16.0,8.0,7.0,5.0,5.0,18.5,19.208333333333332
2026-06-05 21:00:00,21,4,0,9,3,13,198,12,3,7,5,47,20.0,14.0,19.0,19.0,6.0,4.0,5.0,6.0,32.0,16.0,29.0,25.0,11.0,4.0,9.0,9.0,19.0,11.0,17.0,15.0,6.0,4.0,6.0,4.0,16.833333333333332,18.791666666666668
2026-06-05 22:00:00,22,4,0,17,6,10,198,24,9,17,6,50,9.0,24.0,8.0,24.0,3.0,7.0,2.0,8.0,12.0,36.0,16.0,32.0,3.0,12.0,5.0,9.0,7.0,23.0,11.0,19.0,5.0,8.0,6.0,6.0,18.333333333333332,18.5
2026-06-05 23:00:00,23,4,0,16,5,8,198,29,9,20,7,49,17.0,20.0,26.0,13.0,6.0,6.0,8.0,4.0,24.0,32.0,39.0,17.0,9.0,11.0,16.0,7.0,17.0,19.0,25.0,10.0,6.0,6.0,7.0,4.0,16.666666666666668,18.625
2026-06-06 00:00:00,0,5,1,18,6,1,198,20,3,10,1,42,16.0,9.0,14.0,20.0,5.0,3.0,4.0,7.0,29.0,12.0,16.0,20.0,9.0,3.0,4.0,6.0,20.0,7.0,11.0,14.0,7.0,5.0,4.0,3.0,17.333333333333332,18.541666666666668
2026-06-06 01:00:00,1,5,1,13,4,16,198,14,6,6,2,48,18.0,17.0,24.0,11.0,6.0,6.0,7.0,4.0,20.0,24.0,36.0,23.0,3.0,9.0,12.0,8.0,10.0,17.0,23.0,15.0,1.0,6.0,8.0,6.0,15.5,18.625
2026-06-06 02:00:00,2,5,1,12,4,10,198,8,1,4,0,49,13.0,16.0,20.0,22.0,4.0,5.0,6.0,7.0,14.0,29.0,32.0,24.0,6.0,9.0,11.0,8.0,6.0,20.0,19.0,19.0,2.0,7.0,6.0,4.0,14.166666666666666,18.208333333333332
2026-06-06 03:00:00,3,5,1,9,3,17,198,14,3,11,2,47,12.0,18.0,9.0,16.0,4.0,6.0,3.0,5.0,8.0,20.0,12.0,21.0,1.0,3.0,3.0,6.0,4.0,10.0,7.0,13.0,0.0,1.0,5.0,4.0,14.166666666666666,17.916666666666668
2026-06-06 04:00:00,4,5,1,14,4,13,198,19,7,14,2,48,9.0,13.0,17.0,10.0,3.0,4.0,6.0,3.0,14.0,14.0,24.0,14.0,3.0,6.0,9.0,3.0,11.0,6.0,17.0,8.0,2.0,2.0,6.0,3.0,13.666666666666666,18.083333333333332
2026-06-06 05:00:00,5,5,1,16,5,7,198,14,5,7,2,49,14.0,12.0,16.0,21.0,4.0,4.0,5.0,7.0,19.0,8.0,29.0,32.0,7.0,1.0,9.0,10.0,14.0,4.0,20.0,25.0,2.0,0.0,7.0,6.0,13.666666666666666,17.875
2026-06-06 06:00:00,6,5,1,24,7,8,198,18,8,12,1,50,16.0,9.0,18.0,19.0,5.0,3.0,6.0,6.0,14.0,14.0,20.0,24.0,5.0,3.0,3.0,11.0,7.0,11.0,10.0,16.0,2.0,2.0,1.0,3.0,14.666666666666666,18.083333333333332
2026-06-06 07:00:00,7,5,1,17,5,6,198,15,7,13,0,69,24.0,14.0,13.0,16.0,7.0,4.0,4.0,5.0,18.0,19.0,14.0,18.0,8.0,7.0,6.0,4.0,12.0,14.0,6.0,13.0,1.0,2.0,2.0,5.0,15.333333333333334,18.125
2026-06-06 08:00:00,8,5,1,16,4,12,198,21,6,14,3,73,17.0,16.0,12.0,19.0,5.0,5.0,4.0,5.0,15.0,14.0,8.0,23.0,7.0,5.0,1.0,10.0,13.0,7.0,4.0,15.0,0.0,2.0,0.0,6.0,16.0,18.0
2026-06-06 09:00:00,9,5,1,16,4,8,198,20,8,15,4,79,16.0,24.0,9.0,24.0,4.0,7.0,3.0,7.0,21.0,18.0,14.0,31.0,6.0,8.0,3.0,10.0,14.0,12.0,11.0,20.0,3.0,1.0,2.0,5.0,17.166666666666668,17.666666666666668
2026-06-06 10:00:00,10,5,1,9,2,7,198,13,3,10,2,78,16.0,17.0,14.0,23.0,4.0,5.0,4.0,6.0,20.0,15.0,19.0,28.0,8.0,7.0,7.0,10.0,15.0,13.0,14.0,18.0,4.0,0.0,2.0,5.0,16.333333333333332,17.083333333333332
2026-06-06 11:00:00,11,5,1,19,5,6,198,19,10,10,3,77,9.0,16.0,16.0,28.0,2.0,4.0,5.0,7.0,13.0,21.0,14.0,29.0,3.0,6.0,5.0,8.0,10.0,14.0,7.0,16.0,2.0,3.0,2.0,4.0,16.833333333333332,16.708333333333332
2026-06-06 12:00:00,12,5,1,20,5,8,198,12,3,7,1,76,19.0,16.0,24.0,20.0,5.0,4.0,7.0,5.0,19.0,20.0,18.0,29.0,10.0,8.0,8.0,8.0,10.0,15.0,12.0,19.0,3.0,4.0,1.0,5.0,16.166666666666668,16.708333333333332
2026-06-06 13:00:00,13,5,1,15,4,11,198,17,7,11,3,79,20.0,9.0,17.0,23.0,5.0,2.0,5.0,6.0,12.0,13.0,15.0,30.0,3.0,3.0,7.0,9.0,7.0,10.0,13.0,16.0,1.0,2.0,0.0,6.0,15.833333333333334,16.375
2026-06-06 14:00:00,14,5,1,19,5,16,198,20,8,13,2,80,15.0,19.0,16.0,22.0,4.0,5.0,4.0,6.0,17.0,19.0,21.0,27.0,7.0,10.0,6.0,8.0,11.0,10.0,14.0,16.0,3.0,3.0,3.0,5.0,16.333333333333332,16.25
2026-06-06 15:00:00,15,5,1,22,6,10,198,21,8,15,2,74,19.0,20.0,16.0,19.0,5.0,5.0,4.0,5.0,20.0,12.0,20.0,29.0,8.0,3.0,8.0,9.0,13.0,7.0,15.0,17.0,2.0,1.0,4.0,6.0,17.333333333333332,16.375
2026-06-06 16:00:00,16,5,1,18,5,10,198,15,4,10,2,71,22.0,15.0,9.0,8.0,6.0,4.0,2.0,2.0,21.0,17.0,13.0,16.0,8.0,7.0,3.0,5.0,15.0,11.0,10.0,11.0,2.0,3.0,2.0,6.0,18.833333333333332,16.791666666666668
2026-06-06 17:00:00,17,5,1,19,6,10,198,14,5,3,2,73,18.0,19.0,19.0,26.0,5.0,5.0,5.0,8.0,15.0,20.0,19.0,39.0,4.0,8.0,10.0,16.0,10.0,13.0,10.0,25.0,2.0,2.0,3.0,7.0,18.833333333333332,16.5
2026-06-06 18:00:00,18,5,1,21,6,4,198,21,4,10,3,83,19.0,22.0,20.0,14.0,6.0,6.0,5.0,4.0,14.0,21.0,12.0,16.0,5.0,8.0,3.0,4.0,3.0,15.0,7.0,11.0,2.0,2.0,1.0,4.0,19.0,16.791666666666668
2026-06-06 19:00:00,19,5,1,10,3,12,198,13,5,4,1,43,21.0,18.0,15.0,24.0,6.0,5.0,4.0,7.0,21.0,15.0,17.0,36.0,4.0,4.0,7.0,12.0,10.0,10.0,11.0,23.0,3.0,2.0,3.0,8.0,18.166666666666668,16.208333333333332
2026-06-06 20:00:00,20,5,1,25,8,8,198,28,10,18,2,47,10.0,19.0,19.0,20.0,3.0,6.0,5.0,6.0,13.0,14.0,20.0,32.0,5.0,5.0,8.0,11.0,4.0,3.0,13.0,19.0,1.0,2.0,2.0,6.0,19.166666666666668,16.416666666666668
2026-06-06 21:00:00,21,5,1,15,5,10,198,20,7,13,2,44,25.0,21.0,22.0,9.0,8.0,6.0,6.0,3.0,28.0,21.0,21.0,12.0,10.0,4.0,8.0,3.0,18.0,10.0,15.0,7.0,2.0,3.0,2.0,5.0,18.0,16.666666666666668
2026-06-06 22:00:00,22,5,1,15,5,8,198,12,0,8,1,48,15.0,10.0,18.0,17.0,5.0,3.0,5.0,6.0,20.0,13.0,15.0,24.0,7.0,5.0,4.0,9.0,13.0,4.0,10.0,17.0,2.0,1.0,2.0,6.0,17.5,16.583333333333332
2026-06-06 23:00:00,23,5,1,22,7,13,198,22,6,12,4,44,15.0,25.0,19.0,16.0,5.0,8.0,6.0,5.0,12.0,28.0,14.0,29.0,0.0,10.0,5.0,9.0,8.0,18.0,3.0,20.0,1.0,2.0,2.0,7.0,18.0,16.833333333333332
2026-06-07 00:00:00,0,6,1,10,3,8,198,12,3,9,1,48,22.0,15.0,21.0,18.0,7.0,5.0,6.0,6.0,22.0,20.0,21.0,20.0,6.0,7.0,4.0,3.0,12.0,13.0,10.0,10.0,4.0,2.0,3.0,1.0,16.166666666666668,16.5
2026-06-07 01:00:00,1,6,1,8,3,12,198,10,4,8,1,42,10.0,15.0,10.0,13.0,3.0,5.0,3.0,4.0,12.0,12.0,13.0,14.0,3.0,0.0,5.0,6.0,9.0,8.0,4.0,6.0,1.0,1.0,1.0,2.0,15.833333333333334,16.291666666666668
2026-06-07 02:00:00,2,6,1,8,3,11,198,10,4,4,1,50,8.0,22.0,25.0,12.0,3.0,7.0,8.0,4.0,10.0,22.0,28.0,8.0,4.0,6.0,10.0,1.0,8.0,12.0,18.0,4.0,1.0,4.0,2.0,0.0,13.0,16.125
2026-06-07 03:00:00,3,6,1,7,2,2,198,7,2,1,4,52,8.0,10.0,15.0,9.0,3.0,3.0,5.0,3.0,10.0,12.0,20.0,14.0,4.0,3.0,7.0,3.0,4.0,9.0,13.0,11.0,1.0,1.0,2.0,2.0,11.666666666666666,16.041666666666668
2026-06-07 04:00:00,4,6,1,18,6,15,198,16,7,10,2,47,7.0,8.0,15.0,14.0,2.0,3.0,5.0,4.0,7.0,10.0,12.0,19.0,2.0,4.0,0.0,7.0,1.0,8.0,8.0,14.0,4.0,1.0,1.0,2.0,12.166666666666666,16.208333333333332
2026-06-07 05:00:00,5,6,1,19,6,7,198,18,5,15,1,48,18.0,8.0,22.0,16.0,6.0,3.0,7.0,5.0,16.0,10.0,22.0,14.0,7.0,4.0,6.0,5.0,10.0,4.0,12.0,7.0,2.0,1.0,4.0,2.0,11.666666666666666,16.333333333333332
2026-06-07 06:00:00,6,6,1,10,3,10,198,15,6,13,3,48,19.0,7.0,10.0,24.0,6.0,2.0,3.0,7.0,18.0,7.0,12.0,18.0,5.0,2.0,3.0,8.0,15.0,1.0,9.0,12.0,1.0,4.0,1.0,1.0,11.666666666666666,15.75
2026-06-07 07:00:00,7,6,1,13,4,12,198,17,7,12,2,75,10.0,18.0,8.0,17.0,3.0,6.0,3.0,5.0,15.0,16.0,10.0,15.0,6.0,7.0,4.0,7.0,13.0,10.0,8.0,13.0,3.0,2.0,1.0,0.0,12.5,15.583333333333334
2026-06-07 08:00:00,8,6,1,20,6,6,198,21,8,12,2,74,13.0,19.0,8.0,16.0,4.0,6.0,3.0,4.0,17.0,18.0,10.0,21.0,7.0,5.0,4.0,6.0,12.0,15.0,4.0,14.0,2.0,1.0,1.0,3.0,14.5,15.75
2026-06-07 09:00:00,9,6,1,16,4,2,198,18,6,13,2,76,20.0,10.0,7.0,16.0,6.0,3.0,2.0,4.0,21.0,15.0,7.0,20.0,8.0,6.0,2.0,8.0,12.0,13.0,1.0,15.0,2.0,3.0,4.0,4.0,16.0,15.75
2026-06-07 10:00:00,10,6,1,17,5,3,198,18,9,10,2,78,16.0,13.0,18.0,9.0,4.0,4.0,6.0,2.0,18.0,17.0,16.0,13.0,6.0,7.0,7.0,3.0,13.0,12.0,10.0,10.0,2.0,2.0,2.0,2.0,15.833333333333334,16.083333333333332
2026-06-07 11:00:00,11,6,1,25,7,3,198,28,10,16,3,72,17.0,20.0,19.0,19.0,5.0,6.0,6.0,5.0,18.0,21.0,18.0,19.0,9.0,8.0,5.0,10.0,10.0,12.0,15.0,10.0,2.0,2.0,1.0,3.0,16.833333333333332,16.333333333333332
2026-06-07 12:00:00,12,6,1,23,6,12,198,24,7,11,2,73,25.0,16.0,10.0,20.0,7.0,4.0,3.0,5.0,28.0,18.0,15.0,12.0,10.0,6.0,6.0,3.0,16.0,13.0,13.0,7.0,3.0,2.0,3.0,1.0,19.0,16.458333333333332
2026-06-07 13:00:00,13,6,1,20,5,14,198,24,8,15,4,77,23.0,17.0,13.0,15.0,6.0,5.0,4.0,4.0,24.0,18.0,17.0,17.0,7.0,9.0,7.0,7.0,11.0,10.0,12.0,11.0,2.0,2.0,2.0,3.0,20.166666666666668,16.666666666666668
2026-06-07 14:00:00,14,6,1,18,5,4,198,16,7,9,1,70,20.0,25.0,20.0,19.0,5.0,7.0,6.0,5.0,24.0,28.0,21.0,20.0,8.0,10.0,8.0,8.0,15.0,16.0,12.0,13.0,4.0,3.0,2.0,2.0,19.833333333333332,16.625
2026-06-07 15:00:00,15,6,1,19,5,9,198,23,7,14,4,68,18.0,23.0,16.0,22.0,5.0,6.0,4.0,6.0,16.0,24.0,18.0,21.0,7.0,7.0,6.0,8.0,9.0,11.0,13.0,15.0,1.0,2.0,2.0,2.0,20.333333333333332,16.5
2026-06-07 16:00:00,16,6,1,27,8,7,198,28,11,13,2,75,19.0,20.0,17.0,18.0,5.0,5.0,5.0,5.0,23.0,24.0,18.0,15.0,7.0,8.0,9.0,4.0,14.0,15.0,10.0,10.0,4.0,4.0,2.0,2.0,22.0,16.875
2026-06-07 17:00:00,17,6,1,29,8,6,198,31,11,20,3,75,27.0,18.0,25.0,19.0,8.0,5.0,7.0,6.0,28.0,16.0,28.0,14.0,11.0,7.0,10.0,5.0,13.0,9.0,16.0,3.0,2.0,1.0,3.0,2.0,22.666666666666668,17.291666666666668
2026-06-07 18:00:00,18,6,1,20,6,7,198,23,4,9,3,72,29.0,19.0,23.0,21.0,8.0,5.0,6.0,6.0,31.0,23.0,24.0,21.0,11.0,7.0,7.0,4.0,20.0,14.0,11.0,10.0,3.0,4.0,2.0,3.0,22.166666666666668,17.25
2026-06-07 19:00:00,19,6,1,15,5,11,198,20,7,15,2,46,20.0,27.0,20.0,10.0,6.0,8.0,5.0,3.0,23.0,28.0,24.0,13.0,4.0,11.0,8.0,5.0,9.0,13.0,15.0,4.0,3.0,2.0,4.0,1.0,21.333333333333332,17.458333333333332
2026-06-07 20:00:00,20,6,1,19,6,9,198,22,7,15,3,46,15.0,29.0,18.0,25.0,5.0,8.0,5.0,8.0,20.0,31.0,16.0,28.0,7.0,11.0,7.0,10.0,15.0,20.0,9.0,18.0,2.0,3.0,1.0,2.0,21.5,17.208333333333332
2026-06-07 21:00:00,21,6,1,10,3,12,198,7,3,4,0,45,19.0,20.0,19.0,15.0,6.0,6.0,5.0,5.0,22.0,23.0,23.0,20.0,7.0,4.0,7.0,7.0,15.0,9.0,14.0,13.0,3.0,3.0,4.0,2.0,20.0,17.0
2026-06-07 22:00:00,22,6,1,15,5,9,198,17,7,12,1,50,10.0,15.0,27.0,15.0,3.0,5.0,8.0,5.0,7.0,20.0,28.0,12.0,3.0,7.0,11.0,0.0,4.0,15.0,13.0,8.0,0.0,2.0,2.0,1.0,18.0,17.0
2026-06-07 23:00:00,23,6,1,13,4,11,198,9,4,4,1,44,15.0,19.0,29.0,22.0,5.0,6.0,8.0,7.0,17.0,22.0,31.0,22.0,7.0,7.0,11.0,6.0,12.0,15.0,20.0,12.0,1.0,3.0,3.0,4.0,15.333333333333334,16.625
2026-06-08 00:00:00,0,0,0,11,4,16,198,11,7,7,3,47,13.0,10.0,20.0,10.0,4.0,3.0,6.0,3.0,9.0,7.0,23.0,12.0,4.0,3.0,4.0,3.0,4.0,4.0,9.0,9.0,1.0,0.0,3.0,1.0,13.833333333333334,16.666666666666668
2026-06-08 01:00:00,1,0,0,17,6,16,198,22,7,15,4,45,11.0,15.0,15.0,8.0,4.0,5.0,5.0,3.0,11.0,17.0,20.0,10.0,7.0,7.0,7.0,4.0,7.0,12.0,15.0,8.0,3.0,1.0,2.0,1.0,14.166666666666666,17.041666666666668
2026-06-08 02:00:00,2,0,0,9,3,12,198,18,7,5,5,44,17.0,13.0,19.0,8.0,6.0,4.0,6.0,3.0,22.0,9.0,22.0,10.0,7.0,4.0,7.0,4.0,15.0,4.0,15.0,4.0,4.0,1.0,3.0,1.0,12.5,17.083333333333332
2026-06-08 03:00:00,3,0,0,18,6,8,198,20,8,12,5,51,9.0,11.0,10.0,7.0,3.0,4.0,3.0,2.0,18.0,11.0,7.0,7.0,7.0,7.0,3.0,2.0,5.0,7.0,4.0,1.0,5.0,3.0,0.0,4.0,13.833333333333334,17.541666666666668
2026-06-08 04:00:00,4,0,0,14,4,8,198,19,6,12,5,46,18.0,17.0,15.0,18.0,6.0,6.0,5.0,6.0,20.0,22.0,17.0,16.0,8.0,7.0,7.0,7.0,12.0,15.0,12.0,10.0,5.0,4.0,1.0,2.0,13.666666666666666,17.375
2026-06-08 05:00:00,5,0,0,15,5,8,198,18,7,11,4,49,14.0,9.0,13.0,19.0,4.0,3.0,4.0,6.0,19.0,18.0,9.0,18.0,6.0,7.0,4.0,5.0,12.0,5.0,4.0,15.0,5.0,5.0,1.0,1.0,14.0,17.208333333333332
2026-06-08 06:00:00,6,0,0,21,6,7,198,25,8,18,5,43,15.0,18.0,11.0,10.0,5.0,6.0,4.0,3.0,18.0,20.0,11.0,15.0,7.0,8.0,7.0,6.0,11.0,12.0,7.0,13.0,4.0,5.0,3.0,3.0,15.666666666666666,17.666666666666668
2026-06-08 07:00:00,7,0,0,17,5,5,198,26,8,14,5,72,21.0,14.0,17.0,13.0,6.0,4.0,6.0,4.0,25.0,19.0,22.0,17.0,8.0,6.0,7.0,7.0,18.0,12.0,15.0,12.0,5.0,5.0,4.0,2.0,15.666666666666666,17.833333333333332
2026-06-08 08:00:00,8,0,0,13,4,6,198,23,6,13,6,76,17.0,15.0,9.0,20.0,5.0,5.0,3.0,6.0,26.0,18.0,18.0,21.0,8.0,7.0,7.0,8.0,14.0,11.0,5.0,12.0,5.0,4.0,5.0,2.0,16.333333333333332,17.541666666666668
2026-06-08 09:00:00,9,0,0,11,3,8,198,19,7,8,6,82,13.0,21.0,18.0,16.0,4.0,6.0,6.0,4.0,23.0,25.0,20.0,18.0,6.0,8.0,8.0,6.0,13.0,18.0,12.0,13.0,6.0,5.0,5.0,2.0,15.166666666666666,17.333333333333332
2026-06-08 10:00:00,10,0,0,14,4,4,198,19,7,15,5,68,11.0,17.0,14.0,17.0,3.0,5.0,4.0,5.0,19.0,26.0,19.0,18.0,7.0,8.0,6.0,9.0,8.0,14.0,12.0,10.0,6.0,5.0,5.0,2.0,15.166666666666666,17.208333333333332
2026-06-08 11:00:00,11,0,0,25,7,11,198,24,10,14,4,73,14.0,13.0,15.0,25.0,4.0,4.0,5.0,7.0,19.0,23.0,18.0,28.0,7.0,6.0,7.0,10.0,15.0,13.0,11.0,16.0,5.0,6.0,4.0,3.0,16.833333333333332,17.208333333333332
2026-06-08 12:00:00,12,0,0,34,9,8,198,42,15,25,5,75,25.0,11.0,21.0,23.0,7.0,3.0,6.0,6.0,24.0,19.0,25.0,24.0,10.0,7.0,8.0,7.0,14.0,8.0,18.0,11.0,4.0,6.0,5.0,2.0,19.0,17.666666666666668
2026-06-08 13:00:00,13,0,0,19,5,6,198,26,8,16,5,72,34.0,14.0,17.0,20.0,9.0,4.0,5.0,5.0,42.0,19.0,26.0,24.0,15.0,7.0,8.0,8.0,25.0,15.0,14.0,15.0,5.0,5.0,5.0,4.0,19.333333333333332,17.625
2026-06-08 14:00:00,14,0,0,14,4,11,198,18,4,12,5,77,19.0,25.0,13.0,18.0,5.0,7.0,4.0,5.0,26.0,24.0,23.0,16.0,8.0,10.0,6.0,7.0,16.0,14.0,13.0,9.0,5.0,4.0,6.0,1.0,19.5,17.458333333333332
2026-06-08 15:00:00,15,0,0,24,7,11,198,33,12,21,6,71,14.0,34.0,11.0,19.0,4.0,9.0,3.0,5.0,18.0,42.0,19.0,23.0,4.0,15.0,7.0,7.0,12.0,25.0,8.0,14.0,5.0,5.0,6.0,4.0,21.666666666666668,17.666666666666668
2026-06-08 16:00:00,16,0,0,21,6,8,198,28,11,23,6,74,24.0,19.0,14.0,27.0,7.0,5.0,4.0,8.0,33.0,26.0,19.0,28.0,12.0,8.0,7.0,11.0,21.0,16.0,15.0,13.0,6.0,5.0,5.0,2.0,22.833333333333332,17.416666666666668
2026-06-08 17:00:00,17,0,0,11,3,10,198,19,7,13,6,72,21.0,14.0,25.0,29.0,6.0,4.0,7.0,8.0,28.0,18.0,24.0,31.0,11.0,4.0,10.0,11.0,23.0,12.0,14.0,20.0,6.0,5.0,4.0,3.0,20.5,16.666666666666668
2026-06-08 18:00:00,18,0,0,20,6,10,198,29,11,17,6,78,11.0,24.0,34.0,20.0,3.0,7.0,9.0,6.0,19.0,33.0,42.0,23.0,7.0,12.0,15.0,4.0,13.0,21.0,25.0,9.0,6.0,6.0,5.0,3.0,18.166666666666668,16.666666666666668
2026-06-08 19:00:00,19,0,0,17,5,16,198,22,7,13,6,46,20.0,21.0,19.0,15.0,6.0,6.0,5.0,5.0,29.0,28.0,26.0,20.0,11.0,11.0,8.0,7.0,17.0,23.0,16.0,15.0,6.0,6.0,5.0,2.0,17.833333333333332,16.75
2026-06-08 20:00:00,20,0,0,18,6,16,198,23,7,13,5,47,17.0,11.0,14.0,19.0,5.0,3.0,4.0,6.0,22.0,19.0,18.0,22.0,7.0,7.0,4.0,7.0,13.0,13.0,12.0,15.0,6.0,6.0,5.0,3.0,18.5,16.708333333333332
2026-06-08 21:00:00,21,0,0,19,6,12,198,23,7,11,4,51,18.0,20.0,24.0,10.0,6.0,6.0,7.0,3.0,23.0,29.0,33.0,7.0,7.0,11.0,12.0,3.0,13.0,17.0,21.0,4.0,5.0,6.0,6.0,0.0,17.666666666666668,17.083333333333332
2026-06-08 22:00:00,22,0,0,19,6,8,198,20,7,12,3,45,19.0,17.0,21.0,15.0,6.0,5.0,6.0,5.0,23.0,22.0,28.0,17.0,7.0,7.0,11.0,7.0,11.0,13.0,23.0,12.0,4.0,6.0,6.0,1.0,17.333333333333332,17.25
2026-06-08 23:00:00,23,0,0,14,5,12,198,21,7,15,4,48,19.0,18.0,11.0,13.0,6.0,6.0,3.0,4.0,20.0,23.0,19.0,9.0,7.0,7.0,7.0,4.0,12.0,13.0,13.0,4.0,3.0,5.0,6.0,1.0,17.833333333333332,17.291666666666668
2026-06-09 00:00:00,0,1,0,18,6,12,198,29,10,17,5,43,14.0,19.0,20.0,11.0,5.0,6.0,6.0,4.0,21.0,23.0,29.0,11.0,7.0,7.0,11.0,7.0,15.0,11.0,17.0,7.0,4.0,4.0,6.0,3.0,17.5,17.583333333333332
2026-06-09 01:00:00,1,1,0,17,6,8,198,19,7,10,4,45,18.0,19.0,17.0,17.0,6.0,6.0,5.0,6.0,29.0,20.0,22.0,22.0,10.0,7.0,7.0,7.0,17.0,12.0,13.0,15.0,5.0,3.0,6.0,4.0,17.5,17.583333333333332
2026-06-09 02:00:00,2,1,0,22,7,12,198,21,7,16,4,49,17.0,14.0,18.0,9.0,6.0,5.0,6.0,3.0,19.0,21.0,23.0,18.0,7.0,7.0,7.0,7.0,10.0,15.0,13.0,5.0,4.0,4.0,5.0,5.0,18.166666666666668,18.125
2026-06-09 03:00:00,3,1,0,6,2,8,198,8,2,2,5,45,22.0,18.0,19.0,18.0,7.0,6.0,6.0,6.0,21.0,29.0,23.0,20.0,7.0,10.0,7.0,8.0,16.0,17.0,11.0,12.0,4.0,5.0,4.0,5.0,16.0,17.625
2026-06-09 04:00:00,4,1,0,14,4,11,198,20,8,8,5,46,6.0,17.0,19.0,14.0,2.0,6.0,6.0,4.0,8.0,19.0,20.0,19.0,2.0,7.0,7.0,6.0,2.0,10.0,12.0,12.0,5.0,4.0,3.0,5.0,15.166666666666666,17.625
2026-06-09 05:00:00,5,1,0,17,5,9,198,18,6,9,3,49,14.0,22.0,14.0,15.0,4.0,7.0,5.0,5.0,20.0,21.0,21.0,18.0,8.0,7.0,7.0,7.0,8.0,16.0,15.0,11.0,5.0,4.0,4.0,4.0,15.666666666666666,17.708333333333332
2026-06-09 06:00:00,6,1,0,22,7,11,198,28,9,14,5,46,17.0,6.0,18.0,21.0,5.0,2.0,6.0,6.0,18.0,8.0,29.0,25.0,6.0,2.0,10.0,8.0,9.0,2.0,17.0,18.0,3.0,5.0,5.0,5.0,16.333333333333332,17.75
2026-06-09 07:00:00,7,1,0,17,5,7,198,25,7,16,6,76,22.0,14.0,17.0,17.0,7.0,4.0,6.0,5.0,28.0,20.0,19.0,26.0,9.0,8.0,7.0,8.0,14.0,8.0,10.0,14.0,5.0,5.0,4.0,5.0,16.333333333333332,17.75
2026-06-09 08:00:00,8,1,0,24,7,9,198,22,6,13,4,75,17.0,17.0,22.0,13.0,5.0,5.0,7.0,4.0,25.0,18.0,21.0,23.0,7.0,6.0,7.0,6.0,16.0,9.0,16.0,13.0,6.0,3.0,4.0,6.0,16.666666666666668,18.208333333333332
2026-06-09 09:00:00,9,1,0,19,5,11,198,18,8,11,4,75,24.0,22.0,6.0,11.0,7.0,7.0,2.0,3.0,22.0,28.0,8.0,19.0,6.0,9.0,2.0,7.0,13.0,14.0,2.0,8.0,4.0,5.0,5.0,6.0,18.833333333333332,18.541666666666668
2026-06-09 10:00:00,10,1,0,31,8,10,198,37,13,25,6,78,19.0,17.0,14.0,14.0,5.0,5.0,4.0,4.0,18.0,25.0,20.0,19.0,8.0,7.0,8.0,7.0,11.0,16.0,8.0,15.0,4.0,6.0,5.0,5.0,21.666666666666668,19.25
2026-06-09 11:00:00,11,1,0,17,4,7,198,23,5,13,5,75,31.0,24.0,17.0,25.0,8.0,7.0,5.0,7.0,37.0,22.0,18.0,24.0,13.0,6.0,6.0,10.0,25.0,13.0,9.0,14.0,6.0,4.0,3.0,4.0,21.666666666666668,18.916666666666668
2026-06-09 12:00:00,12,1,0,24,6,4,198,24,9,16,3,79,17.0,19.0,22.0,34.0,4.0,5.0,7.0,9.0,23.0,18.0,28.0,42.0,5.0,8.0,9.0,15.0,13.0,11.0,14.0,25.0,5.0,4.0,5.0,5.0,22.0,18.5
2026-06-09 13:00:00,13,1,0,16,4,8,198,15,7,12,4,77,24.0,31.0,17.0,19.0,6.0,8.0,5.0,5.0,24.0,37.0,25.0,26.0,9.0,13.0,7.0,8.0,16.0,25.0,16.0,16.0,3.0,6.0,6.0,5.0,21.833333333333332,18.375
2026-06-09 14:00:00,14,1,0,23,6,13,198,29,10,17,5,72,16.0,17.0,24.0,14.0,4.0,4.0,7.0,4.0,15.0,23.0,22.0,18.0,7.0,5.0,6.0,4.0,12.0,13.0,13.0,12.0,4.0,5.0,4.0,5.0,21.666666666666668,18.75
2026-06-09 15:00:00,15,1,0,23,6,11,198,32,13,21,5,78,23.0,24.0,19.0,24.0,6.0,6.0,5.0,7.0,29.0,24.0,18.0,33.0,10.0,9.0,8.0,12.0,17.0,16.0,11.0,21.0,5.0,3.0,4.0,6.0,22.333333333333332,18.708333333333332
2026-06-09 16:00:00,16,1,0,23,6,13,198,29,10,17,5,75,23.0,16.0,31.0,21.0,6.0,4.0,8.0,6.0,32.0,15.0,37.0,28.0,13.0,7.0,13.0,11.0,21.0,12.0,25.0,23.0,5.0,4.0,6.0,6.0,21.0,18.791666666666668
2026-06-09 17:00:00,17,1,0,28,8,10,198,31,9,21,6,73,23.0,23.0,17.0,11.0,6.0,6.0,4.0,3.0,29.0,29.0,23.0,19.0,10.0,10.0,5.0,7.0,17.0,17.0,13.0,13.0,5.0,5.0,5.0,6.0,22.833333333333332,19.5
2026-06-09 18:00:00,18,1,0,15,4,18,198,25,9,12,7,75,28.0,23.0,24.0,20.0,8.0,6.0,6.0,6.0,31.0,32.0,24.0,29.0,9.0,13.0,9.0,11.0,21.0,21.0,16.0,17.0,6.0,5.0,3.0,6.0,21.333333333333332,19.291666666666668
2026-06-09 19:00:00,19,1,0,23,7,9,198,24,9,12,5,51,15.0,23.0,16.0,17.0,4.0,6.0,4.0,5.0,25.0,29.0,15.0,22.0,9.0,10.0,7.0,7.0,12.0,17.0,12.0,13.0,7.0,5.0,4.0,6.0,22.5,19.541666666666668.
2026-06-09 20:00:00,20,1,0,22,7,16,198,32,10,19,6,49,23.0,28.0,23.0,18.0,7.0,8.0,6.0,6.0,24.0,31.0,29.0,23.0,9.0,9.0,10.0,7.0,12.0,21.0,17.0,13.0,5.0,6.0,5.0,5.0,22.333333333333332,19.708333333333332
2026-06-09 21:00:00,21,1,0,12,4,10,198,21,8,11,6,53,22.0,15.0,23.0,19.0,7.0,4.0,6.0,6.0,32.0,25.0,32.0,23.0,10.0,9.0,13.0,7.0,19.0,12.0,21.0,11.0,6.0,7.0,5.0,4.0,20.5,19.416666666666668
2026-06-09 22:00:00,22,1,0,15,5,14,198,18,4,10,6,51,12.0,23.0,23.0,19.0,4.0,7.0,6.0,6.0,21.0,24.0,29.0,20.0,8.0,9.0,10.0,7.0,11.0,12.0,17.0,12.0,6.0,5.0,5.0,3.0,19.166666666666668,19.25
2026-06-09 23:00:00,23,1,0,15,5,11,198,20,8,12,5,50,15.0,22.0,28.0,14.0,5.0,7.0,8.0,5.0,18.0,32.0,31.0,21.0,4.0,10.0,9.0,7.0,10.0,19.0,21.0,15.0,6.0,6.0,6.0,4.0,17.0,19.291666666666668
2026-06-10 00:00:00,0,2,0,22,7,12,198,25,7,17,3,45,15.0,12.0,15.0,18.0,5.0,4.0,4.0,6.0,20.0,21.0,25.0,29.0,8.0,8.0,9.0,10.0,12.0,11.0,12.0,17.0,5.0,6.0,7.0,5.0,18.166666666666668,19.458333333333332
2026-06-10 01:00:00,1,2,0,15,5,15,198,20,5,12,5,47,22.0,15.0,23.0,17.0,7.0,5.0,7.0,6.0,25.0,18.0,24.0,19.0,7.0,4.0,9.0,7.0,17.0,10.0,12.0,10.0,3.0,6.0,5.0,4.0,16.833333333333332,19.375
2026-06-10 02:00:00,2,2,0,14,5,6,198,20,7,11,5,48,15.0,15.0,22.0,22.0,5.0,5.0,7.0,7.0,20.0,20.0,32.0,21.0,5.0,8.0,10.0,7.0,12.0,12.0,19.0,16.0,5.0,5.0,6.0,4.0,15.5,19.041666666666668
2026-06-10 03:00:00,3,2,0,15,5,13,198,16,6,9,4,50,14.0,22.0,12.0,6.0,5.0,7.0,4.0,2.0,20.0,25.0,21.0,8.0,7.0,7.0,8.0,2.0,11.0,17.0,11.0,2.0,5.0,3.0,6.0,5.0,16.0,19.416666666666668
2026-06-10 04:00:00,4,2,0,15,5,11,198,25,9,14,6,50,15.0,15.0,15.0,14.0,5.0,5.0,5.0,4.0,16.0,20.0,18.0,20.0,6.0,5.0,4.0,8.0,9.0,12.0,10.0,8.0,4.0,5.0,6.0,5.0,16.0,19.458333333333332
2026-06-10 05:00:00,5,2,0,18,6,8,198,22,7,12,5,49,15.0,14.0,15.0,17.0,5.0,5.0,5.0,5.0,25.0,20.0,20.0,18.0,9.0,7.0,8.0,6.0,14.0,11.0,12.0,9.0,6.0,5.0,5.0,3.0,16.5,19.5
2026-06-10 06:00:00,6,2,0,10,3,6,198,11,3,4,5,48,18.0,15.0,22.0,22.0,6.0,5.0,7.0,7.0,22.0,16.0,25.0,28.0,7.0,6.0,7.0,9.0,12.0,9.0,17.0,14.0,5.0,4.0,3.0,5.0,14.5,19.0
2026-06-10 07:00:00,7,2,0,12,3,12,198,19,5,12,6,76,10.0,15.0,15.0,17.0,3.0,5.0,5.0,5.0,11.0,25.0,20.0,25.0,3.0,9.0,5.0,7.0,4.0,14.0,12.0,16.0,5.0,6.0,5.0,6.0,14.0,18.791666666666668
2026-06-10 08:00:00,8,2,0,13,4,10,198,22,7,13,5,71,12.0,18.0,14.0,24.0,3.0,6.0,5.0,7.0,19.0,22.0,20.0,22.0,5.0,7.0,7.0,6.0,12.0,12.0,11.0,13.0,6.0,5.0,5.0,4.0,13.833333333333334,18.333333333333332
2026-06-10 09:00:00,9,2,0,15,4,9,198,17,7,12,3,79,13.0,10.0,15.0,19.0,4.0,3.0,5.0,5.0,22.0,11.0,16.0,18.0,7.0,3.0,6.0,8.0,13.0,4.0,9.0,11.0,5.0,5.0,4.0,4.0,13.833333333333334,18.166666666666668
2026-06-10 10:00:00,10,2,0,28,7,9,198,38,13,21,5,68,15.0,12.0,15.0,31.0,4.0,3.0,5.0,8.0,17.0,19.0,25.0,37.0,7.0,5.0,9.0,13.0,12.0,12.0,14.0,25.0,3.0,6.0,6.0,6.0,16.0,18.041666666666668
2026-06-10 11:00:00,11,2,0,24,6,7,198,34,13,20,7,78,28.0,13.0,18.0,17.0,7.0,4.0,6.0,4.0,38.0,22.0,22.0,23.0,13.0,7.0,7.0,5.0,21.0,13.0,12.0,13.0,5.0,5.0,5.0,5.0,17.0,18.333333333333332
2026-06-10 12:00:00,12,2,0,17,4,10,198,24,10,19,5,74,24.0,15.0,10.0,24.0,6.0,4.0,3.0,6.0,34.0,17.0,11.0,24.0,13.0,7.0,3.0,9.0,20.0,12.0,4.0,16.0,7.0,3.0,5.0,3.0,18.166666666666668,18.041666666666668
2026-06-10 13:00:00,13,2,0,17,4,7,198,23,7,12,5,77,17.0,28.0,12.0,16.0,4.0,7.0,3.0,4.0,24.0,38.0,19.0,15.0,10.0,13.0,5.0,7.0,19.0,21.0,12.0,12.0,5.0,5.0,6.0,4.0,19.0,18.083333333333332
2026-06-10 14:00:00,14,2,0,17,5,8,198,23,8,14,5,75,17.0,24.0,13.0,23.0,4.0,6.0,4.0,6.0,23.0,34.0,22.0,29.0,7.0,13.0,7.0,10.0,12.0,20.0,13.0,17.0,5.0,7.0,5.0,5.0,19.666666666666668,17.833333333333332
2026-06-10 15:00:00,15,2,0,16,4,7,198,26,12,14,8,75,17.0,17.0,15.0,23.0,5.0,4.0,4.0,6.0,23.0,24.0,17.0,32.0,8.0,10.0,7.0,13.0,14.0,19.0,12.0,21.0,5.0,5.0,3.0,5.0,19.833333333333332,17.541666666666668
2026-06-10 16:00:00,16,2,0,17,5,6,198,25,11,13,7,76,16.0,17.0,28.0,23.0,4.0,4.0,7.0,6.0,26.0,23.0,38.0,29.0,12.0,7.0,13.0,10.0,14.0,12.0,21.0,17.0,8.0,5.0,5.0,5.0,18.0,17.291666666666668
2026-06-10 17:00:00,17,2,0,21,6,8,198,28,7,20,5,76,17.0,17.0,24.0,28.0,5.0,5.0,6.0,8.0,25.0,23.0,34.0,31.0,11.0,8.0,13.0,9.0,13.0,14.0,20.0,21.0,7.0,5.0,7.0,6.0,17.5,17.0
2026-06-10 18:00:00,18,2,0,22,7,17,198,26,10,16,6,73,21.0,16.0,17.0,15.0,6.0,4.0,4.0,4.0,28.0,26.0,24.0,25.0,7.0,12.0,10.0,9.0,20.0,14.0,19.0,12.0,5.0,8.0,5.0,7.0,18.333333333333332,17.291666666666668
2026-06-10 19:00:00,19,2,0,11,3,12,198,15,5,10,5,51,22.0,17.0,17.0,23.0,7.0,5.0,4.0,7.0,26.0,25.0,23.0,24.0,10.0,11.0,7.0,9.0,16.0,13.0,12.0,12.0,6.0,7.0,5.0,5.0,17.333333333333332,16.791666666666668
2026-06-10 20:00:00,20,2,0,23,7,8,198,26,10,13,6,45,11.0,21.0,17.0,22.0,3.0,6.0,5.0,7.0,15.0,28.0,23.0,32.0,5.0,7.0,8.0,10.0,10.0,20.0,14.0,19.0,5.0,5.0,5.0,6.0,18.333333333333332,16.833333333333332
2026-06-10 21:00:00,21,2,0,13,4,9,198,27,8,17,6,48,23.0,22.0,16.0,12.0,7.0,7.0,4.0,4.0,26.0,26.0,26.0,21.0,10.0,10.0,12.0,8.0,13.0,16.0,14.0,11.0,6.0,6.0,8.0,6.0,17.833333333333332,16.875
2026-06-10 22:00:00,22,2,0,15,5,7,198,25,7,18,6,51,13.0,11.0,17.0,15.0,4.0,3.0,5.0,5.0,27.0,15.0,25.0,18.0,8.0,5.0,11.0,4.0,17.0,10.0,13.0,10.0,6.0,5.0,7.0,6.0,17.5,16.875
2026-06-10 23:00:00,23,2,0,18,6,12,198,25,8,18,5,51,15.0,23.0,21.0,15.0,5.0,7.0,6.0,5.0,25.0,26.0,28.0,20.0,7.0,10.0,7.0,8.0,18.0,13.0,20.0,12.0,6.0,6.0,5.0,5.0,17.0,17.0
2026-06-11 00:00:00,0,3,0,15,5,8,198,21,6,14,7,49,18.0,13.0,22.0,22.0,6.0,4.0,7.0,7.0,25.0,27.0,26.0,25.0,8.0,8.0,10.0,7.0,18.0,17.0,16.0,17.0,5.0,6.0,6.0,3.0,15.833333333333334,16.708333333333332
2026-06-11 01:00:00,1,3,0,15,5,13,198,20,8,10,3,47,15.0,15.0,11.0,15.0,5.0,5.0,3.0,5.0,21.0,25.0,15.0,20.0,6.0,7.0,5.0,5.0,14.0,18.0,10.0,12.0,7.0,6.0,5.0,5.0,16.5,16.708333333333332
2026-06-11 02:00:00,2,3,0,9,3,13,198,12,2,8,3,51,15.0,18.0,23.0,14.0,5.0,6.0,7.0,5.0,20.0,25.0,26.0,20.0,8.0,8.0,10.0,7.0,10.0,18.0,13.0,11.0,3.0,5.0,6.0,5.0,14.166666666666666,16.5
2026-06-11 03:00:00,3,3,0,15,5,4,198,20,6,14,4,46,9.0,15.0,13.0,15.0,3.0,5.0,4.0,5.0,12.0,21.0,27.0,16.0,2.0,6.0,8.0,6.0,8.0,14.0,17.0,9.0,3.0,7.0,6.0,4.0,14.5,16.5
2026-06-11 04:00:00,4,3,0,13,4,13,198,13,2,4,3,53,15.0,15.0,15.0,15.0,5.0,5.0,5.0,5.0,20.0,20.0,25.0,25.0,6.0,8.0,7.0,9.0,14.0,10.0,18.0,14.0,4.0,3.0,6.0,6.0,14.166666666666666,16.416666666666668
2026-06-11 05:00:00,5,3,0,12,4,9,198,16,7,8,3,48,13.0,9.0,18.0,18.0,4.0,3.0,6.0,6.0,13.0,12.0,25.0,22.0,2.0,2.0,8.0,7.0,4.0,8.0,18.0,12.0,3.0,3.0,5.0,5.0,13.166666666666666,16.166666666666668
2026-06-11 06:00:00,6,3,0,18,5,8,198,19,9,14,3,43,12.0,15.0,15.0,10.0,4.0,5.0,5.0,3.0,16.0,20.0,21.0,11.0,7.0,6.0,6.0,3.0,8.0,14.0,14.0,4.0,3.0,4.0,7.0,5.0,13.666666666666666,16.5
2026-06-11 07:00:00,7,3,0,22,6,12,198,23,7,16,4,70,18.0,13.0,15.0,12.0,5.0,4.0,5.0,3.0,19.0,13.0,20.0,19.0,9.0,2.0,8.0,5.0,14.0,4.0,10.0,12.0,3.0,3.0,3.0,6.0,14.833333333333334,16.916666666666668
2026-06-11 08:00:00,8,3,0,12,3,10,198,19,6,9,4,74,22.0,12.0,9.0,13.0,6.0,4.0,3.0,4.0,23.0,16.0,12.0,22.0,7.0,7.0,2.0,7.0,16.0,8.0,8.0,13.0,4.0,3.0,3.0,5.0,15.333333333333334,16.875
2026-06-11 09:00:00,9,3,0,21,6,10,198,23,9,16,6,74,12.0,18.0,15.0,15.0,3.0,5.0,5.0,4.0,19.0,19.0,20.0,17.0,6.0,9.0,6.0,7.0,9.0,14.0,14.0,12.0,4.0,3.0,4.0,3.0,16.333333333333332,17.125
2026-06-11 10:00:00,10,3,0,20,5,4,198,27,11,17,5,80,21.0,22.0,13.0,28.0,6.0,6.0,4.0,7.0,23.0,23.0,13.0,38.0,9.0,7.0,2.0,13.0,16.0,16.0,4.0,21.0,6.0,4.0,3.0,5.0,17.5,16.791666666666668
2026-06-11 11:00:00,11,3,0,18,5,6,198,26,9,18,5,71,20.0,12.0,12.0,24.0,5.0,3.0,4.0,6.0,27.0,19.0,16.0,34.0,11.0,6.0,7.0,13.0,17.0,9.0,8.0,20.0,5.0,4.0,3.0,7.0,18.5,16.541666666666668
2026-06-11 12:00:00,12,3,0,24,6,6,198,28,8,16,6,74,18.0,21.0,18.0,17.0,5.0,6.0,5.0,4.0,26.0,23.0,19.0,24.0,9.0,9.0,9.0,10.0,18.0,16.0,14.0,19.0,5.0,6.0,3.0,5.0,19.5,16.833333333333332
2026-06-11 13:00:00,13,3,0,24,6,7,198,26,6,17,5,71,24.0,20.0,22.0,17.0,6.0,5.0,6.0,4.0,28.0,27.0,23.0,23.0,8.0,11.0,7.0,7.0,16.0,17.0,16.0,12.0,6.0,5.0,4.0,5.0,19.833333333333332,17.125
2026-06-11 14:00:00,14,3,0,15,4,11,198,21,5,15,5,73,24.0,18.0,12.0,17.0,6.0,5.0,3.0,5.0,26.0,26.0,19.0,23.0,6.0,9.0,6.0,8.0,17.0,18.0,9.0,14.0,5.0,5.0,4.0,5.0,20.333333333333332,17.041666666666668
2026-06-11 15:00:00,15,3,0,18,5,8,198,26,9,15,6,79,15.0,24.0,21.0,16.0,4.0,6.0,6.0,4.0,21.0,28.0,23.0,26.0,5.0,8.0,9.0,12.0,15.0,16.0,16.0,14.0,5.0,6.0,6.0,8.0,19.833333333333332,17.125
2026-06-11 16:00:00,16,3,0,17,5,7,198,21,6,13,4,71,18.0,24.0,20.0,17.0,5.0,6.0,5.0,5.0,26.0,26.0,27.0,25.0,9.0,6.0,11.0,11.0,15.0,17.0,17.0,13.0,6.0,5.0,5.0,7.0,19.333333333333332,17.125
2026-06-11 17:00:00,17,3,0,13,4,12,198,17,6,9,3,76,17.0,15.0,18.0,21.0,5.0,4.0,5.0,6.0,21.0,21.0,26.0,28.0,6.0,5.0,9.0,7.0,13.0,15.0,18.0,20.0,4.0,5.0,5.0,5.0,18.5,16.791666666666668
2026-06-11 18:00:00,18,3,0,14,4,10,198,27,8,20,6,75,13.0,18.0,24.0,22.0,4.0,5.0,6.0,7.0,17.0,26.0,28.0,26.0,6.0,9.0,8.0,10.0,9.0,15.0,16.0,16.0,3.0,6.0,6.0,6.0,16.833333333333332,16.458333333333332
2026-06-11 19:00:00,19,3,0,24,7,12,198,29,8,18,6,48,14.0,17.0,24.0,11.0,4.0,5.0,6.0,3.0,27.0,21.0,26.0,15.0,8.0,6.0,6.0,5.0,20.0,13.0,17.0,10.0,6.0,4.0,5.0,5.0,16.833333333333332,17.0
2026-06-11 20:00:00,20,3,0,14,4,14,198,19,5,10,7,50,24.0,13.0,15.0,23.0,7.0,4.0,4.0,7.0,29.0,17.0,21.0,26.0,8.0,6.0,5.0,10.0,18.0,9.0,15.0,13.0,6.0,3.0,5.0,6.0,16.666666666666668,16.625
2026-06-11 21:00:00,21,3,0,25,8,16,198,32,13,18,5,45,14.0,14.0,18.0,13.0,4.0,4.0,5.0,4.0,19.0,27.0,26.0,27.0,5.0,8.0,9.0,8.0,10.0,20.0,15.0,17.0,7.0,6.0,6.0,6.0,17.833333333333332,17.125
2026-06-11 22:00:00,22,3,0,18,6,8,198,31,12,19,6,53,25.0,24.0,17.0,15.0,8.0,7.0,5.0,5.0,32.0,29.0,21.0,25.0,13.0,8.0,6.0,7.0,18.0,18.0,13.0,18.0,5.0,6.0,4.0,6.0,18.0,17.25
2026-06-11 23:00:00,23,3,0,19,6,12,198,24,11,16,4,54,18.0,14.0,13.0,18.0,6.0,4.0,4.0,6.0,31.0,19.0,17.0,25.0,12.0,5.0,6.0,8.0,19.0,10.0,9.0,18.0,6.0,7.0,3.0,5.0,19.0,17.291666666666668
2026-06-12 00:00:00,0,4,0,13,4,13,198,16,6,7,5,48,19.0,25.0,14.0,15.0,6.0,8.0,4.0,5.0,24.0,32.0,27.0,21.0,11.0,13.0,8.0,6.0,16.0,18.0,20.0,14.0,4.0,5.0,6.0,7.0,18.833333333333332,17.208333333333332
2026-06-12 01:00:00,1,4,0,15,5,10,198,23,7,18,6,55,13.0,18.0,24.0,15.0,4.0,6.0,7.0,5.0,16.0,31.0,29.0,20.0,6.0,12.0,8.0,8.0,7.0,19.0,18.0,10.0,5.0,6.0,6.0,3.0,17.333333333333332,17.208333333333332
2026-06-12 02:00:00,2,4,0,9,3,6,198,8,5,6,2,47,15.0,19.0,14.0,9.0,5.0,6.0,4.0,3.0,23.0,24.0,19.0,12.0,7.0,11.0,5.0,2.0,18.0,16.0,10.0,8.0,6.0,4.0,7.0,3.0,16.5,17.208333333333332
2026-06-12 03:00:00,3,4,0,12,4,13,198,21,7,14,5,49,9.0,13.0,25.0,15.0,3.0,4.0,8.0,5.0,8.0,16.0,32.0,20.0,5.0,6.0,13.0,6.0,6.0,7.0,18.0,14.0,2.0,5.0,5.0,4.0,14.333333333333334,17.083333333333332
2026-06-12 04:00:00,4,4,0,11,4,7,198,15,6,9,6,52,12.0,15.0,18.0,13.0,4.0,5.0,6.0,4.0,21.0,23.0,31.0,13.0,7.0,7.0,12.0,2.0,14.0,18.0,19.0,4.0,5.0,6.0,6.0,3.0,13.166666666666666,17.0
2026-06-12 05:00:00,5,4,0,16,5,15,198,21,7,13,5,47,11.0,9.0,19.0,12.0,4.0,3.0,6.0,4.0,15.0,8.0,24.0,16.0,6.0,5.0,11.0,7.0,9.0,6.0,16.0,8.0,6.0,2.0,4.0,3.0,12.666666666666666,17.166666666666668
2026-06-12 06:00:00,6,4,0,15,4,11,198,20,2,12,6,44,16.0,12.0,13.0,18.0,5.0,4.0,4.0,5.0,21.0,21.0,16.0,19.0,7.0,7.0,6.0,9.0,13.0,14.0,7.0,14.0,5.0,5.0,5.0,3.0,13.0,17.041666666666668
2026-06-12 07:00:00,7,4,0,15,4,9,198,20,9,14,4,69,15.0,11.0,15.0,22.0,4.0,4.0,5.0,6.0,20.0,15.0,23.0,23.0,2.0,6.0,7.0,7.0,12.0,9.0,18.0,16.0,6.0,6.0,6.0,4.0,13.0,16.75
2026-06-12 08:00:00,8,4,0,15,4,7,198,20,7,12,5,80,15.0,16.0,9.0,12.0,4.0,5.0,3.0,3.0,20.0,21.0,8.0,19.0,9.0,7.0,5.0,6.0,14.0,13.0,6.0,9.0,4.0,5.0,2.0,4.0,14.0,16.875
2026-06-12 09:00:00,9,4,0,23,6,4,198,29,10,20,5,72,15.0,15.0,12.0,21.0,4.0,4.0,4.0,6.0,20.0,20.0,21.0,23.0,7.0,2.0,7.0,9.0,12.0,12.0,14.0,16.0,5.0,6.0,5.0,6.0,15.833333333333334,16.958333333333332
2026-06-12 10:00:00,10,4,0,20,5,8,198,22,7,13,3,73,23.0,15.0,11.0,20.0,6.0,4.0,4.0,5.0,29.0,20.0,15.0,27.0,10.0,9.0,6.0,11.0,20.0,14.0,9.0,17.0,5.0,4.0,6.0,5.0,17.333333333333332,16.958333333333332
2026-06-12 11:00:00,11,4,0,19,5,6,198,20,7,13,4,71,20.0,15.0,16.0,18.0,5.0,4.0,5.0,5.0,22.0,20.0,21.0,26.0,7.0,7.0,7.0,9.0,13.0,12.0,13.0,18.0,3.0,5.0,5.0,5.0,17.833333333333332,17.0
2026-06-12 12:00:00,12,4,0,31,8,6,198,35,11,20,4,77,19.0,23.0,15.0,24.0,5.0,6.0,4.0,6.0,20.0,29.0,20.0,28.0,7.0,10.0,2.0,8.0,13.0,20.0,12.0,16.0,4.0,5.0,6.0,6.0,20.5,17.291666666666668
2026-06-12 13:00:00,13,4,0,23,6,8,198,30,11,21,6,72,31.0,20.0,15.0,24.0,8.0,5.0,4.0,6.0,35.0,22.0,20.0,26.0,11.0,7.0,9.0,6.0,20.0,13.0,14.0,17.0,4.0,3.0,4.0,5.0,21.833333333333332,17.25
2026-06-12 14:00:00,14,4,0,18,5,11,198,24,6,13,7,73,23.0,19.0,15.0,15.0,6.0,5.0,4.0,4.0,30.0,20.0,20.0,21.0,11.0,7.0,7.0,5.0,21.0,13.0,12.0,15.0,6.0,4.0,5.0,5.0,22.333333333333332,17.375
2026-06-12 15:00:00,15,4,0,17,5,3,198,31,10,19,6,75,18.0,31.0,23.0,18.0,5.0,8.0,6.0,5.0,24.0,35.0,29.0,26.0,6.0,11.0,10.0,9.0,13.0,20.0,20.0,15.0,7.0,4.0,5.0,6.0,21.333333333333332,17.333333333333332
2026-06-12 16:00:00,16,4,0,24,7,8,198,34,12,20,7,71,17.0,23.0,20.0,17.0,5.0,6.0,5.0,5.0,31.0,30.0,22.0,21.0,10.0,11.0,7.0,6.0,19.0,21.0,13.0,13.0,6.0,6.0,3.0,4.0,22.0,17.625
2026-06-12 17:00:00,17,4,0,19,6,12,198,24,8,14,5,73,24.0,18.0,19.0,13.0,7.0,5.0,5.0,4.0,34.0,24.0,20.0,17.0,12.0,6.0,7.0,6.0,20.0,13.0,13.0,9.0,7.0,7.0,4.0,3.0,22.0,17.875
2026-06-12 18:00:00,18,4,0,19,6,10,198,32,11,21,7,78,19.0,17.0,31.0,14.0,6.0,5.0,8.0,4.0,24.0,31.0,35.0,27.0,8.0,10.0,11.0,8.0,14.0,19.0,20.0,20.0,5.0,6.0,4.0,6.0,20.0,18.083333333333332
2026-06-12 19:00:00,19,4,0,19,6,14,198,30,9,18,5,49,19.0,24.0,23.0,24.0,6.0,7.0,6.0,7.0,32.0,34.0,30.0,29.0,11.0,12.0,11.0,8.0,21.0,20.0,21.0,18.0,7.0,7.0,6.0,6.0,19.333333333333332,17.875
2026-06-12 20:00:00,20,4,0,18,6,15,198,23,7,17,5,48,19.0,19.0,18.0,14.0,6.0,6.0,5.0,4.0,30.0,24.0,24.0,19.0,9.0,8.0,6.0,5.0,18.0,14.0,13.0,10.0,5.0,5.0,7.0,7.0,19.333333333333332,18.041666666666668
2026-06-12 21:00:00,21,4,0,21,7,14,198,27,10,15,5,49,18.0,19.0,17.0,25.0,6.0,6.0,5.0,8.0,23.0,32.0,31.0,32.0,7.0,11.0,10.0,13.0,17.0,21.0,19.0,18.0,5.0,7.0,6.0,5.0,20.0,17.875
2026-06-12 22:00:00,22,4,0,15,5,11,198,18,7,11,5,47,21.0,19.0,24.0,18.0,7.0,6.0,7.0,6.0,27.0,30.0,34.0,31.0,10.0,9.0,12.0,12.0,15.0,18.0,20.0,19.0,5.0,5.0,7.0,6.0,18.5,17.75
2026-06-12 23:00:00,23,4,0,22,7,12,198,25,6,14,4,54,15.0,18.0,19.0,19.0,5.0,6.0,6.0,6.0,18.0,23.0,24.0,24.0,7.0,7.0,8.0,11.0,11.0,17.0,14.0,16.0,5.0,5.0,5.0,4.0,19.0,17.875
2026-06-13 00:00:00,0,5,1,15,5,12,198,17,7,11,3,46,22.0,21.0,19.0,13.0,7.0,7.0,6.0,4.0,25.0,27.0,32.0,16.0,6.0,10.0,11.0,6.0,14.0,15.0,21.0,7.0,4.0,5.0,7.0,5.0,18.333333333333332,17.958333333333332
2026-06-13 01:00:00,1,5,1,9,3,9,198,10,3,6,1,49,15.0,15.0,19.0,15.0,5.0,5.0,6.0,5.0,17.0,18.0,30.0,23.0,7.0,7.0,9.0,7.0,11.0,11.0,18.0,18.0,3.0,5.0,5.0,6.0,16.666666666666668,17.708333333333332
2026-06-13 02:00:00,2,5,1,15,5,13,198,15,5,9,1,48,9.0,22.0,18.0,9.0,3.0,7.0,6.0,3.0,10.0,25.0,23.0,8.0,3.0,6.0,7.0,5.0,6.0,14.0,17.0,6.0,1.0,4.0,5.0,2.0,16.166666666666668,17.958333333333332
2026-06-13 03:00:00,3,5,1,9,3,11,198,14,3,11,3,51,15.0,15.0,21.0,12.0,5.0,5.0,7.0,4.0,15.0,17.0,27.0,21.0,5.0,7.0,10.0,7.0,9.0,11.0,15.0,14.0,1.0,3.0,5.0,5.0,14.166666666666666,17.833333333333332
2026-06-13 04:00:00,4,5,1,11,4,7,198,13,3,7,2,51,9.0,9.0,15.0,11.0,3.0,3.0,5.0,4.0,14.0,10.0,18.0,15.0,3.0,3.0,7.0,6.0,11.0,6.0,11.0,9.0,3.0,1.0,5.0,6.0,13.5,17.833333333333332
2026-06-13 05:00:00,5,5,1,12,4,10,198,10,5,7,2,48,11.0,15.0,22.0,16.0,4.0,5.0,7.0,5.0,13.0,15.0,25.0,21.0,3.0,5.0,6.0,7.0,7.0,9.0,14.0,13.0,2.0,1.0,4.0,5.0,11.833333333333334,17.666666666666668
2026-06-13 06:00:00,6,5,1,10,3,9,198,11,4,5,3,49,12.0,9.0,15.0,15.0,4.0,3.0,5.0,4.0,10.0,14.0,17.0,20.0,5.0,3.0,7.0,2.0,7.0,11.0,11.0,12.0,2.0,3.0,3.0,6.0,11.0,17.458333333333332
2026-06-13 07:00:00,7,5,1,20,6,14,198,17,6,11,1,75,10.0,11.0,9.0,15.0,3.0,4.0,3.0,4.0,11.0,13.0,10.0,20.0,4.0,3.0,3.0,9.0,5.0,7.0,6.0,14.0,3.0,2.0,1.0,4.0,12.833333333333334,17.666666666666668
2026-06-13 08:00:00,8,5,1,13,4,7,198,14,5,6,2,67,20.0,12.0,15.0,15.0,6.0,4.0,5.0,4.0,17.0,10.0,15.0,20.0,6.0,5.0,5.0,7.0,11.0,7.0,9.0,12.0,1.0,2.0,1.0,5.0,12.5,17.583333333333332
2026-06-13 09:00:00,9,5,1,20,5,0,198,27,10,15,4,69,13.0,10.0,9.0,23.0,4.0,3.0,3.0,6.0,14.0,11.0,14.0,29.0,5.0,4.0,3.0,10.0,6.0,5.0,11.0,20.0,2.0,3.0,3.0,5.0,14.333333333333334,17.458333333333332
2026-06-13 10:00:00,10,5,1,21,6,9,198,21,8,13,4,72,20.0,20.0,11.0,20.0,5.0,6.0,4.0,5.0,27.0,17.0,13.0,22.0,10.0,6.0,3.0,7.0,15.0,11.0,7.0,13.0,4.0,1.0,2.0,3.0,16.0,17.5
2026-06-13 11:00:00,11,5,1,15,4,3,198,18,6,15,4,72,21.0,13.0,12.0,19.0,6.0,4.0,4.0,5.0,21.0,14.0,10.0,20.0,8.0,5.0,5.0,7.0,13.0,6.0,7.0,13.0,4.0,2.0,2.0,4.0,16.5,17.333333333333332
2026-06-13 12:00:00,12,5,1,21,5,2,198,24,10,15,2,70,15.0,20.0,10.0,31.0,4.0,5.0,3.0,8.0,18.0,27.0,11.0,35.0,6.0,10.0,4.0,11.0,15.0,15.0,5.0,20.0,4.0,4.0,3.0,4.0,18.333333333333332,16.916666666666668
2026-06-13 13:00:00,13,5,1,19,5,1,198,22,9,17,4,76,21.0,21.0,20.0,23.0,5.0,6.0,6.0,6.0,24.0,21.0,17.0,30.0,10.0,8.0,6.0,11.0,15.0,13.0,11.0,21.0,2.0,4.0,1.0,6.0,18.166666666666668,16.75
2026-06-13 14:00:00,14,5,1,14,4,7,198,17,6,11,2,74,19.0,15.0,13.0,18.0,5.0,4.0,4.0,5.0,22.0,18.0,14.0,24.0,9.0,6.0,5.0,6.0,17.0,15.0,6.0,13.0,4.0,4.0,2.0,7.0,18.333333333333332,16.583333333333332
2026-06-13 15:00:00,15,5,1,20,5,11,198,20,7,12,2,73,14.0,21.0,20.0,17.0,4.0,5.0,5.0,5.0,17.0,24.0,27.0,31.0,6.0,10.0,10.0,10.0,11.0,15.0,15.0,19.0,2.0,2.0,4.0,6.0,18.333333333333332,16.708333333333332
2026-06-13 16:00:00,16,5,1,28,8,7,198,25,10,19,0,70,20.0,19.0,21.0,24.0,5.0,5.0,6.0,7.0,20.0,22.0,21.0,34.0,7.0,9.0,8.0,12.0,12.0,17.0,13.0,20.0,2.0,4.0,4.0,7.0,19.5,16.875
2026-06-13 17:00:00,17,5,1,22,6,14,198,25,9,16,4,74,28.0,14.0,15.0,19.0,8.0,4.0,4.0,6.0,25.0,17.0,18.0,24.0,10.0,6.0,6.0,8.0,19.0,11.0,15.0,14.0,0.0,2.0,4.0,5.0,20.666666666666668,17.0
2026-06-13 18:00:00,18,5,1,19,6,13,198,22,9,12,2,66,22.0,20.0,21.0,19.0,6.0,5.0,5.0,6.0,25.0,20.0,24.0,32.0,9.0,7.0,10.0,11.0,16.0,12.0,15.0,21.0,4.0,2.0,2.0,7.0,20.333333333333332,17.0
2026-06-13 19:00:00,19,5,1,16,5,11,198,12,6,8,2,48,19.0,28.0,19.0,19.0,6.0,8.0,5.0,6.0,22.0,25.0,22.0,30.0,9.0,10.0,9.0,9.0,12.0,19.0,17.0,18.0,2.0,0.0,4.0,5.0,19.833333333333332,16.875
2026-06-13 20:00:00,20,5,1,16,5,9,198,14,4,8,1,48,16.0,22.0,14.0,18.0,5.0,6.0,4.0,6.0,12.0,25.0,17.0,23.0,6.0,9.0,6.0,7.0,8.0,16.0,11.0,17.0,2.0,4.0,2.0,5.0,20.166666666666668,16.791666666666668
2026-06-13 21:00:00,21,5,1,21,7,10,198,24,7,11,3,49,16.0,19.0,20.0,21.0,5.0,6.0,5.0,7.0,14.0,22.0,20.0,27.0,4.0,9.0,7.0,10.0,8.0,12.0,12.0,15.0,1.0,2.0,2.0,5.0,20.333333333333332,16.791666666666668
2026-06-13 22:00:00,22,5,1,16,5,4,198,19,6,14,2,43,21.0,16.0,28.0,15.0,7.0,5.0,8.0,5.0,24.0,12.0,25.0,18.0,7.0,6.0,10.0,7.0,11.0,8.0,19.0,11.0,3.0,2.0,0.0,5.0,18.333333333333332,16.833333333333332
2026-06-13 23:00:00,23,5,1,6,2,11,198,11,5,9,1,49,16.0,16.0,22.0,22.0,5.0,5.0,6.0,7.0,19.0,14.0,25.0,25.0,6.0,4.0,9.0,6.0,14.0,8.0,16.0,14.0,2.0,1.0,4.0,4.0,15.666666666666666,16.166666666666668
2026-06-14 00:00:00,0,6,1,17,6,15,198,17,4,14,2,45,6.0,21.0,19.0,15.0,2.0,7.0,6.0,5.0,11.0,24.0,22.0,17.0,5.0,7.0,9.0,7.0,9.0,11.0,12.0,11.0,1.0,3.0,2.0,3.0,15.333333333333334,16.25
2026-06-14 01:00:00,1,6,1,11,4,13,198,15,6,10,1,46,17.0,16.0,16.0,9.0,6.0,5.0,5.0,3.0,17.0,19.0,12.0,10.0,4.0,6.0,6.0,3.0,14.0,14.0,8.0,6.0,2.0,2.0,2.0,1.0,14.5,16.333333333333332
2026-06-14 02:00:00,2,6,1,11,4,11,198,9,4,5,1,50,11.0,6.0,16.0,15.0,4.0,2.0,5.0,5.0,15.0,11.0,14.0,15.0,6.0,5.0,4.0,5.0,10.0,9.0,8.0,9.0,1.0,1.0,1.0,1.0,13.666666666666666,16.166666666666668
2026-06-14 03:00:00,3,6,1,16,5,10,198,18,8,13,0,54,11.0,17.0,21.0,9.0,4.0,6.0,7.0,3.0,9.0,17.0,24.0,14.0,4.0,4.0,7.0,3.0,5.0,14.0,11.0,11.0,1.0,2.0,3.0,3.0,12.833333333333334,16.458333333333332
2026-06-14 04:00:00,4,6,1,10,3,10,198,13,5,10,1,48,16.0,11.0,16.0,11.0,5.0,4.0,5.0,4.0,18.0,15.0,19.0,13.0,8.0,6.0,6.0,3.0,13.0,10.0,14.0,7.0,0.0,1.0,2.0,2.0,11.833333333333334,16.416666666666668
2026-06-14 05:00:00,5,6,1,9,3,16,198,8,1,8,2,46,10.0,11.0,6.0,12.0,3.0,4.0,2.0,4.0,13.0,9.0,11.0,10.0,5.0,4.0,5.0,5.0,10.0,5.0,9.0,7.0,1.0,1.0,1.0,2.0,12.333333333333334,16.291666666666668
2026-06-14 06:00:00,6,6,1,15,4,8,198,14,3,9,0,49,9.0,16.0,17.0,10.0,3.0,5.0,6.0,3.0,8.0,18.0,17.0,11.0,1.0,8.0,4.0,4.0,8.0,13.0,14.0,5.0,2.0,0.0,2.0,3.0,12.0,16.5
2026-06-14 07:00:00,7,6,1,22,6,1,198,20,5,12,1,77,15.0,10.0,11.0,20.0,4.0,3.0,4.0,6.0,14.0,13.0,15.0,17.0,3.0,5.0,6.0,6.0,9.0,10.0,10.0,11.0,0.0,1.0,1.0,1.0,13.833333333333334,16.583333333333332
2026-06-14 08:00:00,8,6,1,17,5,10,198,20,6,11,2,76,22.0,9.0,11.0,13.0,6.0,3.0,4.0,4.0,20.0,8.0,9.0,14.0,5.0,1.0,4.0,5.0,12.0,8.0,5.0,6.0,1.0,2.0,1.0,2.0,14.833333333333334,16.75
2026-06-14 09:00:00,9,6,1,12,3,4,198,13,4,9,2,82,17.0,15.0,16.0,20.0,5.0,4.0,5.0,5.0,20.0,14.0,18.0,27.0,6.0,3.0,8.0,10.0,11.0,9.0,13.0,15.0,2.0,0.0,0.0,4.0,14.166666666666666,16.416666666666668
2026-06-14 10:00:00,10,6,1,18,5,9,198,21,5,10,4,72,12.0,22.0,10.0,21.0,3.0,6.0,3.0,6.0,13.0,20.0,13.0,21.0,4.0,5.0,5.0,8.0,9.0,12.0,10.0,13.0,2.0,1.0,1.0,4.0,15.5,16.291666666666668
2026-06-14 11:00:00,11,6,1,11,3,8,198,20,9,14,4,75,18.0,17.0,9.0,15.0,5.0,5.0,3.0,4.0,21.0,20.0,8.0,18.0,5.0,6.0,1.0,6.0,10.0,11.0,8.0,15.0,4.0,2.0,2.0,4.0,15.833333333333334,16.125
2026-06-14 12:00:00,12,6,1,15,4,4,198,16,4,11,2,79,11.0,12.0,15.0,21.0,3.0,3.0,4.0,5.0,20.0,13.0,14.0,24.0,9.0,4.0,3.0,10.0,14.0,9.0,9.0,15.0,4.0,2.0,0.0,2.0,15.833333333333334,15.875
2026-06-14 13:00:00,13,6,1,20,5,4,198,25,10,17,3,78,15.0,18.0,22.0,19.0,4.0,5.0,6.0,5.0,16.0,21.0,20.0,22.0,4.0,5.0,5.0,9.0,11.0,10.0,12.0,17.0,2.0,4.0,1.0,4.0,15.5,15.916666666666666
2026-06-14 14:00:00,14,6,1,24,6,10,198,25,10,16,3,68,20.0,11.0,17.0,14.0,5.0,3.0,5.0,4.0,25.0,20.0,20.0,17.0,10.0,9.0,6.0,6.0,17.0,14.0,11.0,11.0,3.0,4.0,2.0,2.0,16.666666666666668,16.333333333333332
2026-06-14 15:00:00,15,6,1,20,5,12,198,25,10,19,2,74,24.0,15.0,12.0,20.0,6.0,4.0,3.0,5.0,25.0,16.0,13.0,20.0,10.0,4.0,4.0,7.0,16.0,11.0,9.0,12.0,3.0,2.0,2.0,2.0,18.0,16.333333333333332
2026-06-14 16:00:00,16,6,1,18,5,8,198,15,4,11,1,78,20.0,20.0,18.0,28.0,5.0,5.0,5.0,8.0,25.0,25.0,21.0,25.0,10.0,10.0,5.0,10.0,19.0,17.0,10.0,19.0,2.0,3.0,4.0,0.0,18.0,15.916666666666666
2026-06-14 17:00:00,17,6,1,14,4,10,198,15,6,8,3,83,18.0,24.0,11.0,22.0,5.0,6.0,3.0,6.0,15.0,25.0,20.0,25.0,4.0,10.0,9.0,9.0,11.0,16.0,14.0,16.0,1.0,3.0,4.0,4.0,18.5,15.583333333333334
2026-06-14 18:00:00,18,6,1,16,5,8,198,22,6,12,2,76,14.0,20.0,15.0,19.0,4.0,5.0,4.0,6.0,15.0,25.0,16.0,22.0,6.0,10.0,4.0,9.0,8.0,19.0,11.0,12.0,3.0,2.0,2.0,2.0,18.666666666666668,15.458333333333334
2026-06-14 19:00:00,19,6,1,19,6,6,198,18,8,9,2,47,16.0,18.0,20.0,16.0,5.0,5.0,5.0,5.0,22.0,15.0,25.0,12.0,6.0,4.0,10.0,6.0,12.0,11.0,17.0,8.0,2.0,1.0,3.0,2.0,18.5,15.583333333333334
2026-06-14 20:00:00,20,6,1,19,6,10,198,26,9,17,3,45,19.0,14.0,24.0,16.0,6.0,4.0,6.0,5.0,18.0,15.0,25.0,14.0,8.0,6.0,10.0,4.0,9.0,8.0,16.0,8.0,2.0,3.0,3.0,1.0,17.666666666666668,15.708333333333334
2026-06-14 21:00:00,21,6,1,12,4,8,198,15,5,7,1,55,19.0,16.0,20.0,21.0,6.0,5.0,5.0,7.0,26.0,22.0,25.0,24.0,9.0,6.0,10.0,7.0,17.0,12.0,19.0,11.0,3.0,2.0,2.0,3.0,16.333333333333332,15.333333333333334
2026-06-14 22:00:00,22,6,1,18,6,14,198,17,4,13,1,50,12.0,19.0,18.0,16.0,4.0,6.0,5.0,5.0,15.0,18.0,15.0,19.0,5.0,8.0,4.0,6.0,7.0,9.0,11.0,14.0,1.0,2.0,1.0,2.0,16.333333333333332,15.416666666666666
2026-06-14 23:00:00,23,6,1,16,5,9,198,12,1,10,2,45,18.0,19.0,14.0,6.0,6.0,6.0,4.0,2.0,17.0,26.0,15.0,11.0,4.0,9.0,6.0,5.0,13.0,17.0,8.0,9.0,1.0,3.0,3.0,1.0,16.666666666666668,15.833333333333334
2026-06-15 00:00:00,0,0,0,9,3,12,198,16,4,8,5,47,16.0,12.0,16.0,17.0,5.0,4.0,5.0,6.0,12.0,15.0,22.0,17.0,1.0,5.0,6.0,4.0,10.0,7.0,12.0,14.0,2.0,1.0,2.0,2.0,15.5,15.5
2026-06-15 01:00:00,1,0,0,19,6,6,198,22,9,13,3,49,9.0,18.0,19.0,11.0,3.0,6.0,6.0,4.0,16.0,17.0,18.0,15.0,4.0,4.0,8.0,6.0,8.0,13.0,9.0,10.0,5.0,1.0,2.0,1.0,15.5,15.833333333333334
2026-06-15 02:00:00,2,0,0,16,5,10,198,26,8,16,5,50,19.0,16.0,19.0,11.0,6.0,5.0,6.0,4.0,22.0,12.0,26.0,9.0,9.0,1.0,9.0,4.0,13.0,10.0,17.0,5.0,3.0,2.0,3.0,1.0,15.0,16.041666666666668
2026-06-15 03:00:00,3,0,0,12,4,13,198,18,6,13,2,45,16.0,9.0,12.0,16.0,5.0,3.0,4.0,5.0,26.0,16.0,15.0,18.0,8.0,4.0,5.0,8.0,16.0,8.0,7.0,13.0,5.0,5.0,1.0,0.0,15.0,15.875
2026-06-15 04:00:00,4,0,0,11,4,12,198,14,6,12,4,46,12.0,19.0,18.0,10.0,4.0,6.0,6.0,3.0,18.0,22.0,17.0,13.0,6.0,9.0,4.0,5.0,13.0,13.0,13.0,10.0,2.0,3.0,1.0,1.0,13.833333333333334,15.916666666666666
2026-06-15 05:00:00,5,0,0,11,3,7,198,19,9,8,4,43,11.0,16.0,16.0,9.0,4.0,5.0,5.0,3.0,14.0,26.0,12.0,8.0,6.0,8.0,1.0,1.0,12.0,16.0,10.0,8.0,4.0,5.0,2.0,2.0,13.0,16.0
2026-06-15 06:00:00,6,0,0,15,4,9,198,22,9,13,4,51,11.0,12.0,9.0,15.0,3.0,4.0,3.0,4.0,19.0,18.0,16.0,14.0,9.0,6.0,4.0,3.0,8.0,13.0,8.0,9.0,4.0,2.0,5.0,0.0,14.0,16.0
2026-06-15 07:00:00,7,0,0,22,6,8,198,29,8,17,4,73,15.0,11.0,19.0,22.0,4.0,4.0,6.0,6.0,22.0,14.0,22.0,20.0,9.0,6.0,9.0,5.0,13.0,12.0,13.0,12.0,4.0,4.0,3.0,1.0,14.5,16.0
2026-06-15 08:00:00,8,0,0,15,4,8,198,26,6,13,7,75,22.0,11.0,16.0,17.0,6.0,3.0,5.0,5.0,29.0,19.0,26.0,20.0,8.0,9.0,8.0,6.0,17.0,8.0,16.0,11.0,4.0,4.0,5.0,2.0,14.333333333333334,15.916666666666666
2026-06-15 09:00:00,9,0,0,20,5,9,198,18,10,10,4,78,15.0,15.0,12.0,12.0,4.0,4.0,4.0,3.0,26.0,22.0,18.0,13.0,6.0,9.0,6.0,4.0,13.0,13.0,13.0,9.0,7.0,4.0,2.0,2.0,15.666666666666666,16.25
2026-06-15 10:00:00,10,0,0,22,6,7,198,32,14,21,8,75,20.0,22.0,11.0,18.0,5.0,6.0,4.0,5.0,18.0,29.0,14.0,21.0,10.0,8.0,6.0,5.0,10.0,17.0,12.0,10.0,4.0,4.0,4.0,4.0,17.5,16.416666666666668
2026-06-15 11:00:00,11,0,0,21,5,8,198,25,9,15,6,74,22.0,15.0,11.0,11.0,6.0,4.0,3.0,3.0,32.0,26.0,19.0,20.0,14.0,6.0,9.0,9.0,21.0,13.0,8.0,14.0,8.0,7.0,4.0,4.0,19.166666666666668,16.833333333333332
2026-06-15 12:00:00,12,0,0,25,6,4,198,31,8,16,6,75,21.0,20.0,15.0,15.0,5.0,5.0,4.0,4.0,25.0,18.0,22.0,16.0,9.0,10.0,9.0,4.0,15.0,10.0,13.0,11.0,6.0,4.0,4.0,2.0,20.833333333333332,17.25
2026-06-15 13:00:00,13,0,0,28,7,4,198,37,14,29,6,74,25.0,22.0,22.0,20.0,6.0,6.0,6.0,5.0,31.0,32.0,29.0,25.0,8.0,14.0,8.0,10.0,16.0,21.0,17.0,17.0,6.0,8.0,4.0,3.0,21.833333333333332,17.583333333333332
2026-06-15 14:00:00,14,0,0,21,6,5,198,32,11,20,8,78,28.0,21.0,15.0,24.0,7.0,5.0,4.0,6.0,37.0,25.0,26.0,25.0,14.0,9.0,6.0,10.0,29.0,15.0,13.0,16.0,6.0,6.0,7.0,3.0,22.833333333333332,17.458333333333332
2026-06-15 15:00:00,15,0,0,18,5,11,198,27,9,17,5,75,21.0,25.0,20.0,20.0,6.0,6.0,5.0,5.0,32.0,31.0,18.0,25.0,11.0,8.0,10.0,10.0,20.0,16.0,10.0,19.0,8.0,6.0,4.0,2.0,22.5,17.375
2026-06-15 16:00:00,16,0,0,23,6,8,198,29,11,16,5,72,18.0,28.0,22.0,18.0,5.0,7.0,6.0,5.0,27.0,37.0,32.0,15.0,9.0,14.0,14.0,4.0,17.0,29.0,21.0,11.0,5.0,6.0,8.0,1.0,22.666666666666668,17.583333333333332
2026-06-15 17:00:00,17,0,0,15,4,11,198,17,6,11,5,77,23.0,21.0,21.0,14.0,6.0,6.0,5.0,4.0,29.0,32.0,25.0,15.0,11.0,11.0,9.0,6.0,16.0,20.0,15.0,8.0,5.0,8.0,6.0,3.0,21.666666666666668,17.625
2026-06-15 18:00:00,18,0,0,15,4,14,198,15,3,9,6,78,15.0,18.0,25.0,16.0,4.0,5.0,6.0,5.0,17.0,27.0,31.0,22.0,6.0,9.0,8.0,6.0,11.0,17.0,16.0,12.0,5.0,5.0,6.0,2.0,20.0,17.583333333333332
2026-06-15 19:00:00,19,0,0,13,4,13,198,18,6,7,4,44,15.0,23.0,28.0,19.0,4.0,6.0,7.0,6.0,15.0,29.0,37.0,18.0,3.0,11.0,14.0,8.0,9.0,16.0,29.0,9.0,6.0,5.0,6.0,2.0,17.5,17.333333333333332
2026-06-15 20:00:00,20,0,0,15,5,13,198,21,8,11,5,53,13.0,15.0,21.0,19.0,4.0,4.0,6.0,6.0,18.0,17.0,32.0,26.0,6.0,6.0,11.0,9.0,7.0,11.0,20.0,17.0,4.0,5.0,8.0,3.0,16.5,17.166666666666668
2026-06-15 21:00:00,21,0,0,19,6,15,198,25,9,17,7,49,15.0,15.0,18.0,12.0,5.0,4.0,5.0,4.0,21.0,15.0,27.0,15.0,8.0,3.0,9.0,5.0,11.0,9.0,17.0,7.0,5.0,6.0,5.0,1.0,16.666666666666668,17.458333333333332
2026-06-15 22:00:00,22,0,0,12,4,13,198,14,5,13,5,49,19.0,13.0,23.0,18.0,6.0,4.0,6.0,6.0,25.0,18.0,29.0,17.0,9.0,6.0,11.0,4.0,17.0,7.0,16.0,13.0,7.0,4.0,5.0,1.0,14.833333333333334,17.208333333333332
2026-06-15 23:00:00,23,0,0,21,7,12,198,22,9,14,4,51,12.0,15.0,15.0,16.0,4.0,5.0,4.0,5.0,14.0,21.0,17.0,12.0,5.0,8.0,6.0,1.0,13.0,11.0,11.0,10.0,5.0,5.0,5.0,2.0,15.833333333333334,17.416666666666668
2026-06-16 00:00:00,0,1,0,16,5,13,198,20,6,15,4,46,21.0,19.0,15.0,9.0,7.0,6.0,4.0,3.0,22.0,25.0,15.0,16.0,9.0,9.0,3.0,4.0,14.0,17.0,9.0,8.0,4.0,7.0,6.0,5.0,16.0,17.708333333333332
2026-06-16 01:00:00,1,1,0,14,5,7,198,22,8,13,5,51,16.0,12.0,13.0,19.0,5.0,4.0,4.0,6.0,20.0,14.0,18.0,22.0,6.0,5.0,6.0,9.0,15.0,13.0,7.0,13.0,4.0,5.0,4.0,3.0,16.166666666666668,17.5
2026-06-16 02:00:00,2,1,0,15,5,6,198,18,1,11,3,47,14.0,21.0,15.0,16.0,5.0,7.0,5.0,5.0,22.0,22.0,21.0,26.0,8.0,9.0,8.0,8.0,13.0,14.0,11.0,16.0,5.0,4.0,5.0,5.0,16.166666666666668,17.458333333333332
2026-06-16 03:00:00,3,1,0,10,3,4,198,24,7,17,6,44,15.0,16.0,19.0,12.0,5.0,5.0,6.0,4.0,18.0,20.0,25.0,18.0,1.0,6.0,9.0,6.0,11.0,15.0,17.0,13.0,3.0,4.0,7.0,2.0,14.666666666666666,17.375
2026-06-16 04:00:00,4,1,0,8,3,10,198,14,6,12,6,45,10.0,14.0,12.0,11.0,3.0,5.0,4.0,4.0,24.0,22.0,14.0,14.0,7.0,8.0,5.0,6.0,17.0,13.0,13.0,12.0,6.0,5.0,5.0,4.0,14.0,17.25
2026-06-16 05:00:00,5,1,0,12,4,12,198,21,6,16,5,50,8.0,15.0,21.0,11.0,3.0,5.0,7.0,3.0,14.0,18.0,22.0,19.0,6.0,1.0,9.0,9.0,12.0,11.0,14.0,8.0,6.0,3.0,4.0,4.0,12.5,17.291666666666668
2026-06-16 06:00:00,6,1,0,13,4,8,198,18,5,9,4,45,12.0,10.0,16.0,15.0,4.0,3.0,5.0,4.0,21.0,24.0,20.0,22.0,6.0,7.0,6.0,9.0,16.0,17.0,15.0,13.0,5.0,6.0,4.0,4.0,12.0,17.208333333333332
2026-06-16 07:00:00,7,1,0,20,6,11,198,29,8,18,6,79,13.0,8.0,14.0,22.0,4.0,3.0,5.0,6.0,18.0,14.0,22.0,29.0,5.0,6.0,8.0,8.0,9.0,12.0,13.0,17.0,4.0,6.0,5.0,4.0,13.0,17.125
2026-06-16 08:00:00,8,1,0,19,5,12,198,25,10,16,6,78,20.0,12.0,15.0,15.0,6.0,4.0,5.0,4.0,29.0,21.0,18.0,26.0,8.0,6.0,1.0,6.0,18.0,16.0,11.0,13.0,6.0,5.0,3.0,7.0,13.666666666666666,17.291666666666668
2026-06-16 09:00:00,9,1,0,22,6,7,198,29,11,17,4,78,19.0,13.0,10.0,20.0,5.0,4.0,3.0,5.0,25.0,18.0,24.0,18.0,10.0,5.0,7.0,10.0,16.0,9.0,17.0,10.0,6.0,4.0,6.0,4.0,15.666666666666666,17.375
2026-06-16 10:00:00,10,1,0,21,6,10,198,27,10,18,5,74,22.0,20.0,8.0,22.0,6.0,6.0,3.0,6.0,29.0,29.0,14.0,32.0,11.0,8.0,6.0,14.0,17.0,18.0,12.0,21.0,4.0,6.0,6.0,8.0,17.833333333333332,17.333333333333332
2026-06-16 11:00:00,11,1,0,20,5,5,198,22,5,15,4,75,21.0,19.0,12.0,21.0,6.0,5.0,4.0,5.0,27.0,25.0,21.0,25.0,10.0,10.0,6.0,9.0,18.0,16.0,16.0,15.0,5.0,6.0,5.0,6.0,19.166666666666668,17.291666666666668
2026-06-16 12:00:00,12,1,0,19,5,3,198,26,8,18,6,70,20.0,22.0,13.0,25.0,5.0,6.0,4.0,6.0,22.0,29.0,18.0,31.0,5.0,11.0,5.0,8.0,15.0,17.0,9.0,16.0,4.0,4.0,4.0,6.0,20.166666666666668,17.041666666666668
2026-06-16 13:00:00,13,1,0,14,4,8,198,21,7,16,6,77,19.0,21.0,20.0,28.0,5.0,6.0,6.0,7.0,26.0,27.0,29.0,37.0,8.0,10.0,8.0,14.0,18.0,18.0,18.0,29.0,6.0,5.0,6.0,6.0,19.166666666666668,16.458333333333332
2026-06-16 14:00:00,14,1,0,25,7,8,198,30,10,18,4,75,14.0,20.0,19.0,21.0,4.0,5.0,5.0,6.0,21.0,22.0,25.0,32.0,7.0,5.0,10.0,11.0,16.0,15.0,16.0,20.0,6.0,4.0,6.0,8.0,20.166666666666668,16.625
2026-06-16 15:00:00,15,1,0,24,7,12,198,25,8,13,5,76,25.0,19.0,22.0,18.0,7.0,5.0,6.0,5.0,30.0,26.0,29.0,27.0,10.0,8.0,11.0,9.0,18.0,18.0,17.0,17.0,4.0,6.0,4.0,5.0,20.5,16.875
2026-06-16 16:00:00,16,1,0,17,5,11,198,21,7,14,4,79,24.0,14.0,21.0,23.0,7.0,4.0,6.0,6.0,25.0,21.0,27.0,29.0,8.0,7.0,10.0,11.0,13.0,16.0,18.0,16.0,5.0,6.0,5.0,5.0,19.833333333333332,16.625
2026-06-16 17:00:00,17,1,0,25,7,12,198,31,12,23,5,72,17.0,25.0,20.0,15.0,5.0,7.0,5.0,4.0,21.0,30.0,22.0,17.0,7.0,10.0,5.0,6.0,14.0,18.0,15.0,11.0,4.0,4.0,4.0,5.0,20.666666666666668,17.041666666666668
2026-06-16 18:00:00,18,1,0,16,5,16,198,24,5,14,6,74,25.0,24.0,19.0,15.0,7.0,7.0,5.0,4.0,31.0,25.0,26.0,15.0,12.0,8.0,8.0,3.0,23.0,13.0,18.0,9.0,5.0,5.0,6.0,6.0,20.166666666666668,17.083333333333332
2026-06-16 19:00:00,19,1,0,17,5,13,198,27,12,18,5,49,16.0,17.0,14.0,13.0,5.0,5.0,4.0,4.0,24.0,21.0,21.0,18.0,5.0,7.0,7.0,6.0,14.0,14.0,16.0,7.0,6.0,4.0,6.0,4.0,20.666666666666668,17.25
2026-06-16 20:00:00,20,1,0,25,8,12,198,32,12,21,5,45,17.0,25.0,25.0,15.0,5.0,7.0,7.0,5.0,27.0,31.0,30.0,21.0,12.0,12.0,10.0,8.0,18.0,23.0,18.0,11.0,5.0,5.0,4.0,5.0,20.666666666666668,17.666666666666668
2026-06-16 21:00:00,21,1,0,26,9,8,198,27,10,17,3,47,25.0,16.0,24.0,19.0,8.0,5.0,7.0,6.0,32.0,24.0,25.0,25.0,12.0,5.0,8.0,9.0,21.0,14.0,13.0,17.0,5.0,6.0,5.0,7.0,21.0,17.958333333333332
2026-06-16 22:00:00,22,1,0,12,4,16,198,19,8,12,5,49,26.0,17.0,17.0,12.0,9.0,5.0,5.0,4.0,27.0,27.0,21.0,14.0,10.0,12.0,7.0,5.0,17.0,18.0,14.0,13.0,3.0,5.0,4.0,5.0,20.166666666666668,17.958333333333332
2026-06-16 23:00:00,23,1,0,19,6,14,198,26,7,14,5,47,12.0,25.0,25.0,21.0,4.0,8.0,7.0,7.0,19.0,32.0,31.0,22.0,8.0,12.0,12.0,9.0,12.0,21.0,23.0,14.0,5.0,5.0,5.0,4.0,19.166666666666668,17.875
2026-06-17 00:00:00,0,2,0,12,4,9,198,18,5,7,4,52,19.0,26.0,16.0,16.0,6.0,9.0,5.0,5.0,26.0,27.0,24.0,20.0,7.0,10.0,5.0,6.0,14.0,17.0,14.0,15.0,5.0,3.0,6.0,4.0,18.5,17.708333333333332
2026-06-17 01:00:00,1,2,0,22,7,13,198,20,7,10,4,43,12.0,12.0,17.0,14.0,4.0,4.0,5.0,5.0,18.0,19.0,27.0,22.0,5.0,8.0,12.0,8.0,7.0,12.0,18.0,13.0,4.0,5.0,5.0,5.0,19.333333333333332,18.041666666666668
2026-06-17 02:00:00,2,2,0,10,3,9,198,14,7,8,4,51,22.0,19.0,25.0,15.0,7.0,6.0,8.0,5.0,20.0,26.0,32.0,18.0,7.0,7.0,12.0,1.0,10.0,14.0,21.0,11.0,4.0,5.0,5.0,3.0,16.833333333333332,17.833333333333332
2026-06-17 03:00:00,3,2,0,21,7,3,198,18,7,13,3,50,10.0,12.0,26.0,10.0,3.0,4.0,9.0,3.0,14.0,18.0,27.0,24.0,7.0,5.0,10.0,7.0,8.0,7.0,17.0,17.0,4.0,4.0,3.0,6.0,16.0,18.291666666666668
2026-06-17 04:00:00,4,2,0,17,5,14,198,23,8,14,3,46,21.0,22.0,12.0,8.0,7.0,7.0,4.0,3.0,18.0,20.0,19.0,14.0,7.0,7.0,8.0,6.0,13.0,10.0,12.0,12.0,3.0,4.0,5.0,6.0,16.833333333333332,18.666666666666668
2026-06-17 05:00:00,5,2,0,23,7,13,198,30,9,18,6,45,17.0,10.0,19.0,12.0,5.0,3.0,6.0,4.0,23.0,14.0,26.0,21.0,8.0,7.0,7.0,6.0,14.0,8.0,14.0,16.0,3.0,4.0,5.0,5.0,17.5,19.125
2026-06-17 06:00:00,6,2,0,14,4,10,198,18,7,9,4,42,23.0,21.0,12.0,13.0,7.0,7.0,4.0,4.0,30.0,18.0,18.0,18.0,9.0,7.0,5.0,5.0,18.0,13.0,7.0,9.0,6.0,3.0,4.0,4.0,17.833333333333332,19.166666666666668
2026-06-17 07:00:00,7,2,0,13,4,10,198,22,10,15,5,72,14.0,17.0,22.0,20.0,4.0,5.0,7.0,6.0,18.0,23.0,20.0,29.0,7.0,8.0,7.0,8.0,9.0,14.0,10.0,18.0,4.0,3.0,4.0,6.0,16.333333333333332,18.875
2026-06-17 08:00:00,8,2,0,16,4,4,198,25,10,18,6,77,13.0,23.0,10.0,19.0,4.0,7.0,3.0,5.0,22.0,30.0,14.0,25.0,10.0,9.0,7.0,10.0,15.0,18.0,8.0,16.0,5.0,6.0,4.0,6.0,17.333333333333332,18.75
2026-06-17 09:00:00,9,2,0,10,3,12,198,20,6,15,9,74,16.0,14.0,21.0,22.0,4.0,4.0,7.0,6.0,25.0,18.0,18.0,29.0,10.0,7.0,7.0,11.0,18.0,9.0,13.0,17.0,6.0,4.0,3.0,4.0,15.5,18.25
2026-06-17 10:00:00,10,2,0,20,5,3,198,24,9,16,4,77,10.0,13.0,17.0,21.0,3.0,4.0,5.0,6.0,20.0,22.0,23.0,27.0,6.0,10.0,8.0,10.0,15.0,15.0,14.0,18.0,9.0,5.0,3.0,5.0,16.0,18.208333333333332
2026-06-17 11:00:00,11,2,0,18,5,12,198,24,9,12,6,72,20.0,16.0,23.0,20.0,5.0,4.0,7.0,5.0,24.0,25.0,30.0,22.0,9.0,10.0,9.0,5.0,16.0,18.0,18.0,15.0,4.0,6.0,6.0,4.0,15.166666666666666,18.125
2026-06-17 12:00:00,12,2,0,27,7,10,198,26,10,15,5,76,18.0,10.0,14.0,19.0,5.0,3.0,4.0,5.0,24.0,20.0,18.0,26.0,9.0,6.0,7.0,8.0,12.0,15.0,9.0,18.0,6.0,9.0,4.0,6.0,17.333333333333332,18.458333333333332
2026-06-17 13:00:00,13,2,0,17,4,15,198,21,9,17,5,72,27.0,20.0,13.0,14.0,7.0,5.0,4.0,4.0,26.0,24.0,22.0,21.0,10.0,9.0,10.0,7.0,15.0,16.0,15.0,16.0,5.0,4.0,5.0,6.0,18.0,18.583333333333332
2026-06-17 14:00:00,14,2,0,27,7,6,198,31,12,21,5,71,17.0,18.0,16.0,25.0,4.0,5.0,4.0,7.0,21.0,24.0,25.0,30.0,9.0,9.0,10.0,10.0,17.0,12.0,18.0,18.0,5.0,6.0,6.0,4.0,19.833333333333332,18.666666666666668
2026-06-17 15:00:00,15,2,0,27,7,7,198,31,10,16,5,74,27.0,27.0,10.0,24.0,7.0,7.0,3.0,7.0,31.0,26.0,20.0,25.0,12.0,10.0,6.0,8.0,21.0,15.0,15.0,13.0,5.0,5.0,9.0,5.0,22.666666666666668,18.791666666666668
2026-06-17 16:00:00,16,2,0,25,7,6,198,27,10,17,6,72,27.0,17.0,20.0,17.0,7.0,4.0,5.0,5.0,31.0,21.0,24.0,21.0,10.0,9.0,9.0,7.0,16.0,17.0,16.0,14.0,5.0,5.0,4.0,4.0,23.5,19.125
2026-06-17 17:00:00,17,2,0,20,6,7,198,27,9,17,4,69,25.0,27.0,18.0,25.0,7.0,7.0,5.0,7.0,27.0,31.0,24.0,31.0,10.0,12.0,9.0,12.0,17.0,21.0,12.0,23.0,6.0,5.0,6.0,5.0,23.833333333333332,18.916666666666668
2026-06-17 18:00:00,18,2,0,23,7,12,198,29,9,16,6,73,20.0,27.0,27.0,16.0,6.0,7.0,7.0,5.0,27.0,31.0,26.0,24.0,9.0,10.0,10.0,5.0,17.0,16.0,15.0,14.0,4.0,5.0,5.0,6.0,23.166666666666668,19.208333333333332
2026-06-17 19:00:00,19,2,0,17,5,11,198,23,7,10,5,48,23.0,25.0,17.0,17.0,7.0,7.0,4.0,5.0,29.0,27.0,21.0,27.0,9.0,10.0,9.0,12.0,16.0,17.0,17.0,18.0,6.0,6.0,5.0,5.0,23.166666666666668,19.208333333333332
2026-06-17 20:00:00,20,2,0,14,4,15,198,23,8,14,6,52,17.0,20.0,27.0,25.0,5.0,6.0,7.0,8.0,23.0,27.0,31.0,32.0,7.0,9.0,12.0,12.0,10.0,17.0,21.0,21.0,5.0,4.0,5.0,5.0,21.0,18.75
2026-06-17 21:00:00,21,2,0,15,5,10,198,19,4,10,5,51,14.0,23.0,27.0,26.0,4.0,7.0,7.0,9.0,23.0,29.0,31.0,27.0,8.0,9.0,10.0,10.0,14.0,16.0,16.0,17.0,6.0,6.0,5.0,3.0,19.0,18.291666666666668
2026-06-17 22:00:00,22,2,0,13,4,18,198,19,8,10,4,52,15.0,17.0,25.0,12.0,5.0,5.0,7.0,4.0,19.0,23.0,27.0,19.0,4.0,7.0,10.0,8.0,10.0,10.0,17.0,12.0,5.0,5.0,6.0,5.0,17.0,18.333333333333332
2026-06-17 23:00:00,23,2,0,6,2,14,198,12,0,7,5,50,13.0,14.0,20.0,19.0,4.0,4.0,6.0,6.0,19.0,23.0,27.0,26.0,8.0,8.0,9.0,7.0,10.0,14.0,17.0,14.0,4.0,6.0,4.0,5.0,14.666666666666666,17.791666666666668
2026-06-18 00:00:00,0,3,0,13,4,14,198,13,9,8,3,49,6.0,15.0,23.0,12.0,2.0,5.0,7.0,4.0,12.0,19.0,29.0,18.0,0.0,4.0,9.0,5.0,7.0,10.0,16.0,7.0,5.0,5.0,6.0,4.0,13.0,17.833333333333332
2026-06-18 01:00:00,1,3,0,18,6,9,198,24,11,15,4,44,13.0,13.0,17.0,22.0,4.0,4.0,5.0,7.0,13.0,19.0,23.0,20.0,9.0,8.0,7.0,7.0,8.0,10.0,10.0,10.0,3.0,4.0,5.0,4.0,13.166666666666666,17.666666666666668
2026-06-18 02:00:00,2,3,0,13,4,11,198,21,7,11,3,48,18.0,6.0,14.0,10.0,6.0,2.0,4.0,3.0,24.0,12.0,23.0,14.0,11.0,0.0,8.0,7.0,15.0,7.0,14.0,8.0,4.0,5.0,6.0,4.0,13.0,17.791666666666668
2026-06-18 03:00:00,3,3,0,22,7,10,198,26,9,16,3,50,13.0,13.0,15.0,21.0,4.0,4.0,5.0,7.0,21.0,13.0,19.0,18.0,7.0,9.0,4.0,7.0,11.0,8.0,10.0,13.0,3.0,3.0,5.0,3.0,14.166666666666666,17.833333333333332
2026-06-18 04:00:00,4,3,0,16,5,10,198,20,7,9,2,52,22.0,18.0,13.0,17.0,7.0,6.0,4.0,5.0,26.0,24.0,19.0,23.0,9.0,11.0,8.0,8.0,16.0,15.0,10.0,14.0,3.0,4.0,4.0,3.0,14.666666666666666,17.791666666666668
2026-06-18 05:00:00,5,3,0,23,7,8,198,28,9,18,6,50,16.0,13.0,6.0,23.0,5.0,4.0,2.0,7.0,20.0,21.0,12.0,30.0,7.0,7.0,0.0,9.0,9.0,11.0,7.0,18.0,2.0,3.0,5.0,6.0,17.5,17.791666666666668
2026-06-18 06:00:00,6,3,0,17,5,7,198,16,6,4,4,52,23.0,22.0,13.0,14.0,7.0,7.0,4.0,4.0,28.0,26.0,13.0,18.0,9.0,9.0,9.0,7.0,18.0,16.0,8.0,9.0,6.0,3.0,3.0,4.0,18.166666666666668,17.916666666666668
2026-06-18 07:00:00,7,3,0,13,4,2,198,26,8,16,6,71,17.0,16.0,18.0,13.0,5.0,5.0,6.0,4.0,16.0,20.0,24.0,22.0,6.0,7.0,11.0,10.0,4.0,9.0,15.0,15.0,4.0,2.0,4.0,5.0,17.333333333333332,17.916666666666668
2026-06-18 08:00:00,8,3,0,14,4,6,198,28,9,19,6,73,13.0,23.0,13.0,16.0,4.0,7.0,4.0,4.0,26.0,28.0,21.0,25.0,8.0,9.0,7.0,10.0,16.0,18.0,11.0,18.0,6.0,6.0,3.0,6.0,17.5,17.833333333333332
2026-06-18 09:00:00,9,3,0,22,6,10,198,30,10,16,4,75,14.0,17.0,22.0,10.0,4.0,5.0,7.0,3.0,28.0,16.0,26.0,20.0,9.0,6.0,9.0,6.0,19.0,4.0,16.0,15.0,6.0,4.0,3.0,9.0,17.5,18.333333333333332
2026-06-18 10:00:00,10,3,0,18,5,4,198,21,5,14,4,77,22.0,13.0,16.0,20.0,6.0,4.0,5.0,5.0,30.0,26.0,20.0,24.0,10.0,8.0,7.0,9.0,16.0,16.0,9.0,16.0,4.0,6.0,2.0,4.0,17.833333333333332,18.25
2026-06-18 11:00:00,11,3,0,23,6,15,198,30,10,21,8,74,18.0,14.0,23.0,18.0,5.0,4.0,7.0,5.0,21.0,28.0,28.0,24.0,5.0,9.0,9.0,9.0,14.0,19.0,18.0,12.0,4.0,6.0,6.0,6.0,17.833333333333332,18.458333333333332
2026-06-18 12:00:00,12,3,0,25,6,7,198,30,10,12,7,74,23.0,22.0,17.0,27.0,6.0,6.0,5.0,7.0,30.0,30.0,16.0,26.0,10.0,10.0,6.0,10.0,21.0,16.0,4.0,15.0,8.0,4.0,4.0,5.0,19.166666666666668,18.375
2026-06-18 13:00:00,13,3,0,17,4,14,198,20,7,12,6,76,25.0,18.0,13.0,17.0,6.0,5.0,4.0,4.0,30.0,21.0,26.0,21.0,10.0,5.0,8.0,9.0,12.0,14.0,16.0,17.0,7.0,4.0,6.0,5.0,19.833333333333332,18.375
2026-06-18 14:00:00,14,3,0,22,6,7,198,29,9,12,6,71,17.0,23.0,14.0,27.0,4.0,6.0,4.0,7.0,20.0,30.0,28.0,31.0,7.0,10.0,9.0,12.0,12.0,21.0,19.0,21.0,6.0,8.0,6.0,5.0,21.166666666666668,18.166666666666668
2026-06-18 15:00:00,15,3,0,17,5,8,198,28,11,17,5,79,22.0,25.0,22.0,27.0,6.0,6.0,6.0,7.0,29.0,30.0,30.0,31.0,9.0,10.0,10.0,10.0,12.0,12.0,16.0,16.0,6.0,7.0,4.0,5.0,20.333333333333332,17.75
2026-06-18 16:00:00,16,3,0,26,7,9,198,32,10,20,6,71,17.0,17.0,18.0,25.0,5.0,4.0,5.0,7.0,28.0,20.0,21.0,27.0,11.0,7.0,5.0,10.0,17.0,12.0,14.0,17.0,5.0,6.0,4.0,6.0,21.666666666666668,17.791666666666668
2026-06-18 17:00:00,17,3,0,22,6,13,198,28,10,12,5,68,26.0,22.0,23.0,20.0,7.0,6.0,6.0,6.0,32.0,29.0,30.0,27.0,10.0,9.0,10.0,9.0,20.0,12.0,21.0,17.0,6.0,6.0,8.0,4.0,21.5,17.875
2026-06-18 18:00:00,18,3,0,12,4,8,198,19,8,16,3,74,22.0,17.0,25.0,23.0,6.0,5.0,6.0,7.0,28.0,28.0,30.0,29.0,10.0,11.0,10.0,9.0,12.0,17.0,12.0,16.0,5.0,5.0,7.0,6.0,19.333333333333332,17.416666666666668
2026-06-18 19:00:00,19,3,0,17,5,13,198,20,7,13,4,53,12.0,26.0,17.0,17.0,4.0,7.0,4.0,5.0,19.0,32.0,20.0,23.0,8.0,10.0,7.0,7.0,16.0,20.0,12.0,10.0,3.0,6.0,6.0,5.0,19.333333333333332,17.416666666666668
2026-06-18 20:00:00,20,3,0,20,6,11,198,32,11,18,5,50,17.0,22.0,22.0,14.0,5.0,6.0,6.0,4.0,20.0,28.0,29.0,23.0,7.0,10.0,9.0,8.0,13.0,12.0,12.0,14.0,4.0,5.0,6.0,6.0,19.0,17.666666666666668
2026-06-18 21:00:00,21,3,0,10,3,9,198,21,7,16,4,50,20.0,12.0,17.0,15.0,6.0,4.0,5.0,5.0,32.0,19.0,28.0,19.0,11.0,8.0,11.0,4.0,18.0,16.0,17.0,10.0,5.0,3.0,5.0,5.0,17.833333333333332,17.458333333333332
2026-06-18 22:00:00,22,3,0,18,6,14,198,23,10,11,5,48,10.0,17.0,26.0,13.0,3.0,5.0,7.0,4.0,21.0,20.0,32.0,19.0,7.0,7.0,10.0,8.0,16.0,13.0,20.0,10.0,4.0,4.0,6.0,4.0,16.5,17.666666666666668
2026-06-18 23:00:00,23,3,0,20,7,11,198,22,7,11,4,48,18.0,20.0,22.0,6.0,6.0,6.0,6.0,2.0,23.0,32.0,28.0,12.0,10.0,11.0,10.0,0.0,11.0,18.0,12.0,7.0,5.0,5.0,5.0,5.0,16.166666666666668,18.25
2026-06-19 00:00:00,0,4,0,14,5,14,198,21,9,8,4,43,20.0,10.0,12.0,13.0,7.0,3.0,4.0,4.0,22.0,21.0,19.0,13.0,7.0,7.0,8.0,9.0,11.0,16.0,16.0,8.0,4.0,4.0,3.0,3.0,16.5,18.291666666666668
2026-06-19 01:00:00,1,4,0,18,6,10,198,23,8,18,5,41,14.0,18.0,17.0,18.0,5.0,6.0,5.0,6.0,21.0,23.0,20.0,24.0,9.0,10.0,7.0,11.0,8.0,11.0,13.0,15.0,4.0,5.0,4.0,4.0,16.666666666666668,18.291666666666668
2026-06-19 02:00:00,2,4,0,16,5,8,198,19,5,12,5,49,18.0,20.0,20.0,13.0,6.0,7.0,6.0,4.0,23.0,22.0,32.0,21.0,8.0,7.0,11.0,7.0,18.0,11.0,18.0,11.0,5.0,4.0,5.0,3.0,16.0,18.416666666666668
2026-06-19 03:00:00,3,4,0,18,6,9,198,26,10,17,4,52,16.0,14.0,10.0,22.0,5.0,5.0,3.0,7.0,19.0,21.0,21.0,26.0,5.0,9.0,7.0,9.0,12.0,8.0,16.0,16.0,5.0,4.0,4.0,3.0,17.333333333333332,18.25
2026-06-19 04:00:00,4,4,0,17,5,6,198,27,9,17,5,49,18.0,18.0,18.0,16.0,6.0,6.0,6.0,5.0,26.0,23.0,23.0,20.0,10.0,8.0,10.0,7.0,17.0,18.0,11.0,9.0,4.0,5.0,5.0,2.0,17.166666666666668,18.291666666666668
2026-06-19 05:00:00,5,4,0,16,5,7,198,23,9,15,5,50,17.0,16.0,20.0,23.0,5.0,5.0,7.0,7.0,27.0,19.0,22.0,28.0,9.0,5.0,7.0,9.0,17.0,12.0,11.0,18.0,5.0,5.0,4.0,6.0,16.5,18.0
2026-06-19 06:00:00,6,4,0,21,6,10,198,24,4,15,6,53,16.0,18.0,14.0,17.0,5.0,6.0,5.0,5.0,23.0,26.0,21.0,16.0,9.0,10.0,9.0,6.0,15.0,17.0,8.0,4.0,5.0,4.0,4.0,4.0,17.666666666666668,18.166666666666668
2026-06-19 07:00:00,7,4,0,21,6,13,198,21,7,14,4,75,21.0,17.0,18.0,13.0,6.0,5.0,6.0,4.0,24.0,27.0,23.0,26.0,4.0,9.0,8.0,8.0,15.0,17.0,18.0,16.0,6.0,5.0,5.0,6.0,18.166666666666668,18.5
2026-06-19 08:00:00,8,4,0,15,4,6,198,20,6,13,4,74,21.0,16.0,16.0,14.0,6.0,5.0,5.0,4.0,21.0,23.0,19.0,28.0,7.0,9.0,5.0,9.0,14.0,15.0,12.0,19.0,4.0,5.0,5.0,6.0,18.0,18.541666666666668
2026-06-19 09:00:00,9,4,0,23,6,4,198,25,7,14,4,72,15.0,21.0,18.0,22.0,4.0,6.0,6.0,6.0,20.0,24.0,26.0,30.0,6.0,4.0,10.0,10.0,13.0,15.0,17.0,16.0,4.0,6.0,4.0,4.0,18.833333333333332,18.583333333333332
2026-06-19 10:00:00,10,4,0,21,6,9,198,25,8,15,5,80,23.0,21.0,17.0,18.0,6.0,6.0,5.0,5.0,25.0,21.0,27.0,21.0,7.0,7.0,9.0,5.0,14.0,14.0,17.0,14.0,4.0,4.0,5.0,4.0,19.5,18.708333333333332
2026-06-19 11:00:00,11,4,0,22,6,10,198,32,10,20,6,76,21.0,15.0,16.0,23.0,6.0,4.0,5.0,6.0,25.0,20.0,23.0,30.0,8.0,6.0,9.0,10.0,15.0,13.0,15.0,21.0,5.0,4.0,5.0,8.0,20.5,18.666666666666668
2026-06-19 12:00:00,12,4,0,24,6,6,198,34,11,21,7,71,22.0,23.0,21.0,25.0,6.0,6.0,6.0,6.0,32.0,25.0,24.0,30.0,10.0,7.0,4.0,10.0,20.0,14.0,15.0,12.0,6.0,4.0,6.0,7.0,21.0,18.625
2026-06-19 13:00:00,13,4,0,24,6,7,198,36,10,19,7,70,24.0,21.0,21.0,17.0,6.0,6.0,6.0,4.0,34.0,25.0,21.0,20.0,11.0,8.0,7.0,7.0,21.0,15.0,14.0,12.0,7.0,5.0,4.0,6.0,21.5,18.916666666666668
2026-06-19 14:00:00,14,4,0,33,9,17,198,32,12,17,4,78,24.0,22.0,15.0,22.0,6.0,6.0,4.0,6.0,36.0,32.0,20.0,29.0,10.0,10.0,6.0,9.0,19.0,20.0,13.0,12.0,7.0,6.0,4.0,6.0,24.5,19.375
2026-06-19 15:00:00,15,4,0,23,6,11,198,30,12,21,7,71,33.0,24.0,23.0,17.0,9.0,6.0,6.0,5.0,32.0,34.0,25.0,28.0,12.0,11.0,7.0,11.0,17.0,21.0,14.0,17.0,4.0,7.0,4.0,5.0,24.5,19.625
2026-06-19 16:00:00,16,4,0,18,5,10,198,24,9,14,4,80,23.0,24.0,21.0,26.0,6.0,6.0,6.0,7.0,30.0,36.0,25.0,32.0,12.0,10.0,8.0,10.0,21.0,19.0,15.0,20.0,7.0,7.0,5.0,6.0,24.0,19.291666666666668
2026-06-19 17:00:00,17,4,0,11,3,11,198,23,9,15,7,66,18.0,33.0,22.0,22.0,5.0,9.0,6.0,6.0,24.0,32.0,32.0,28.0,9.0,12.0,10.0,10.0,14.0,17.0,20.0,12.0,4.0,4.0,6.0,5.0,22.166666666666668,18.833333333333332
2026-06-19 18:00:00,18,4,0,17,5,7,198,28,11,15,5,78,11.0,23.0,24.0,12.0,3.0,6.0,6.0,4.0,23.0,30.0,34.0,19.0,9.0,12.0,11.0,8.0,15.0,21.0,21.0,16.0,7.0,7.0,7.0,3.0,21.0,19.041666666666668
2026-06-19 19:00:00,19,4,0,22,7,12,198,30,12,16,6,49,17.0,18.0,24.0,17.0,5.0,5.0,6.0,5.0,28.0,24.0,36.0,20.0,11.0,9.0,10.0,7.0,15.0,14.0,19.0,13.0,5.0,4.0,7.0,4.0,20.666666666666668,19.25
2026-06-19 20:00:00,20,4,0,21,7,13,198,30,13,17,4,48,22.0,11.0,33.0,20.0,7.0,3.0,9.0,6.0,30.0,23.0,32.0,32.0,12.0,9.0,12.0,11.0,16.0,15.0,17.0,18.0,6.0,7.0,4.0,5.0,18.666666666666668,19.291666666666668
2026-06-19 21:00:00,21,4,0,16,5,12,198,25,8,15,6,47,21.0,17.0,23.0,10.0,7.0,5.0,6.0,3.0,30.0,28.0,30.0,21.0,13.0,11.0,12.0,7.0,17.0,15.0,21.0,16.0,4.0,5.0,7.0,4.0,17.5,19.541666666666668
2026-06-19 22:00:00,22,4,0,18,6,18,198,24,7,14,3,54,16.0,22.0,18.0,18.0,5.0,7.0,5.0,6.0,25.0,30.0,24.0,23.0,8.0,12.0,9.0,10.0,15.0,16.0,14.0,11.0,6.0,6.0,4.0,5.0,17.5,19.541666666666668
2026-06-19 23:00:00,23,4,0,14,5,13,198,18,7,14,4,50,18.0,21.0,11.0,20.0,6.0,7.0,3.0,7.0,24.0,30.0,23.0,22.0,7.0,13.0,9.0,7.0,14.0,17.0,15.0,11.0,3.0,4.0,7.0,4.0,18.0,19.291666666666668
2026-06-20 00:00:00,0,5,1,9,3,10,198,9,4,6,1,45,14.0,16.0,17.0,14.0,5.0,5.0,5.0,5.0,18.0,25.0,28.0,21.0,7.0,8.0,11.0,9.0,14.0,15.0,15.0,8.0,4.0,6.0,5.0,4.0,16.666666666666668,19.083333333333332
2026-06-20 01:00:00,1,5,1,15,5,4,198,15,7,13,0,43,9.0,18.0,22.0,18.0,3.0,6.0,7.0,6.0,9.0,24.0,30.0,23.0,4.0,7.0,12.0,8.0,6.0,14.0,16.0,18.0,1.0,3.0,6.0,5.0,15.5,18.958333333333332
2026-06-20 02:00:00,2,5,1,14,5,10,198,20,10,13,2,49,15.0,14.0,21.0,16.0,5.0,5.0,7.0,5.0,15.0,18.0,30.0,19.0,7.0,7.0,13.0,5.0,13.0,14.0,17.0,12.0,0.0,4.0,4.0,5.0,14.333333333333334,18.875
2026-06-20 03:00:00,3,5,1,20,7,8,198,26,9,11,4,48,14.0,9.0,16.0,18.0,5.0,3.0,5.0,6.0,20.0,9.0,25.0,26.0,10.0,4.0,8.0,10.0,13.0,6.0,15.0,17.0,2.0,1.0,6.0,4.0,15.0,18.958333333333332
2026-06-20 04:00:00,4,5,1,12,4,7,198,18,7,13,5,43,20.0,15.0,18.0,17.0,7.0,5.0,6.0,5.0,26.0,15.0,24.0,27.0,9.0,7.0,7.0,9.0,11.0,13.0,14.0,17.0,4.0,0.0,3.0,5.0,14.0,18.75
2026-06-20 05:00:00,5,5,1,12,4,10,198,18,5,8,2,48,12.0,14.0,14.0,16.0,4.0,5.0,5.0,5.0,18.0,20.0,18.0,23.0,7.0,10.0,7.0,9.0,13.0,13.0,14.0,15.0,5.0,2.0,4.0,5.0,13.666666666666666,18.583333333333332
2026-06-20 06:00:00,6,5,1,13,4,11,198,10,7,7,3,46,12.0,20.0,9.0,21.0,4.0,7.0,3.0,6.0,18.0,26.0,9.0,24.0,5.0,9.0,4.0,4.0,8.0,11.0,6.0,15.0,2.0,4.0,1.0,6.0,14.333333333333334,18.25
2026-06-20 07:00:00,7,5,1,20,6,8,198,16,5,8,2,74,13.0,12.0,15.0,21.0,4.0,4.0,5.0,6.0,10.0,18.0,15.0,21.0,7.0,7.0,7.0,7.0,7.0,13.0,13.0,14.0,3.0,5.0,0.0,4.0,15.166666666666666,18.208333333333332
2026-06-20 08:00:00,8,5,1,12,3,2,198,17,5,15,3,76,20.0,12.0,14.0,15.0,6.0,4.0,5.0,4.0,16.0,18.0,20.0,20.0,5.0,5.0,10.0,6.0,8.0,8.0,13.0,13.0,2.0,2.0,2.0,4.0,14.833333333333334,18.083333333333332
2026-06-20 09:00:00,9,5,1,18,5,7,198,19,6,15,2,78,12.0,13.0,20.0,23.0,3.0,4.0,7.0,6.0,17.0,10.0,26.0,25.0,5.0,7.0,9.0,7.0,15.0,7.0,11.0,14.0,3.0,3.0,4.0,4.0,14.5,17.875
2026-06-20 10:00:00,10,5,1,22,6,7,198,26,8,15,3,77,18.0,20.0,12.0,21.0,5.0,6.0,4.0,6.0,19.0,16.0,18.0,25.0,6.0,5.0,7.0,8.0,15.0,8.0,13.0,15.0,2.0,2.0,5.0,5.0,16.166666666666668,17.916666666666668
2026-06-20 11:00:00,11,5,1,30,8,8,198,31,10,19,3,72,22.0,12.0,12.0,22.0,6.0,3.0,4.0,6.0,26.0,17.0,18.0,32.0,8.0,5.0,5.0,10.0,15.0,15.0,8.0,20.0,3.0,3.0,2.0,6.0,19.166666666666668,18.25
2026-06-20 12:00:00,12,5,1,22,6,5,198,24,7,15,2,75,30.0,18.0,13.0,24.0,8.0,5.0,4.0,6.0,31.0,19.0,10.0,34.0,10.0,6.0,7.0,11.0,19.0,15.0,7.0,21.0,3.0,2.0,3.0,7.0,20.666666666666668,18.166666666666668
2026-06-20 13:00:00,13,5,1,13,3,8,198,12,2,9,2,74,22.0,22.0,20.0,24.0,6.0,6.0,6.0,6.0,24.0,26.0,16.0,36.0,7.0,8.0,5.0,10.0,15.0,15.0,8.0,19.0,2.0,3.0,2.0,7.0,19.5,17.708333333333332
2026-06-20 14:00:00,14,5,1,26,7,10,198,29,9,18,3,70,13.0,30.0,12.0,33.0,3.0,8.0,3.0,9.0,12.0,31.0,17.0,32.0,2.0,10.0,5.0,12.0,9.0,19.0,15.0,17.0,2.0,3.0,3.0,4.0,21.833333333333332,17.416666666666668
2026-06-20 15:00:00,15,5,1,23,6,10,198,28,12,15,3,75,26.0,22.0,18.0,23.0,7.0,6.0,5.0,6.0,29.0,24.0,19.0,30.0,9.0,7.0,6.0,12.0,18.0,15.0,15.0,21.0,3.0,2.0,2.0,7.0,22.666666666666668,17.416666666666668
2026-06-20 16:00:00,16,5,1,12,3,8,198,17,7,9,2,80,23.0,13.0,22.0,18.0,6.0,3.0,6.0,5.0,28.0,12.0,26.0,24.0,12.0,2.0,8.0,9.0,15.0,9.0,15.0,14.0,3.0,2.0,3.0,4.0,21.0,17.166666666666668
2026-06-20 17:00:00,17,5,1,20,6,6,198,26,10,16,2,74,12.0,26.0,30.0,11.0,3.0,7.0,8.0,3.0,17.0,29.0,31.0,23.0,7.0,9.0,10.0,9.0,9.0,18.0,19.0,15.0,2.0,3.0,3.0,7.0,19.333333333333332,17.541666666666668
2026-06-20 18:00:00,18,5,1,13,4,13,198,19,8,14,4,69,20.0,23.0,22.0,17.0,6.0,6.0,6.0,5.0,26.0,28.0,24.0,28.0,10.0,12.0,7.0,11.0,16.0,15.0,15.0,15.0,2.0,3.0,2.0,5.0,17.833333333333332,17.375
2026-06-20 19:00:00,19,5,1,13,4,15,198,19,9,13,4,48,13.0,12.0,13.0,22.0,4.0,3.0,3.0,7.0,19.0,17.0,12.0,30.0,8.0,7.0,2.0,12.0,14.0,9.0,9.0,16.0,4.0,2.0,2.0,6.0,17.833333333333332,17.0
2026-06-20 20:00:00,20,5,1,13,4,13,198,13,2,7,4,44,13.0,20.0,26.0,21.0,4.0,6.0,7.0,7.0,19.0,26.0,29.0,30.0,9.0,10.0,9.0,13.0,13.0,16.0,18.0,17.0,4.0,2.0,3.0,4.0,15.666666666666666,16.666666666666668
2026-06-20 21:00:00,21,5,1,13,4,7,198,13,3,9,2,51,13.0,13.0,23.0,16.0,4.0,4.0,6.0,5.0,13.0,19.0,28.0,25.0,2.0,8.0,12.0,8.0,7.0,14.0,15.0,15.0,4.0,4.0,3.0,6.0,14.0,16.541666666666668
2026-06-20 22:00:00,22,5,1,15,5,17,198,16,4,9,2,50,13.0,13.0,12.0,18.0,4.0,4.0,3.0,6.0,13.0,19.0,17.0,24.0,3.0,9.0,7.0,7.0,9.0,13.0,9.0,14.0,2.0,4.0,2.0,3.0,14.5,16.416666666666668
2026-06-20 23:00:00,23,5,1,15,5,11,198,21,6,15,3,47,15.0,13.0,20.0,14.0,5.0,4.0,6.0,5.0,16.0,13.0,26.0,18.0,4.0,2.0,10.0,7.0,9.0,7.0,16.0,14.0,2.0,4.0,2.0,4.0,13.666666666666666,16.458333333333332
2026-06-21 00:00:00,0,6,1,16,5,8,198,19,6,17,4,47,15.0,13.0,13.0,9.0,5.0,4.0,4.0,3.0,21.0,13.0,19.0,9.0,6.0,3.0,8.0,4.0,15.0,9.0,14.0,6.0,3.0,2.0,4.0,1.0,14.166666666666666,16.75
2026-06-21 01:00:00,1,6,1,12,4,10,198,13,4,7,0,47,16.0,15.0,13.0,15.0,5.0,5.0,4.0,5.0,19.0,16.0,19.0,15.0,6.0,4.0,9.0,7.0,17.0,9.0,13.0,13.0,4.0,2.0,4.0,0.0,14.0,16.625
2026-06-21 02:00:00,2,6,1,8,3,7,198,8,3,7,1,48,12.0,15.0,13.0,14.0,4.0,5.0,4.0,5.0,13.0,21.0,13.0,20.0,4.0,6.0,2.0,10.0,7.0,15.0,7.0,13.0,0.0,3.0,4.0,2.0,13.166666666666666,16.375
2026-06-21 03:00:00,3,6,1,14,5,7,198,16,6,8,3,46,8.0,16.0,13.0,20.0,3.0,5.0,4.0,7.0,8.0,19.0,13.0,26.0,3.0,6.0,3.0,9.0,7.0,17.0,9.0,11.0,1.0,4.0,2.0,4.0,13.333333333333334,16.125
2026-06-21 04:00:00,4,6,1,13,4,5,198,15,4,9,2,44,14.0,12.0,15.0,12.0,5.0,4.0,5.0,4.0,16.0,13.0,16.0,18.0,6.0,4.0,4.0,7.0,8.0,7.0,9.0,13.0,3.0,0.0,2.0,5.0,13.0,16.166666666666668
2026-06-21 05:00:00,5,6,1,11,3,7,198,10,0,6,1,51,13.0,8.0,15.0,12.0,4.0,3.0,5.0,4.0,15.0,8.0,21.0,18.0,4.0,3.0,6.0,5.0,9.0,7.0,15.0,8.0,2.0,1.0,3.0,2.0,12.333333333333334,16.125
2026-06-21 06:00:00,6,6,1,8,2,8,198,7,1,4,1,47,11.0,14.0,16.0,13.0,3.0,5.0,5.0,4.0,10.0,16.0,19.0,10.0,0.0,6.0,6.0,7.0,6.0,8.0,17.0,7.0,1.0,3.0,4.0,3.0,11.0,15.916666666666666
2026-06-21 07:00:00,7,6,1,4,1,9,198,2,0,6,2,75,8.0,13.0,12.0,20.0,2.0,4.0,4.0,6.0,7.0,15.0,13.0,16.0,1.0,4.0,4.0,5.0,4.0,9.0,7.0,8.0,1.0,2.0,0.0,2.0,9.666666666666666,15.25
2026-06-21 08:00:00,8,6,1,14,4,9,198,13,4,7,1,75,4.0,11.0,8.0,12.0,1.0,3.0,3.0,3.0,2.0,10.0,8.0,17.0,0.0,0.0,3.0,5.0,6.0,6.0,7.0,15.0,2.0,1.0,1.0,3.0,10.666666666666666,15.333333333333334
2026-06-21 09:00:00,9,6,1,17,5,8,198,20,5,14,4,75,14.0,8.0,14.0,18.0,4.0,2.0,5.0,5.0,13.0,7.0,16.0,19.0,4.0,1.0,6.0,6.0,7.0,4.0,8.0,15.0,1.0,1.0,3.0,2.0,11.166666666666666,15.291666666666666
2026-06-21 10:00:00,10,6,1,21,6,6,198,20,6,9,2,70,17.0,4.0,13.0,22.0,5.0,1.0,4.0,6.0,20.0,2.0,15.0,26.0,5.0,0.0,4.0,8.0,14.0,6.0,9.0,15.0,4.0,2.0,2.0,3.0,12.5,15.25
2026-06-21 11:00:00,11,6,1,13,3,6,198,16,4,11,2,69,21.0,14.0,11.0,30.0,6.0,4.0,3.0,8.0,20.0,13.0,10.0,31.0,6.0,4.0,0.0,10.0,9.0,7.0,6.0,19.0,2.0,1.0,1.0,3.0,12.833333333333334,14.541666666666666
2026-06-21 12:00:00,12,6,1,20,5,9,198,24,8,17,3,72,13.0,17.0,8.0,22.0,3.0,5.0,2.0,6.0,16.0,20.0,7.0,24.0,4.0,5.0,1.0,7.0,11.0,14.0,4.0,15.0,2.0,4.0,1.0,2.0,14.833333333333334,14.458333333333334
2026-06-21 13:00:00,13,6,1,21,5,4,198,25,7,14,4,75,20.0,21.0,4.0,13.0,5.0,6.0,1.0,3.0,24.0,20.0,2.0,12.0,8.0,6.0,0.0,2.0,17.0,9.0,6.0,9.0,3.0,2.0,2.0,2.0,17.666666666666668,14.791666666666666
2026-06-21 14:00:00,14,6,1,16,4,6,198,23,6,9,4,72,21.0,13.0,14.0,26.0,5.0,3.0,4.0,7.0,25.0,16.0,13.0,29.0,7.0,4.0,4.0,9.0,14.0,11.0,7.0,18.0,4.0,2.0,1.0,3.0,18.0,14.375
2026-06-21 15:00:00,15,6,1,19,5,3,198,25,6,15,4,73,16.0,20.0,17.0,23.0,4.0,5.0,5.0,6.0,23.0,24.0,20.0,28.0,6.0,8.0,5.0,12.0,9.0,17.0,14.0,15.0,4.0,3.0,4.0,3.0,18.333333333333332,14.208333333333334
2026-06-21 16:00:00,16,6,1,17,5,4,198,17,6,11,2,80,19.0,21.0,21.0,12.0,5.0,5.0,6.0,3.0,25.0,25.0,20.0,17.0,6.0,7.0,6.0,7.0,15.0,14.0,9.0,9.0,4.0,4.0,2.0,2.0,17.666666666666668,14.416666666666666
2026-06-21 17:00:00,17,6,1,18,5,10,198,17,5,12,2,68,17.0,16.0,13.0,20.0,5.0,4.0,3.0,6.0,17.0,23.0,16.0,26.0,6.0,6.0,4.0,10.0,11.0,9.0,11.0,16.0,2.0,4.0,2.0,2.0,18.5,14.333333333333334
2026-06-21 18:00:00,18,6,1,10,3,11,198,15,6,13,3,72,18.0,19.0,20.0,13.0,5.0,5.0,5.0,4.0,17.0,25.0,24.0,19.0,5.0,6.0,8.0,8.0,12.0,15.0,17.0,14.0,2.0,4.0,3.0,4.0,16.833333333333332,14.208333333333334
2026-06-21 19:00:00,19,6,1,13,4,6,198,16,6,9,2,54,10.0,17.0,21.0,13.0,3.0,5.0,5.0,4.0,15.0,17.0,25.0,19.0,6.0,6.0,7.0,9.0,13.0,11.0,14.0,13.0,3.0,2.0,4.0,4.0,15.5,14.208333333333334
2026-06-21 20:00:00,20,6,1,21,7,14,198,25,9,14,2,48,13.0,18.0,16.0,13.0,4.0,5.0,4.0,4.0,16.0,17.0,23.0,13.0,6.0,5.0,6.0,2.0,9.0,12.0,9.0,7.0,2.0,2.0,4.0,4.0,16.333333333333332,14.541666666666666
2026-06-21 21:00:00,21,6,1,16,5,10,198,22,6,11,3,46,21.0,10.0,19.0,13.0,7.0,3.0,5.0,4.0,25.0,15.0,25.0,13.0,9.0,6.0,6.0,3.0,14.0,13.0,15.0,9.0,2.0,3.0,4.0,2.0,15.833333333333334,14.666666666666666
2026-06-21 22:00:00,22,6,1,14,5,7,198,15,6,10,3,52,16.0,13.0,17.0,15.0,5.0,4.0,5.0,5.0,22.0,16.0,17.0,16.0,6.0,6.0,6.0,4.0,11.0,9.0,11.0,9.0,3.0,2.0,2.0,2.0,15.333333333333334,14.625
2026-06-21 23:00:00,23,6,1,10,3,11,198,8,4,6,0,48,14.0,21.0,18.0,15.0,5.0,7.0,5.0,5.0,15.0,25.0,17.0,21.0,6.0,9.0,5.0,6.0,10.0,14.0,12.0,15.0,3.0,2.0,2.0,3.0,14.0,14.416666666666666
2026-06-22 00:00:00,0,0,0,7,2,11,198,16,5,9,5,47,10.0,16.0,10.0,16.0,3.0,5.0,3.0,5.0,8.0,22.0,15.0,19.0,4.0,6.0,6.0,6.0,6.0,11.0,13.0,17.0,0.0,3.0,3.0,4.0,13.5,14.041666666666666
2026-06-22 01:00:00,1,0,0,11,4,10,198,19,9,13,4,49,7.0,14.0,13.0,12.0,2.0,5.0,4.0,4.0,16.0,15.0,16.0,13.0,5.0,6.0,6.0,4.0,9.0,10.0,9.0,7.0,5.0,3.0,2.0,0.0,13.166666666666666,14.0
2026-06-22 02:00:00,2,0,0,17,6,8,198,26,10,17,5,46,11.0,10.0,21.0,8.0,4.0,3.0,7.0,3.0,19.0,8.0,25.0,8.0,9.0,4.0,9.0,3.0,13.0,6.0,14.0,7.0,4.0,0.0,2.0,1.0,12.5,14.375
2026-06-22 03:00:00,3,0,0,12,4,8,198,19,8,12,5,45,17.0,7.0,16.0,14.0,6.0,2.0,5.0,5.0,26.0,16.0,22.0,16.0,10.0,5.0,6.0,6.0,17.0,9.0,11.0,8.0,5.0,5.0,3.0,3.0,11.833333333333334,14.291666666666666
2026-06-22 04:00:00,4,0,0,19,6,7,198,23,8,12,6,48,12.0,11.0,14.0,13.0,4.0,4.0,5.0,4.0,19.0,19.0,15.0,15.0,8.0,9.0,6.0,4.0,12.0,13.0,10.0,9.0,5.0,4.0,3.0,2.0,12.666666666666666,14.541666666666666
2026-06-22 05:00:00,5,0,0,14,4,8,198,19,7,11,6,45,19.0,17.0,10.0,11.0,6.0,6.0,3.0,3.0,23.0,26.0,8.0,10.0,8.0,10.0,4.0,0.0,12.0,17.0,6.0,6.0,6.0,5.0,0.0,1.0,13.333333333333334,14.666666666666666
2026-06-22 06:00:00,6,0,0,15,4,7,198,24,7,10,6,48,14.0,12.0,7.0,8.0,4.0,4.0,2.0,2.0,19.0,19.0,16.0,7.0,7.0,8.0,5.0,1.0,11.0,12.0,9.0,4.0,6.0,5.0,5.0,1.0,14.666666666666666,14.958333333333334
2026-06-22 07:00:00,7,0,0,22,6,6,198,30,9,19,6,75,15.0,19.0,11.0,4.0,4.0,6.0,4.0,1.0,24.0,23.0,19.0,2.0,7.0,8.0,9.0,0.0,10.0,12.0,13.0,6.0,6.0,6.0,4.0,2.0,16.5,15.708333333333334
2026-06-22 08:00:00,8,0,0,14,4,0,198,17,6,11,5,77,22.0,14.0,17.0,14.0,6.0,4.0,6.0,4.0,30.0,19.0,26.0,13.0,9.0,7.0,10.0,4.0,19.0,11.0,17.0,7.0,6.0,6.0,5.0,1.0,16.0,15.708333333333334
2026-06-22 09:00:00,9,0,0,25,7,11,198,30,11,19,5,77,14.0,15.0,12.0,17.0,4.0,4.0,4.0,5.0,17.0,24.0,19.0,20.0,6.0,7.0,8.0,5.0,11.0,10.0,12.0,14.0,5.0,6.0,5.0,4.0,18.166666666666668,16.041666666666668
2026-06-22 10:00:00,10,0,0,20,5,10,198,29,10,19,6,73,25.0,22.0,19.0,21.0,7.0,6.0,6.0,6.0,30.0,30.0,23.0,20.0,11.0,9.0,8.0,6.0,19.0,19.0,12.0,9.0,5.0,6.0,6.0,2.0,18.333333333333332,16.0
2026-06-22 11:00:00,11,0,0,23,6,7,198,26,11,17,6,75,20.0,14.0,14.0,13.0,5.0,4.0,4.0,3.0,29.0,17.0,19.0,16.0,10.0,6.0,7.0,4.0,19.0,11.0,11.0,11.0,6.0,5.0,6.0,2.0,19.833333333333332,16.416666666666668
2026-06-22 12:00:00,12,0,0,15,4,13,198,25,6,15,5,75,23.0,25.0,15.0,20.0,6.0,7.0,4.0,5.0,26.0,30.0,24.0,24.0,11.0,11.0,7.0,8.0,17.0,19.0,10.0,17.0,6.0,5.0,6.0,3.0,19.833333333333332,16.208333333333332
2026-06-22 13:00:00,13,0,0,34,9,12,198,38,12,24,6,75,15.0,20.0,22.0,21.0,4.0,5.0,6.0,5.0,25.0,29.0,30.0,25.0,6.0,10.0,9.0,7.0,15.0,19.0,19.0,14.0,5.0,6.0,6.0,4.0,21.833333333333332,16.75
2026-06-22 14:00:00,14,0,0,26,7,10,198,36,12,20,6,73,34.0,23.0,14.0,16.0,9.0,6.0,4.0,4.0,38.0,26.0,17.0,23.0,12.0,11.0,6.0,6.0,24.0,17.0,11.0,9.0,6.0,6.0,5.0,4.0,23.833333333333332,17.166666666666668
2026-06-22 15:00:00,15,0,0,17,5,14,198,21,6,12,5,71,26.0,15.0,25.0,19.0,7.0,4.0,7.0,5.0,36.0,25.0,30.0,25.0,12.0,6.0,11.0,6.0,20.0,15.0,19.0,15.0,6.0,5.0,5.0,4.0,22.5,17.083333333333332
2026-06-22 16:00:00,16,0,0,19,5,8,198,25,13,16,7,76,17.0,34.0,20.0,17.0,5.0,9.0,5.0,5.0,21.0,38.0,29.0,17.0,6.0,12.0,10.0,6.0,12.0,24.0,19.0,11.0,5.0,6.0,6.0,2.0,22.333333333333332,17.166666666666668
2026-06-22 17:00:00,17,0,0,18,5,13,198,24,9,13,6,69,19.0,26.0,23.0,18.0,5.0,7.0,6.0,5.0,25.0,36.0,26.0,17.0,13.0,12.0,11.0,5.0,16.0,20.0,17.0,12.0,7.0,6.0,6.0,2.0,21.5,17.166666666666668
2026-06-22 18:00:00,18,0,0,14,4,10,198,25,8,17,8,73,18.0,17.0,15.0,10.0,5.0,5.0,4.0,3.0,24.0,21.0,25.0,15.0,9.0,6.0,6.0,6.0,13.0,12.0,15.0,13.0,6.0,5.0,5.0,3.0,21.333333333333332,17.333333333333332
2026-06-22 19:00:00,19,0,0,30,9,11,198,31,10,18,4,40,14.0,19.0,34.0,13.0,4.0,5.0,9.0,4.0,25.0,25.0,38.0,16.0,8.0,13.0,12.0,6.0,17.0,16.0,24.0,9.0,8.0,7.0,6.0,2.0,20.666666666666668,18.041666666666668
2026-06-22 20:00:00,20,0,0,19,6,7,198,24,8,15,5,44,30.0,18.0,26.0,21.0,9.0,5.0,7.0,7.0,31.0,24.0,36.0,25.0,10.0,9.0,12.0,9.0,18.0,13.0,20.0,14.0,4.0,6.0,6.0,2.0,19.5,17.958333333333332
2026-06-22 21:00:00,21,0,0,20,7,16,198,27,9,17,5,45,19.0,14.0,17.0,16.0,6.0,4.0,5.0,5.0,24.0,25.0,21.0,22.0,8.0,8.0,6.0,6.0,15.0,17.0,12.0,11.0,5.0,8.0,5.0,3.0,20.0,18.125
2026-06-22 22:00:00,22,0,0,12,4,14,198,20,7,14,6,51,20.0,30.0,19.0,14.0,7.0,9.0,5.0,5.0,27.0,31.0,25.0,15.0,9.0,10.0,13.0,6.0,17.0,18.0,16.0,10.0,5.0,4.0,7.0,3.0,18.833333333333332,18.041666666666668
2026-06-22 23:00:00,23,0,0,10,3,6,198,17,5,12,5,50,12.0,19.0,18.0,10.0,4.0,6.0,5.0,3.0,20.0,24.0,24.0,8.0,7.0,8.0,9.0,4.0,14.0,15.0,13.0,6.0,6.0,5.0,6.0,0.0,17.5,18.041666666666668
2026-06-23 00:00:00,0,1,0,12,4,11,198,14,5,10,5,46,10.0,20.0,14.0,7.0,3.0,7.0,4.0,2.0,17.0,27.0,25.0,16.0,5.0,9.0,8.0,5.0,12.0,17.0,17.0,9.0,5.0,5.0,8.0,5.0,17.166666666666668,18.25
2026-06-23 01:00:00,1,1,0,13,4,10,198,17,8,6,3,50,12.0,12.0,30.0,11.0,4.0,4.0,9.0,4.0,14.0,20.0,31.0,19.0,5.0,7.0,10.0,9.0,10.0,14.0,18.0,13.0,5.0,6.0,4.0,4.0,14.333333333333334,18.333333333333332
2026-06-23 02:00:00,2,1,0,15,5,8,198,18,8,14,3,51,13.0,10.0,19.0,17.0,4.0,3.0,6.0,6.0,17.0,17.0,24.0,26.0,8.0,5.0,8.0,10.0,6.0,12.0,15.0,17.0,3.0,5.0,5.0,5.0,13.666666666666666,18.25
2026-06-23 03:00:00,3,1,0,10,3,15,198,22,8,17,5,48,15.0,12.0,20.0,12.0,5.0,4.0,7.0,4.0,18.0,14.0,27.0,19.0,8.0,5.0,9.0,8.0,14.0,10.0,17.0,12.0,3.0,5.0,5.0,5.0,12.0,18.166666666666668
2026-06-23 04:00:00,4,1,0,16,5,17,198,16,4,9,3,44,10.0,13.0,12.0,19.0,3.0,4.0,4.0,6.0,22.0,17.0,20.0,23.0,8.0,8.0,7.0,8.0,17.0,6.0,14.0,12.0,5.0,3.0,6.0,6.0,12.666666666666666,18.041666666666668
2026-06-23 05:00:00,5,1,0,11,3,14,198,11,5,7,4,47,16.0,15.0,10.0,14.0,5.0,5.0,3.0,4.0,16.0,18.0,17.0,19.0,4.0,8.0,5.0,7.0,9.0,14.0,12.0,11.0,3.0,3.0,5.0,6.0,12.833333333333334,17.916666666666668
2026-06-23 06:00:00,6,1,0,12,4,4,198,21,9,11,5,48,11.0,10.0,12.0,15.0,3.0,3.0,4.0,4.0,11.0,22.0,14.0,24.0,5.0,8.0,5.0,7.0,7.0,17.0,10.0,10.0,4.0,5.0,5.0,6.0,12.833333333333334,17.791666666666668
2026-06-23 07:00:00,7,1,0,6,2,6,198,13,6,4,4,70,12.0,16.0,13.0,22.0,4.0,5.0,4.0,6.0,21.0,16.0,17.0,30.0,9.0,4.0,8.0,9.0,11.0,9.0,6.0,19.0,5.0,3.0,3.0,6.0,11.666666666666666,17.125
2026-06-23 08:00:00,8,1,0,16,4,5,198,21,8,12,6,75,6.0,11.0,15.0,14.0,2.0,3.0,5.0,4.0,13.0,11.0,18.0,17.0,6.0,5.0,8.0,6.0,4.0,7.0,14.0,11.0,4.0,4.0,3.0,5.0,11.833333333333334,17.208333333333332
2026-06-23 09:00:00,9,1,0,16,4,5,198,19,9,11,6,75,16.0,12.0,10.0,25.0,4.0,4.0,3.0,7.0,21.0,21.0,22.0,30.0,8.0,9.0,8.0,11.0,12.0,11.0,17.0,19.0,6.0,5.0,5.0,5.0,12.833333333333334,16.833333333333332
2026-06-23 10:00:00,10,1,0,8,2,6,198,18,6,10,4,75,16.0,6.0,16.0,20.0,4.0,2.0,5.0,5.0,19.0,13.0,16.0,29.0,9.0,6.0,4.0,10.0,11.0,4.0,9.0,19.0,6.0,4.0,3.0,6.0,11.5,16.333333333333332
2026-06-23 11:00:00,11,1,0,21,5,6,198,29,11,16,4,75,8.0,16.0,11.0,23.0,2.0,4.0,3.0,6.0,18.0,21.0,11.0,26.0,6.0,8.0,5.0,11.0,10.0,12.0,7.0,17.0,4.0,6.0,4.0,6.0,13.166666666666666,16.25
2026-06-23 12:00:00,12,1,0,19,5,7,198,14,4,7,3,76,21.0,16.0,12.0,15.0,5.0,4.0,4.0,4.0,29.0,19.0,21.0,25.0,11.0,9.0,9.0,6.0,16.0,11.0,11.0,15.0,4.0,6.0,5.0,5.0,14.333333333333334,16.416666666666668
2026-06-23 13:00:00,13,1,0,20,5,8,198,24,9,15,5,73,19.0,8.0,6.0,34.0,5.0,2.0,2.0,9.0,14.0,18.0,13.0,38.0,4.0,6.0,6.0,12.0,7.0,10.0,4.0,24.0,3.0,4.0,4.0,6.0,16.666666666666668,15.833333333333334
2026-06-23 14:00:00,14,1,0,15,4,9,198,28,11,16,6,75,20.0,21.0,16.0,26.0,5.0,5.0,4.0,7.0,24.0,29.0,21.0,36.0,9.0,11.0,8.0,12.0,15.0,16.0,12.0,20.0,5.0,4.0,6.0,6.0,16.5,15.375
2026-06-23 15:00:00,15,1,0,18,5,6,198,22,7,15,5,73,15.0,19.0,16.0,17.0,4.0,5.0,4.0,5.0,28.0,14.0,19.0,21.0,11.0,4.0,9.0,6.0,16.0,7.0,11.0,12.0,6.0,3.0,6.0,5.0,16.833333333333332,15.416666666666666
2026-06-23 16:00:00,16,1,0,16,4,7,198,22,6,15,6,72,18.0,20.0,8.0,19.0,5.0,5.0,2.0,5.0,22.0,24.0,18.0,25.0,7.0,9.0,6.0,13.0,15.0,15.0,10.0,16.0,5.0,5.0,4.0,7.0,18.166666666666668,15.291666666666666
2026-06-23 17:00:00,17,1,0,33,10,10,198,34,12,26,4,78,16.0,15.0,21.0,18.0,4.0,4.0,5.0,5.0,22.0,28.0,29.0,24.0,6.0,11.0,11.0,9.0,15.0,16.0,16.0,13.0,6.0,6.0,4.0,6.0,20.166666666666668,15.916666666666666
2026-06-23 18:00:00,18,1,0,21,6,6,198,25,8,18,6,68,33.0,18.0,19.0,14.0,10.0,5.0,5.0,4.0,34.0,22.0,14.0,25.0,12.0,7.0,4.0,8.0,26.0,15.0,7.0,17.0,4.0,5.0,3.0,8.0,20.5,16.208333333333332
2026-06-23 19:00:00,19,1,0,23,7,11,198,23,9,15,5,51,21.0,16.0,20.0,30.0,6.0,4.0,5.0,9.0,25.0,22.0,24.0,31.0,8.0,6.0,9.0,10.0,18.0,15.0,15.0,18.0,6.0,6.0,5.0,4.0,21.0,15.916666666666666
2026-06-23 20:00:00,20,1,0,26,8,9,198,34,11,20,5,46,23.0,33.0,15.0,19.0,7.0,10.0,4.0,6.0,23.0,34.0,28.0,24.0,9.0,12.0,11.0,8.0,15.0,26.0,16.0,15.0,5.0,4.0,6.0,5.0,22.833333333333332,16.208333333333332
2026-06-23 21:00:00,21,1,0,16,5,14,198,17,9,11,5,46,26.0,21.0,18.0,20.0,8.0,6.0,5.0,7.0,34.0,25.0,22.0,27.0,11.0,8.0,7.0,9.0,20.0,18.0,15.0,17.0,5.0,6.0,5.0,5.0,22.5,16.041666666666668
2026-06-23 22:00:00,22,1,0,21,7,9,198,25,7,16,4,49,16.0,23.0,16.0,12.0,5.0,7.0,4.0,4.0,17.0,23.0,22.0,20.0,9.0,9.0,6.0,7.0,11.0,15.0,15.0,14.0,5.0,5.0,6.0,6.0,23.333333333333332,16.416666666666668
2026-06-23 23:00:00,23,1,0,17,6,11,198,22,10,13,3,44,21.0,26.0,33.0,10.0,7.0,8.0,10.0,3.0,25.0,34.0,34.0,17.0,7.0,11.0,12.0,5.0,16.0,20.0,26.0,12.0,4.0,5.0,4.0,5.0,20.666666666666668,16.708333333333332
2026-06-24 00:00:00,0,2,0,11,4,7,198,13,3,10,5,46,17.0,16.0,21.0,12.0,6.0,5.0,6.0,4.0,22.0,17.0,25.0,14.0,10.0,9.0,8.0,5.0,13.0,11.0,18.0,10.0,3.0,5.0,6.0,5.0,19.0,16.666666666666668
2026-06-24 01:00:00,1,2,0,13,4,16,198,17,3,8,5,45,11.0,21.0,23.0,13.0,4.0,7.0,7.0,4.0,13.0,25.0,23.0,17.0,3.0,7.0,9.0,8.0,10.0,16.0,15.0,6.0,5.0,4.0,5.0,3.0,17.333333333333332,16.666666666666668
2026-06-24 02:00:00,2,2,0,8,3,10,198,19,7,11,5,47,13.0,17.0,26.0,15.0,4.0,6.0,8.0,5.0,17.0,22.0,34.0,18.0,3.0,10.0,11.0,8.0,8.0,13.0,20.0,14.0,5.0,3.0,5.0,3.0,14.333333333333334,16.375
2026-06-24 03:00:00,3,2,0,14,5,12,198,22,7,15,5,46,8.0,11.0,16.0,10.0,3.0,4.0,5.0,3.0,19.0,13.0,17.0,22.0,7.0,3.0,9.0,8.0,11.0,10.0,11.0,17.0,5.0,5.0,5.0,5.0,14.0,16.541666666666668
2026-06-24 04:00:00,4,2,0,19,6,12,198,21,6,12,4,53,14.0,13.0,21.0,16.0,5.0,4.0,7.0,5.0,22.0,17.0,25.0,16.0,7.0,3.0,7.0,4.0,15.0,8.0,16.0,9.0,5.0,5.0,4.0,3.0,13.666666666666666,16.666666666666668
2026-06-24 05:00:00,5,2,0,13,4,9,198,20,4,12,3,53,19.0,8.0,17.0,11.0,6.0,3.0,6.0,3.0,21.0,19.0,22.0,11.0,6.0,7.0,10.0,5.0,12.0,11.0,13.0,7.0,4.0,5.0,3.0,4.0,13.0,16.75
2026-06-24 06:00:00,6,2,0,19,6,8,198,27,9,16,4,42,13.0,14.0,11.0,12.0,4.0,5.0,4.0,4.0,20.0,22.0,13.0,21.0,4.0,7.0,3.0,9.0,12.0,15.0,10.0,11.0,3.0,5.0,5.0,5.0,14.333333333333334,17.041666666666668
2026-06-24 07:00:00,7,2,0,20,6,7,198,26,10,14,5,76,19.0,19.0,13.0,6.0,6.0,6.0,4.0,2.0,27.0,21.0,17.0,13.0,9.0,6.0,3.0,6.0,16.0,12.0,8.0,4.0,4.0,4.0,5.0,4.0,15.5,17.625
2026-06-24 08:00:00,8,2,0,26,7,7,198,31,11,22,7,75,20.0,13.0,8.0,16.0,6.0,4.0,3.0,4.0,26.0,20.0,19.0,21.0,10.0,4.0,7.0,8.0,14.0,12.0,11.0,12.0,5.0,3.0,5.0,6.0,18.5,18.041666666666668
2026-06-24 09:00:00,9,2,0,23,6,8,198,29,10,16,6,74,26.0,19.0,14.0,16.0,7.0,6.0,5.0,4.0,31.0,27.0,22.0,19.0,11.0,9.0,7.0,9.0,22.0,16.0,15.0,11.0,7.0,4.0,5.0,6.0,20.0,18.333333333333332
2026-06-24 10:00:00,10,2,0,21,6,4,198,31,11,20,7,71,23.0,20.0,19.0,8.0,6.0,6.0,6.0,2.0,29.0,26.0,21.0,18.0,10.0,10.0,6.0,6.0,16.0,14.0,12.0,10.0,6.0,5.0,4.0,4.0,20.333333333333332,18.875
2026-06-24 11:00:00,11,2,0,23,6,6,198,29,10,19,6,72,21.0,26.0,13.0,21.0,6.0,7.0,4.0,5.0,31.0,31.0,20.0,29.0,11.0,11.0,4.0,11.0,20.0,22.0,12.0,16.0,7.0,7.0,3.0,4.0,22.0,18.958333333333332
2026-06-24 12:00:00,12,2,0,23,6,8,198,31,8,17,5,71,23.0,23.0,19.0,19.0,6.0,6.0,6.0,5.0,29.0,29.0,27.0,14.0,10.0,10.0,9.0,4.0,19.0,16.0,16.0,7.0,6.0,6.0,4.0,3.0,22.666666666666668,19.125
2026-06-24 13:00:00,13,2,0,21,6,6,198,23,6,14,6,71,23.0,21.0,20.0,20.0,6.0,6.0,6.0,5.0,31.0,31.0,26.0,24.0,8.0,11.0,10.0,9.0,17.0,20.0,14.0,15.0,5.0,7.0,5.0,5.0,22.833333333333332,19.166666666666668
2026-06-24 14:00:00,14,2,0,21,6,12,198,24,8,13,6,69,21.0,23.0,26.0,15.0,6.0,6.0,7.0,4.0,23.0,29.0,31.0,28.0,6.0,10.0,11.0,11.0,14.0,19.0,22.0,16.0,6.0,6.0,7.0,6.0,22.0,19.416666666666668
2026-06-24 15:00:00,15,2,0,27,8,13,198,32,11,23,5,72,21.0,23.0,23.0,18.0,6.0,6.0,6.0,5.0,24.0,31.0,29.0,22.0,8.0,8.0,10.0,7.0,13.0,17.0,16.0,15.0,6.0,5.0,6.0,5.0,22.666666666666668,19.791666666666668
2026-06-24 16:00:00,16,2,0,27,8,13,198,30,12,16,5,68,27.0,21.0,21.0,16.0,8.0,6.0,6.0,4.0,32.0,23.0,31.0,22.0,11.0,6.0,11.0,6.0,23.0,14.0,20.0,15.0,5.0,6.0,7.0,6.0,23.666666666666668,20.25
2026-06-24 17:00:00,17,2,0,23,7,10,198,26,10,15,5,72,27.0,21.0,23.0,33.0,8.0,6.0,6.0,10.0,30.0,24.0,29.0,34.0,12.0,8.0,10.0,12.0,16.0,13.0,19.0,26.0,5.0,6.0,6.0,4.0,23.666666666666668,19.833333333333332
2026-06-24 18:00:00,18,2,0,24,7,12,198,27,10,14,7,69,23.0,27.0,23.0,21.0,7.0,8.0,6.0,6.0,26.0,32.0,31.0,25.0,10.0,11.0,8.0,8.0,15.0,23.0,17.0,18.0,5.0,5.0,5.0,6.0,23.833333333333332,19.958333333333332
2026-06-24 19:00:00,19,2,0,21,7,11,198,23,8,12,3,47,24.0,27.0,21.0,23.0,7.0,8.0,6.0,7.0,27.0,30.0,23.0,23.0,10.0,12.0,6.0,9.0,14.0,16.0,14.0,15.0,7.0,5.0,6.0,5.0,23.833333333333332,19.875
2026-06-24 20:00:00,20,2,0,22,7,12,198,29,8,21,6,45,21.0,23.0,21.0,26.0,7.0,7.0,6.0,8.0,23.0,26.0,24.0,34.0,8.0,10.0,8.0,11.0,12.0,15.0,13.0,20.0,3.0,5.0,6.0,5.0,24.0,19.708333333333332
2026-06-24 21:00:00,21,2,0,22,7,14,198,27,10,18,4,48,22.0,24.0,27.0,16.0,7.0,7.0,8.0,5.0,29.0,27.0,32.0,17.0,8.0,10.0,11.0,9.0,21.0,14.0,23.0,11.0,6.0,7.0,5.0,5.0,23.166666666666668,19.958333333333332
2026-06-24 22:00:00,22,2,0,30,10,13,198,31,12,20,3,50,22.0,21.0,27.0,21.0,7.0,7.0,8.0,7.0,27.0,23.0,30.0,25.0,10.0,8.0,12.0,7.0,18.0,12.0,16.0,16.0,4.0,3.0,5.0,4.0,23.666666666666668,20.333333333333332
2026-06-24 23:00:00,23,2,0,14,5,15,198,22,4,12,6,52,30.0,22.0,23.0,17.0,10.0,7.0,7.0,6.0,31.0,29.0,26.0,22.0,12.0,8.0,10.0,10.0,20.0,21.0,15.0,13.0,3.0,6.0,5.0,3.0,22.166666666666668,20.208333333333332
2026-06-25 00:00:00,0,3,0,16,6,12,198,26,8,18,5,39,14.0,22.0,24.0,11.0,5.0,7.0,7.0,4.0,22.0,27.0,27.0,13.0,4.0,10.0,10.0,3.0,12.0,18.0,14.0,10.0,6.0,4.0,7.0,5.0,20.833333333333332,20.416666666666668
2026-06-25 01:00:00,1,3,0,17,6,13,198,21,6,11,6,44,16.0,30.0,21.0,13.0,6.0,10.0,7.0,4.0,26.0,31.0,23.0,17.0,8.0,12.0,8.0,3.0,18.0,20.0,12.0,8.0,5.0,3.0,3.0,5.0,20.166666666666668,20.583333333333332
2026-06-25 02:00:00,2,3,0,14,5,15,198,22,8,15,5,46,17.0,14.0,22.0,8.0,6.0,5.0,7.0,3.0,21.0,22.0,29.0,19.0,6.0,4.0,8.0,7.0,11.0,12.0,21.0,11.0,6.0,6.0,6.0,5.0,18.833333333333332,20.833333333333332
2026-06-25 03:00:00,3,3,0,21,7,11,198,23,7,13,6,48,14.0,16.0,22.0,14.0,5.0,6.0,7.0,5.0,22.0,26.0,27.0,22.0,8.0,8.0,10.0,7.0,15.0,18.0,18.0,15.0,5.0,5.0,4.0,5.0,18.666666666666668,21.125
2026-06-25 04:00:00,4,3,0,15,5,15,198,19,7,10,5,42,21.0,17.0,30.0,19.0,7.0,6.0,10.0,6.0,23.0,21.0,31.0,21.0,7.0,6.0,12.0,6.0,13.0,11.0,20.0,12.0,6.0,6.0,3.0,4.0,16.166666666666668,20.958333333333332
2026-06-25 05:00:00,5,3,0,21,7,15,198,21,7,15,4,44,15.0,14.0,14.0,13.0,5.0,5.0,5.0,4.0,19.0,22.0,22.0,20.0,7.0,8.0,4.0,4.0,10.0,15.0,12.0,12.0,5.0,5.0,6.0,3.0,17.333333333333332,21.291666666666668
2026-06-25 06:00:00,6,3,0,18,6,20,198,26,9,18,5,47,21.0,21.0,16.0,19.0,7.0,7.0,6.0,6.0,21.0,23.0,26.0,27.0,7.0,7.0,8.0,9.0,15.0,13.0,18.0,16.0,4.0,6.0,5.0,4.0,17.666666666666668,21.25
2026-06-25 07:00:00,7,3,0,15,4,8,198,23,7,15,6,73,18.0,15.0,17.0,20.0,6.0,5.0,6.0,6.0,26.0,19.0,21.0,26.0,9.0,7.0,6.0,10.0,18.0,10.0,11.0,14.0,5.0,5.0,6.0,5.0,17.333333333333332,21.041666666666668
2026-06-25 08:00:00,8,3,0,16,5,10,198,20,6,10,4,74,15.0,21.0,14.0,26.0,4.0,7.0,5.0,7.0,23.0,21.0,22.0,31.0,7.0,7.0,8.0,11.0,15.0,15.0,15.0,22.0,6.0,4.0,5.0,7.0,17.666666666666668,20.625
2026-06-25 09:00:00,9,3,0,26,7,12,198,26,7,15,4,74,16.0,18.0,21.0,23.0,5.0,6.0,7.0,6.0,20.0,26.0,23.0,29.0,6.0,9.0,7.0,10.0,10.0,18.0,13.0,16.0,4.0,5.0,6.0,6.0,18.5,20.75
2026-06-25 10:00:00,10,3,0,25,7,9,198,29,11,18,5,74,26.0,15.0,15.0,21.0,7.0,4.0,5.0,6.0,26.0,23.0,19.0,31.0,7.0,7.0,7.0,11.0,15.0,15.0,10.0,20.0,4.0,6.0,5.0,7.0,20.166666666666668,20.916666666666668
2026-06-25 11:00:00,11,3,0,29,8,11,198,27,10,15,3,73,25.0,16.0,21.0,23.0,7.0,5.0,7.0,6.0,29.0,20.0,21.0,29.0,11.0,6.0,7.0,10.0,18.0,10.0,15.0,19.0,5.0,4.0,4.0,6.0,21.5,21.166666666666668
2026-06-25 12:00:00,12,3,0,36,10,7,198,42,13,29,6,73,29.0,26.0,18.0,23.0,8.0,7.0,6.0,6.0,27.0,26.0,26.0,31.0,10.0,7.0,9.0,8.0,15.0,15.0,18.0,17.0,3.0,4.0,5.0,5.0,24.5,21.708333333333332
2026-06-25 13:00:00,13,3,0,21,6,12,198,22,10,9,4,75,36.0,25.0,15.0,21.0,10.0,7.0,4.0,6.0,42.0,29.0,23.0,23.0,13.0,11.0,7.0,6.0,29.0,18.0,15.0,14.0,6.0,5.0,6.0,6.0,25.5,21.708333333333332
2026-06-25 14:00:00,14,3,0,27,7,7,198,37,12,21,6,66,21.0,29.0,16.0,21.0,6.0,8.0,5.0,6.0,22.0,27.0,20.0,24.0,10.0,10.0,6.0,8.0,9.0,15.0,10.0,13.0,4.0,3.0,4.0,6.0,27.333333333333332,21.958333333333332
2026-06-25 15:00:00,15,3,0,23,6,8,198,26,11,15,7,77,27.0,36.0,26.0,27.0,7.0,10.0,7.0,8.0,37.0,42.0,26.0,32.0,12.0,13.0,7.0,11.0,21.0,29.0,15.0,23.0,6.0,6.0,4.0,5.0,26.833333333333332,21.791666666666668
2026-06-25 16:00:00,16,3,0,30,9,11,198,32,10,14,5,66,23.0,21.0,25.0,27.0,6.0,6.0,7.0,8.0,26.0,22.0,29.0,30.0,11.0,10.0,11.0,12.0,15.0,9.0,18.0,16.0,7.0,4.0,5.0,5.0,27.666666666666668,21.916666666666668
2026-06-25 17:00:00,17,3,0,30,9,10,198,42,11,23,7,70,30.0,27.0,29.0,23.0,9.0,7.0,8.0,7.0,32.0,37.0,27.0,26.0,10.0,12.0,10.0,10.0,14.0,21.0,15.0,15.0,5.0,6.0,3.0,5.0,27.833333333333332,22.208333333333332
2026-06-25 18:00:00,18,3,0,26,8,17,198,28,10,19,4,72,30.0,23.0,36.0,24.0,9.0,6.0,10.0,7.0,42.0,26.0,42.0,27.0,11.0,11.0,13.0,10.0,23.0,15.0,29.0,14.0,7.0,7.0,6.0,7.0,26.166666666666668,22.291666666666668
2026-06-25 19:00:00,19,3,0,24,8,18,198,28,10,17,7,49,26.0,30.0,21.0,21.0,8.0,9.0,6.0,7.0,28.0,32.0,22.0,23.0,10.0,10.0,10.0,8.0,19.0,14.0,9.0,12.0,4.0,5.0,4.0,3.0,26.666666666666668,22.416666666666668
2026-06-25 20:00:00,20,3,0,23,8,19,198,30,10,22,6,38,24.0,30.0,27.0,22.0,8.0,9.0,7.0,7.0,28.0,42.0,37.0,29.0,10.0,11.0,12.0,8.0,17.0,23.0,21.0,21.0,7.0,7.0,6.0,6.0,26.0,22.458333333333332
2026-06-25 21:00:00,21,3,0,16,5,13,198,17,5,14,3,47,23.0,26.0,23.0,22.0,8.0,8.0,6.0,7.0,30.0,28.0,26.0,27.0,10.0,10.0,11.0,10.0,22.0,19.0,15.0,18.0,6.0,4.0,7.0,4.0,24.833333333333332,22.208333333333332
2026-06-25 22:00:00,22,3,0,21,7,15,198,29,10,19,8,49,16.0,24.0,30.0,30.0,5.0,8.0,9.0,10.0,17.0,28.0,32.0,31.0,5.0,10.0,10.0,12.0,14.0,17.0,14.0,20.0,3.0,7.0,5.0,3.0,23.333333333333332,21.833333333333332
2026-06-25 23:00:00,23,3,0,15,5,15,198,18,6,12,5,50,21.0,23.0,30.0,14.0,7.0,8.0,9.0,5.0,29.0,30.0,42.0,22.0,10.0,10.0,11.0,4.0,19.0,22.0,23.0,12.0,8.0,6.0,7.0,6.0,20.833333333333332,21.875
2026-06-26 00:00:00,0,4,0,19,7,18,198,31,10,19,4,45,15.0,16.0,26.0,16.0,5.0,5.0,8.0,6.0,18.0,17.0,28.0,26.0,6.0,5.0,10.0,8.0,12.0,14.0,19.0,18.0,5.0,3.0,4.0,5.0,19.666666666666668,22.0
2026-06-26 01:00:00,1,4,0,20,7,14,198,21,9,8,3,46,19.0,21.0,24.0,17.0,7.0,7.0,8.0,6.0,31.0,29.0,28.0,21.0,10.0,10.0,10.0,6.0,19.0,19.0,17.0,11.0,4.0,8.0,7.0,6.0,19.0,22.125
2026-06-26 02:00:00,2,4,0,16,5,15,198,15,6,7,4,45,20.0,15.0,23.0,14.0,7.0,5.0,8.0,5.0,21.0,18.0,30.0,22.0,9.0,6.0,10.0,8.0,8.0,12.0,22.0,15.0,3.0,5.0,6.0,5.0,17.833333333333332,22.208333333333332
2026-06-26 03:00:00,3,4,0,12,4,13,198,21,8,13,4,46,16.0,19.0,16.0,21.0,5.0,7.0,5.0,7.0,15.0,31.0,17.0,23.0,6.0,10.0,5.0,7.0,7.0,19.0,14.0,13.0,4.0,4.0,3.0,6.0,17.166666666666668,21.833333333333332
2026-06-26 04:00:00,4,4,0,21,7,13,198,26,9,17,4,44,12.0,20.0,21.0,15.0,4.0,7.0,7.0,5.0,21.0,21.0,29.0,19.0,8.0,9.0,10.0,7.0,13.0,8.0,19.0,10.0,4.0,3.0,8.0,5.0,17.166666666666668,22.083333333333332
2026-06-26 05:00:00,5,4,0,15,5,7,198,17,5,11,4,44,21.0,16.0,15.0,21.0,7.0,5.0,5.0,7.0,26.0,15.0,18.0,21.0,9.0,6.0,6.0,7.0,17.0,7.0,12.0,15.0,4.0,4.0,5.0,4.0,17.166666666666668,21.833333333333332
2026-06-26 06:00:00,6,4,0,15,5,15,198,18,5,9,5,48,15.0,12.0,19.0,18.0,5.0,4.0,7.0,6.0,17.0,21.0,31.0,26.0,5.0,8.0,10.0,9.0,11.0,13.0,19.0,18.0,4.0,4.0,4.0,5.0,16.5,21.708333333333332
2026-06-26 07:00:00,7,4,0,16,5,10,198,22,7,16,4,73,15.0,21.0,20.0,15.0,5.0,7.0,7.0,4.0,18.0,26.0,21.0,23.0,5.0,9.0,9.0,7.0,9.0,17.0,8.0,15.0,5.0,4.0,3.0,6.0,15.833333333333334,21.75
2026-06-26 08:00:00,8,4,0,13,4,9,198,15,0,12,3,74,16.0,15.0,16.0,16.0,5.0,5.0,5.0,5.0,22.0,17.0,15.0,20.0,7.0,5.0,6.0,6.0,16.0,11.0,7.0,10.0,4.0,4.0,4.0,4.0,15.333333333333334,21.625
2026-06-26 09:00:00,9,4,0,14,4,8,198,15,4,11,5,73,13.0,15.0,12.0,26.0,4.0,5.0,4.0,7.0,15.0,18.0,21.0,26.0,0.0,5.0,8.0,7.0,12.0,9.0,13.0,15.0,3.0,5.0,4.0,4.0,15.666666666666666,21.125
2026-06-26 10:00:00,10,4,0,20,5,8,198,27,9,19,3,75,14.0,16.0,21.0,25.0,4.0,5.0,7.0,7.0,15.0,22.0,26.0,29.0,4.0,7.0,9.0,11.0,11.0,16.0,17.0,18.0,5.0,4.0,4.0,5.0,15.5,20.916666666666668
2026-06-26 11:00:00,11,4,0,31,8,7,198,35,13,21,6,75,20.0,13.0,15.0,29.0,5.0,4.0,5.0,8.0,27.0,15.0,17.0,27.0,9.0,0.0,5.0,10.0,19.0,12.0,11.0,15.0,3.0,3.0,4.0,3.0,18.166666666666668,21.0
2026-06-26 12:00:00,12,4,0,26,7,12,198,35,11,24,5,68,31.0,14.0,15.0,36.0,8.0,4.0,5.0,10.0,35.0,15.0,18.0,42.0,13.0,4.0,5.0,13.0,21.0,11.0,9.0,29.0,6.0,5.0,5.0,6.0,20.0,20.583333333333332
2026-06-26 13:00:00,13,4,0,23,6,11,198,34,12,21,6,70,26.0,20.0,16.0,21.0,7.0,5.0,5.0,6.0,35.0,27.0,22.0,22.0,11.0,9.0,7.0,10.0,24.0,19.0,16.0,9.0,5.0,3.0,4.0,4.0,21.166666666666668,20.666666666666668
2026-06-26 14:00:00,14,4,0,27,7,10,198,32,8,21,7,72,23.0,31.0,13.0,27.0,6.0,8.0,4.0,7.0,34.0,35.0,15.0,37.0,12.0,13.0,0.0,12.0,21.0,21.0,12.0,21.0,6.0,6.0,3.0,6.0,23.5,20.666666666666668
2026-06-26 15:00:00,15,4,0,25,7,11,198,33,11,21,5,73,27.0,26.0,14.0,23.0,7.0,7.0,4.0,6.0,32.0,35.0,15.0,26.0,8.0,11.0,4.0,11.0,21.0,24.0,11.0,15.0,7.0,5.0,5.0,7.0,25.333333333333332,20.75
2026-06-26 16:00:00,16,4,0,20,6,8,198,27,7,16,7,71,25.0,23.0,20.0,30.0,7.0,6.0,5.0,9.0,33.0,34.0,27.0,32.0,11.0,12.0,9.0,10.0,21.0,21.0,19.0,14.0,5.0,6.0,3.0,5.0,25.333333333333332,20.333333333333332
2026-06-26 17:00:00,17,4,0,20,6,5,198,20,5,11,5,75,20.0,27.0,31.0,30.0,6.0,7.0,8.0,9.0,27.0,32.0,35.0,42.0,7.0,8.0,13.0,11.0,16.0,21.0,21.0,23.0,7.0,7.0,6.0,7.0,23.5,19.916666666666668
2026-06-26 18:00:00,18,4,0,16,5,11,198,24,8,15,7,79,20.0,25.0,26.0,26.0,6.0,7.0,7.0,8.0,20.0,33.0,35.0,28.0,5.0,11.0,11.0,10.0,11.0,21.0,24.0,19.0,5.0,5.0,5.0,4.0,21.833333333333332,19.5
2026-06-26 19:00:00,19,4,0,27,9,19,198,33,13,22,5,47,16.0,20.0,23.0,24.0,5.0,6.0,6.0,8.0,24.0,27.0,34.0,28.0,8.0,7.0,12.0,10.0,15.0,16.0,21.0,17.0,7.0,7.0,6.0,7.0,22.5,19.625
2026-06-26 20:00:00,20,4,0,24,8,14,198,26,10,15,4,47,27.0,20.0,27.0,23.0,9.0,6.0,7.0,8.0,33.0,20.0,32.0,30.0,13.0,5.0,8.0,10.0,22.0,11.0,21.0,22.0,5.0,5.0,7.0,6.0,22.0,19.666666666666668
2026-06-26 21:00:00,21,4,0,29,10,14,198,34,12,23,6,49,24.0,16.0,25.0,16.0,8.0,5.0,7.0,5.0,26.0,24.0,33.0,17.0,10.0,8.0,11.0,5.0,15.0,15.0,21.0,14.0,4.0,7.0,5.0,3.0,22.666666666666668,20.208333333333332
2026-06-26 22:00:00,22,4,0,18,6,14,198,26,9,18,4,41,29.0,27.0,20.0,21.0,10.0,9.0,6.0,7.0,34.0,33.0,27.0,29.0,12.0,13.0,7.0,10.0,23.0,22.0,16.0,19.0,6.0,5.0,7.0,8.0,22.333333333333332,20.083333333333332
2026-06-26 23:00:00,23,4,0,19,7,12,198,23,7,14,4,47,18.0,24.0,20.0,15.0,6.0,8.0,6.0,5.0,26.0,26.0,20.0,18.0,9.0,10.0,5.0,6.0,18.0,15.0,11.0,12.0,4.0,4.0,5.0,5.0,22.166666666666668,20.25
2026-06-27 00:00:00,0,5,1,16,6,11,198,14,4,11,2,50,19.0,29.0,16.0,19.0,7.0,10.0,5.0,7.0,23.0,34.0,24.0,31.0,7.0,12.0,8.0,10.0,14.0,23.0,15.0,19.0,4.0,6.0,7.0,4.0,22.166666666666668,20.125
2026-06-27 01:00:00,1,5,1,19,7,12,198,22,9,13,2,45,16.0,18.0,27.0,20.0,6.0,6.0,9.0,7.0,14.0,26.0,33.0,21.0,4.0,9.0,13.0,9.0,11.0,18.0,22.0,8.0,2.0,4.0,5.0,3.0,20.833333333333332,20.083333333333332
2026-06-27 02:00:00,2,5,1,13,4,7,198,17,4,14,3,43,19.0,19.0,24.0,16.0,7.0,7.0,8.0,5.0,22.0,23.0,26.0,15.0,9.0,7.0,10.0,6.0,13.0,14.0,15.0,7.0,2.0,4.0,4.0,4.0,19.0,19.958333333333332
2026-06-27 03:00:00,3,5,1,16,5,14,198,6,4,5,0,46,13.0,16.0,29.0,12.0,4.0,6.0,10.0,4.0,17.0,14.0,34.0,21.0,4.0,4.0,12.0,8.0,14.0,11.0,23.0,13.0,3.0,2.0,6.0,4.0,16.833333333333332,20.125
2026-06-27 04:00:00,4,5,1,15,5,11,198,17,5,11,2,47,16.0,19.0,18.0,21.0,5.0,7.0,6.0,7.0,6.0,22.0,26.0,26.0,4.0,9.0,9.0,9.0,5.0,13.0,18.0,17.0,0.0,2.0,4.0,4.0,16.333333333333332,19.875
2026-06-27 05:00:00,5,5,1,18,6,18,198,22,9,12,3,44,15.0,13.0,19.0,15.0,5.0,4.0,7.0,5.0,17.0,17.0,23.0,17.0,5.0,4.0,7.0,5.0,11.0,14.0,14.0,11.0,2.0,3.0,4.0,4.0,16.166666666666668,20.0
2026-06-27 06:00:00,6,5,1,25,8,9,198,25,10,15,2,53,18.0,16.0,16.0,15.0,6.0,5.0,6.0,5.0,22.0,6.0,14.0,18.0,9.0,4.0,4.0,5.0,12.0,5.0,11.0,9.0,3.0,0.0,2.0,5.0,17.666666666666668,20.416666666666668
2026-06-27 07:00:00,7,5,1,17,5,13,198,22,5,13,3,71,25.0,15.0,19.0,16.0,8.0,5.0,7.0,5.0,25.0,17.0,22.0,22.0,10.0,5.0,9.0,7.0,15.0,11.0,13.0,16.0,2.0,2.0,2.0,4.0,17.333333333333332,20.458333333333332
2026-06-27 08:00:00,8,5,1,25,7,12,198,23,7,12,2,69,17.0,18.0,13.0,13.0,5.0,6.0,4.0,4.0,22.0,22.0,17.0,15.0,5.0,9.0,4.0,0.0,13.0,12.0,14.0,12.0,3.0,3.0,3.0,3.0,19.333333333333332,20.958333333333332
2026-06-27 09:00:00,9,5,1,25,7,10,198,26,8,16,2,72,25.0,25.0,16.0,14.0,7.0,8.0,5.0,4.0,23.0,25.0,6.0,15.0,7.0,10.0,4.0,4.0,12.0,15.0,5.0,11.0,2.0,2.0,0.0,5.0,20.833333333333332,21.416666666666668
2026-06-27 10:00:00,10,5,1,13,4,5,198,11,1,5,3,75,25.0,17.0,15.0,20.0,7.0,5.0,5.0,5.0,26.0,22.0,17.0,27.0,8.0,5.0,5.0,9.0,16.0,13.0,11.0,19.0,2.0,3.0,2.0,3.0,20.5,21.125
2026-06-27 11:00:00,11,5,1,17,5,5,198,21,6,14,3,73,13.0,25.0,18.0,31.0,4.0,7.0,6.0,8.0,11.0,23.0,22.0,35.0,1.0,7.0,9.0,13.0,5.0,12.0,12.0,21.0,3.0,2.0,3.0,6.0,20.333333333333332,20.541666666666668
2026-06-27 12:00:00,12,5,1,21,6,5,198,27,13,19,2,74,17.0,25.0,25.0,26.0,5.0,7.0,8.0,7.0,21.0,26.0,25.0,35.0,6.0,8.0,10.0,11.0,14.0,16.0,15.0,24.0,3.0,2.0,2.0,5.0,19.666666666666668,20.333333333333332
2026-06-27 13:00:00,13,5,1,25,7,7,198,23,9,12,3,70,21.0,13.0,17.0,23.0,6.0,4.0,5.0,6.0,27.0,11.0,22.0,34.0,13.0,1.0,5.0,12.0,19.0,5.0,13.0,21.0,2.0,3.0,3.0,6.0,21.0,20.416666666666668
2026-06-27 14:00:00,14,5,1,32,9,17,198,28,13,21,2,77,25.0,17.0,25.0,27.0,7.0,5.0,7.0,7.0,23.0,21.0,23.0,32.0,9.0,6.0,7.0,8.0,12.0,14.0,12.0,21.0,3.0,3.0,2.0,7.0,22.166666666666668,20.625
2026-06-27 15:00:00,15,5,1,25,7,10,198,23,9,14,2,74,32.0,21.0,25.0,25.0,9.0,6.0,7.0,7.0,28.0,27.0,26.0,33.0,13.0,13.0,8.0,11.0,21.0,19.0,16.0,21.0,2.0,2.0,2.0,5.0,22.166666666666668,20.625
2026-06-27 16:00:00,16,5,1,18,5,15,198,19,5,10,2,76,25.0,25.0,13.0,20.0,7.0,7.0,4.0,6.0,23.0,23.0,11.0,27.0,9.0,9.0,1.0,7.0,14.0,12.0,5.0,16.0,2.0,3.0,3.0,7.0,23.0,20.541666666666668
2026-06-27 17:00:00,17,5,1,21,6,9,198,21,7,15,4,74,18.0,32.0,17.0,20.0,5.0,9.0,5.0,6.0,19.0,28.0,21.0,20.0,5.0,13.0,6.0,5.0,10.0,21.0,14.0,11.0,2.0,2.0,3.0,5.0,23.666666666666668,20.583333333333332
2026-06-27 18:00:00,18,5,1,20,6,5,198,18,7,10,0,75,21.0,25.0,21.0,16.0,6.0,7.0,6.0,5.0,21.0,23.0,27.0,24.0,7.0,9.0,13.0,8.0,15.0,14.0,19.0,15.0,4.0,2.0,2.0,7.0,23.5,20.75
2026-06-27 19:00:00,19,5,1,33,10,11,198,36,13,22,3,44,20.0,18.0,25.0,27.0,6.0,5.0,7.0,9.0,18.0,19.0,23.0,33.0,7.0,5.0,9.0,13.0,10.0,10.0,12.0,22.0,0.0,2.0,3.0,5.0,24.833333333333332,21.0
2026-06-27 20:00:00,20,5,1,13,4,12,198,16,5,9,2,47,33.0,21.0,32.0,24.0,10.0,6.0,9.0,8.0,36.0,21.0,28.0,26.0,13.0,7.0,13.0,10.0,22.0,15.0,21.0,15.0,3.0,4.0,2.0,4.0,21.666666666666668,20.541666666666668
2026-06-27 21:00:00,21,5,1,14,5,13,198,8,1,3,1,52,13.0,20.0,25.0,29.0,4.0,6.0,7.0,10.0,16.0,18.0,23.0,34.0,5.0,7.0,9.0,12.0,9.0,10.0,14.0,23.0,2.0,0.0,2.0,6.0,19.833333333333332,19.916666666666668
2026-06-27 22:00:00,22,5,1,16,5,19,198,20,12,14,2,53,14.0,33.0,18.0,18.0,5.0,10.0,5.0,6.0,8.0,36.0,19.0,26.0,1.0,13.0,5.0,9.0,3.0,22.0,10.0,18.0,1.0,3.0,2.0,4.0,19.5,19.833333333333332
2026-06-27 23:00:00,23,5,1,15,5,17,198,21,7,12,3,45,16.0,13.0,21.0,19.0,5.0,4.0,6.0,7.0,20.0,16.0,21.0,23.0,12.0,5.0,7.0,7.0,14.0,9.0,15.0,14.0,2.0,2.0,4.0,4.0,18.5,19.666666666666668
2026-06-28 00:00:00,0,6,1,9,3,9,198,15,5,6,3,49,15.0,14.0,20.0,16.0,5.0,5.0,6.0,6.0,21.0,8.0,18.0,14.0,7.0,1.0,7.0,4.0,12.0,3.0,10.0,11.0,3.0,1.0,0.0,2.0,16.666666666666668,19.375
2026-06-28 01:00:00,1,6,1,16,5,12,198,15,6,10,0,47,9.0,16.0,33.0,19.0,3.0,5.0,10.0,7.0,15.0,20.0,36.0,22.0,5.0,12.0,13.0,9.0,6.0,14.0,22.0,13.0,3.0,2.0,3.0,2.0,13.833333333333334,19.25
2026-06-28 02:00:00,2,6,1,8,3,11,198,13,4,6,3,46,16.0,15.0,13.0,13.0,5.0,5.0,4.0,4.0,15.0,21.0,16.0,17.0,6.0,7.0,5.0,4.0,10.0,12.0,9.0,14.0,0.0,3.0,2.0,3.0,13.0,19.041666666666668
2026-06-28 03:00:00,3,6,1,10,3,23,198,13,5,6,1,49,8.0,9.0,14.0,16.0,3.0,3.0,5.0,5.0,13.0,15.0,8.0,6.0,4.0,5.0,1.0,4.0,6.0,6.0,3.0,5.0,3.0,3.0,1.0,0.0,12.333333333333334,18.791666666666668
2026-06-28 04:00:00,4,6,1,15,5,3,198,24,10,17,3,51,10.0,16.0,16.0,15.0,3.0,5.0,5.0,5.0,13.0,15.0,20.0,17.0,5.0,6.0,12.0,5.0,6.0,10.0,14.0,11.0,1.0,0.0,2.0,2.0,12.166666666666666,18.791666666666668
2026-06-28 05:00:00,5,6,1,17,5,9,198,17,6,8,3,49,15.0,8.0,15.0,18.0,5.0,3.0,5.0,6.0,24.0,13.0,21.0,22.0,10.0,4.0,7.0,9.0,17.0,6.0,12.0,12.0,3.0,3.0,3.0,3.0,12.5,18.75
2026-06-28 06:00:00,6,6,1,12,4,9,198,15,3,5,1,47,17.0,10.0,9.0,25.0,5.0,3.0,3.0,8.0,17.0,13.0,15.0,25.0,6.0,5.0,5.0,10.0,8.0,6.0,6.0,15.0,3.0,1.0,3.0,2.0,13.0,18.208333333333332
2026-06-28 07:00:00,7,6,1,15,4,9,198,18,6,12,3,76,12.0,15.0,16.0,17.0,4.0,5.0,5.0,5.0,15.0,24.0,15.0,22.0,3.0,10.0,6.0,5.0,5.0,17.0,10.0,13.0,1.0,3.0,0.0,3.0,12.833333333333334,18.125
2026-06-28 08:00:00,8,6,1,15,4,4,198,16,5,9,2,73,15.0,17.0,8.0,25.0,4.0,5.0,3.0,7.0,18.0,17.0,13.0,23.0,6.0,6.0,4.0,7.0,12.0,8.0,6.0,12.0,3.0,3.0,3.0,2.0,14.0,17.708333333333332
2026-06-28 09:00:00,9,6,1,15,4,9,198,8,5,5,0,75,15.0,12.0,10.0,25.0,4.0,4.0,3.0,7.0,16.0,15.0,13.0,26.0,5.0,3.0,5.0,8.0,9.0,5.0,6.0,16.0,2.0,1.0,1.0,2.0,14.833333333333334,17.291666666666668
2026-06-28 10:00:00,10,6,1,21,6,6,198,24,10,14,4,78,15.0,15.0,15.0,13.0,4.0,4.0,5.0,4.0,8.0,18.0,24.0,11.0,5.0,6.0,10.0,1.0,5.0,12.0,17.0,5.0,0.0,3.0,3.0,3.0,15.833333333333334,17.625
2026-06-28 11:00:00,11,6,1,17,4,12,198,15,5,10,2,68,21.0,15.0,17.0,17.0,6.0,4.0,5.0,5.0,24.0,16.0,17.0,21.0,10.0,5.0,6.0,6.0,14.0,9.0,8.0,14.0,4.0,2.0,3.0,3.0,15.833333333333334,17.625
2026-06-28 12:00:00,12,6,1,22,6,10,198,21,5,12,2,76,17.0,15.0,12.0,21.0,4.0,4.0,4.0,6.0,15.0,8.0,15.0,27.0,5.0,5.0,3.0,13.0,10.0,5.0,5.0,19.0,2.0,0.0,1.0,2.0,17.5,17.666666666666668
2026-06-28 13:00:00,13,6,1,19,5,8,198,16,4,13,2,69,22.0,21.0,15.0,25.0,6.0,6.0,4.0,7.0,21.0,24.0,18.0,23.0,5.0,10.0,6.0,9.0,12.0,14.0,12.0,12.0,2.0,4.0,3.0,3.0,18.166666666666668,17.416666666666668
2026-06-28 14:00:00,14,6,1,30,8,6,198,29,10,15,3,78,19.0,17.0,15.0,32.0,5.0,4.0,4.0,9.0,16.0,15.0,16.0,28.0,4.0,5.0,5.0,13.0,13.0,10.0,9.0,21.0,2.0,2.0,2.0,2.0,20.666666666666668,17.333333333333332
2026-06-28 15:00:00,15,6,1,12,3,7,198,14,5,10,3,72,30.0,22.0,15.0,25.0,8.0,6.0,4.0,7.0,29.0,21.0,8.0,23.0,10.0,5.0,5.0,9.0,15.0,12.0,5.0,14.0,3.0,2.0,0.0,2.0,20.166666666666668,16.791666666666668
2026-06-28 16:00:00,16,6,1,18,5,5,198,21,7,14,3,70,12.0,19.0,21.0,18.0,3.0,5.0,6.0,5.0,14.0,16.0,24.0,19.0,5.0,4.0,10.0,5.0,10.0,13.0,14.0,10.0,3.0,2.0,4.0,2.0,19.666666666666668,16.791666666666668
2026-06-28 17:00:00,17,6,1,11,3,8,198,6,2,2,1,76,18.0,30.0,17.0,21.0,5.0,8.0,4.0,6.0,21.0,29.0,15.0,21.0,7.0,10.0,5.0,7.0,14.0,15.0,10.0,15.0,3.0,3.0,2.0,4.0,18.666666666666668,16.375
2026-06-28 18:00:00,18,6,1,12,4,13,198,9,3,4,2,75,11.0,12.0,22.0,20.0,3.0,3.0,6.0,6.0,6.0,14.0,21.0,18.0,2.0,5.0,5.0,7.0,2.0,10.0,12.0,10.0,1.0,3.0,2.0,0.0,17.0,16.041666666666668
2026-06-28 19:00:00,19,6,1,20,6,7,198,21,7,15,2,45,12.0,18.0,19.0,33.0,4.0,5.0,5.0,10.0,9.0,21.0,16.0,36.0,3.0,7.0,4.0,13.0,4.0,14.0,13.0,22.0,2.0,3.0,2.0,3.0,17.166666666666668,15.5
2026-06-28 20:00:00,20,6,1,14,4,14,198,16,2,8,4,44,20.0,11.0,30.0,13.0,6.0,3.0,8.0,4.0,21.0,6.0,29.0,16.0,7.0,2.0,10.0,5.0,15.0,2.0,15.0,9.0,2.0,1.0,3.0,2.0,14.5,15.541666666666666
2026-06-28 21:00:00,21,6,1,14,5,11,198,19,5,11,2,47,14.0,12.0,12.0,14.0,4.0,4.0,3.0,5.0,16.0,9.0,14.0,8.0,2.0,3.0,5.0,1.0,8.0,4.0,10.0,3.0,4.0,2.0,3.0,1.0,14.833333333333334,15.541666666666666
2026-06-28 22:00:00,22,6,1,18,6,15,198,21,6,15,3,44,14.0,20.0,18.0,16.0,5.0,6.0,5.0,5.0,19.0,21.0,21.0,20.0,5.0,7.0,7.0,12.0,11.0,15.0,14.0,14.0,2.0,2.0,3.0,2.0,14.833333333333334,15.625
2026-06-28 23:00:00,23,6,1,16,5,6,198,19,8,12,2,45,18.0,14.0,11.0,15.0,6.0,4.0,3.0,5.0,21.0,16.0,6.0,21.0,6.0,2.0,2.0,7.0,15.0,8.0,2.0,12.0,3.0,4.0,1.0,3.0,15.666666666666666,15.666666666666666
2026-06-29 00:00:00,0,0,0,12,4,13,198,21,6,9,4,48,16.0,14.0,12.0,9.0,5.0,5.0,4.0,3.0,19.0,19.0,9.0,15.0,8.0,5.0,3.0,5.0,12.0,11.0,4.0,6.0,2.0,2.0,2.0,3.0,15.666666666666666,15.791666666666666
2026-06-29 01:00:00,1,0,0,14,5,8,198,18,7,15,4,45,12.0,18.0,20.0,16.0,4.0,6.0,6.0,5.0,21.0,21.0,21.0,15.0,6.0,6.0,7.0,6.0,9.0,15.0,15.0,10.0,4.0,3.0,2.0,0.0,14.666666666666666,15.708333333333334
2026-06-29 02:00:00,2,0,0,16,5,7,198,19,7,11,4,49,14.0,16.0,14.0,8.0,5.0,5.0,4.0,3.0,18.0,19.0,16.0,13.0,7.0,8.0,2.0,4.0,15.0,12.0,8.0,6.0,4.0,2.0,4.0,3.0,15.0,16.041666666666668
2026-06-29 03:00:00,3,0,0,7,2,11,198,17,7,10,5,52,16.0,12.0,14.0,10.0,5.0,4.0,5.0,3.0,19.0,21.0,19.0,13.0,7.0,6.0,5.0,5.0,11.0,9.0,11.0,6.0,4.0,4.0,2.0,1.0,13.833333333333334,15.916666666666666
2026-06-29 04:00:00,4,0,0,10,3,8,198,20,8,13,6,48,7.0,14.0,18.0,15.0,2.0,5.0,6.0,5.0,17.0,18.0,21.0,24.0,7.0,7.0,6.0,10.0,10.0,15.0,15.0,17.0,5.0,4.0,3.0,3.0,12.5,15.708333333333334
2026-06-29 05:00:00,5,0,0,15,5,7,198,21,7,14,5,48,10.0,16.0,16.0,17.0,3.0,5.0,5.0,5.0,20.0,19.0,19.0,17.0,8.0,7.0,8.0,6.0,13.0,11.0,12.0,8.0,6.0,4.0,2.0,3.0,12.333333333333334,15.625
2026-06-29 06:00:00,6,0,0,6,2,6,198,19,5,16,6,54,15.0,7.0,12.0,12.0,5.0,2.0,4.0,4.0,21.0,17.0,21.0,15.0,7.0,7.0,6.0,3.0,14.0,10.0,9.0,5.0,5.0,5.0,4.0,1.0,11.333333333333334,15.375
2026-06-29 07:00:00,7,0,0,19,6,13,198,22,7,10,4,70,6.0,10.0,14.0,15.0,2.0,3.0,5.0,4.0,19.0,20.0,18.0,18.0,5.0,8.0,7.0,6.0,16.0,13.0,15.0,12.0,6.0,6.0,4.0,3.0,12.166666666666666,15.541666666666666
2026-06-29 08:00:00,8,0,0,10,3,7,198,15,5,11,4,78,19.0,15.0,16.0,15.0,6.0,5.0,5.0,4.0,22.0,21.0,19.0,16.0,7.0,7.0,7.0,5.0,10.0,14.0,11.0,9.0,4.0,5.0,4.0,2.0,11.166666666666666,15.333333333333334
2026-06-29 09:00:00,9,0,0,17,5,8,198,21,7,15,4,77,10.0,6.0,7.0,15.0,3.0,2.0,2.0,4.0,15.0,19.0,17.0,8.0,5.0,5.0,7.0,5.0,11.0,16.0,10.0,5.0,4.0,6.0,5.0,0.0,12.833333333333334,15.416666666666666
2026-06-29 10:00:00,10,0,0,17,5,9,198,22,8,13,6,77,17.0,19.0,10.0,21.0,5.0,6.0,3.0,6.0,21.0,22.0,20.0,24.0,7.0,7.0,8.0,10.0,15.0,10.0,13.0,14.0,4.0,4.0,6.0,4.0,14.0,15.25
2026-06-29 11:00:00,11,0,0,22,6,2,198,27,10,18,5,78,17.0,10.0,15.0,17.0,5.0,3.0,5.0,4.0,22.0,15.0,21.0,15.0,8.0,5.0,7.0,5.0,13.0,11.0,14.0,10.0,6.0,4.0,5.0,2.0,15.166666666666666,15.458333333333334
2026-06-29 12:00:00,12,0,0,16,4,5,198,28,10,19,6,75,22.0,17.0,6.0,22.0,6.0,5.0,2.0,6.0,27.0,21.0,19.0,21.0,10.0,7.0,5.0,5.0,18.0,15.0,16.0,12.0,5.0,4.0,6.0,2.0,16.833333333333332,15.208333333333334
2026-06-29 13:00:00,13,0,0,23,6,5,198,29,12,15,5,72,16.0,17.0,19.0,19.0,4.0,5.0,6.0,5.0,28.0,22.0,22.0,16.0,10.0,8.0,7.0,4.0,19.0,13.0,10.0,13.0,6.0,6.0,4.0,2.0,17.5,15.375
2026-06-29 14:00:00,14,0,0,18,5,8,198,26,11,20,6,77,23.0,22.0,10.0,30.0,6.0,6.0,3.0,8.0,29.0,27.0,15.0,29.0,12.0,10.0,5.0,10.0,15.0,18.0,11.0,15.0,5.0,5.0,4.0,3.0,18.833333333333332,14.875
2026-06-29 15:00:00,15,0,0,18,5,8,198,25,9,12,6,77,18.0,16.0,17.0,12.0,5.0,4.0,5.0,3.0,26.0,28.0,21.0,14.0,11.0,10.0,7.0,5.0,20.0,19.0,15.0,10.0,6.0,6.0,4.0,3.0,19.0,15.125
2026-06-29 16:00:00,16,0,0,22,6,3,198,26,11,14,4,77,18.0,23.0,17.0,18.0,5.0,6.0,5.0,5.0,25.0,29.0,22.0,21.0,9.0,12.0,8.0,7.0,12.0,15.0,13.0,14.0,6.0,5.0,6.0,3.0,19.833333333333332,15.291666666666666
2026-06-29 17:00:00,17,0,0,16,5,8,198,29,9,17,8,74,22.0,18.0,22.0,11.0,6.0,5.0,6.0,3.0,26.0,26.0,27.0,6.0,11.0,11.0,10.0,2.0,14.0,20.0,18.0,2.0,4.0,6.0,5.0,1.0,18.833333333333332,15.5
2026-06-29 18:00:00,18,0,0,21,6,12,198,28,11,21,5,72,16.0,18.0,16.0,12.0,5.0,5.0,4.0,4.0,29.0,25.0,28.0,9.0,9.0,9.0,10.0,3.0,17.0,12.0,19.0,4.0,8.0,6.0,6.0,2.0,19.666666666666668,15.875
2026-06-29 19:00:00,19,0,0,21,7,12,198,22,9,13,3,49,21.0,22.0,23.0,20.0,6.0,6.0,6.0,6.0,28.0,26.0,29.0,21.0,11.0,11.0,12.0,7.0,21.0,14.0,15.0,15.0,5.0,4.0,5.0,2.0,19.333333333333332,15.916666666666666
2026-06-29 20:00:00,20,0,0,22,7,6,198,28,11,17,5,51,21.0,16.0,18.0,14.0,7.0,5.0,5.0,4.0,22.0,29.0,26.0,16.0,9.0,9.0,11.0,2.0,13.0,17.0,20.0,8.0,3.0,8.0,6.0,4.0,20.0,16.25
2026-06-29 21:00:00,21,0,0,18,6,15,198,25,9,18,5,51,22.0,21.0,18.0,14.0,7.0,6.0,5.0,5.0,28.0,28.0,25.0,19.0,11.0,11.0,9.0,5.0,17.0,21.0,12.0,11.0,5.0,5.0,6.0,2.0,20.0,16.416666666666668
2026-06-29 22:00:00,22,0,0,20,7,11,198,22,7,13,5,47,18.0,21.0,22.0,18.0,6.0,7.0,6.0,6.0,25.0,22.0,26.0,21.0,9.0,9.0,11.0,6.0,18.0,13.0,14.0,15.0,5.0,3.0,4.0,3.0,19.666666666666668,16.5
2026-06-29 23:00:00,23,0,0,10,3,11,198,19,4,9,6,49,20.0,22.0,16.0,16.0,7.0,7.0,5.0,5.0,22.0,28.0,29.0,19.0,7.0,11.0,9.0,8.0,13.0,17.0,17.0,12.0,5.0,5.0,8.0,2.0,18.666666666666668,16.25
2026-06-30 00:00:00,0,1,0,22,7,14,198,21,7,12,5,44,10.0,18.0,21.0,12.0,3.0,6.0,6.0,4.0,19.0,25.0,28.0,21.0,4.0,9.0,11.0,6.0,9.0,18.0,21.0,9.0,6.0,5.0,5.0,4.0,18.833333333333332,16.666666666666668
2026-06-30 01:00:00,1,1,0,13,4,14,198,21,9,16,5,51,22.0,20.0,21.0,14.0,7.0,7.0,7.0,5.0,21.0,22.0,22.0,18.0,7.0,7.0,9.0,7.0,12.0,13.0,13.0,15.0,5.0,5.0,3.0,4.0,17.5,16.625
2026-06-30 02:00:00,2,1,0,14,5,16,198,22,7,14,5,46,13.0,10.0,22.0,16.0,4.0,3.0,7.0,5.0,21.0,19.0,28.0,19.0,9.0,4.0,11.0,7.0,16.0,9.0,17.0,11.0,5.0,6.0,5.0,4.0,16.166666666666668,16.541666666666668
2026-06-30 03:00:00,3,1,0,22,7,10,198,28,11,21,4,50,14.0,22.0,18.0,7.0,5.0,7.0,6.0,2.0,22.0,21.0,25.0,17.0,7.0,7.0,9.0,7.0,14.0,12.0,18.0,10.0,5.0,5.0,5.0,5.0,16.833333333333332,17.166666666666668
2026-06-30 04:00:00,4,1,0,9,3,15,198,17,7,12,6,45,22.0,13.0,20.0,10.0,7.0,4.0,7.0,3.0,28.0,21.0,22.0,20.0,11.0,9.0,7.0,8.0,21.0,16.0,13.0,13.0,4.0,5.0,5.0,6.0,15.0,17.125
2026-06-30 05:00:00,5,1,0,21,7,11,198,24,8,14,3,51,9.0,14.0,10.0,15.0,3.0,5.0,3.0,5.0,17.0,22.0,19.0,21.0,7.0,7.0,4.0,7.0,12.0,14.0,9.0,14.0,6.0,5.0,6.0,5.0,16.833333333333332,17.375
2026-06-30 06:00:00,6,1,0,13,4,12,198,24,10,15,5,49,21.0,22.0,22.0,6.0,7.0,7.0,7.0,2.0,24.0,28.0,21.0,19.0,8.0,11.0,7.0,5.0,14.0,21.0,12.0,16.0,3.0,4.0,5.0,6.0,15.333333333333334,17.666666666666668
2026-06-30 07:00:00,7,1,0,24,7,2,198,33,7,19,5,72,13.0,9.0,13.0,19.0,4.0,3.0,4.0,6.0,24.0,17.0,21.0,22.0,10.0,7.0,9.0,7.0,15.0,12.0,16.0,10.0,5.0,6.0,5.0,4.0,17.166666666666668,17.875
2026-06-30 08:00:00,8,1,0,21,6,12,198,28,8,16,6,76,24.0,21.0,14.0,10.0,7.0,7.0,5.0,3.0,33.0,24.0,22.0,15.0,7.0,8.0,7.0,5.0,19.0,14.0,14.0,11.0,5.0,3.0,5.0,4.0,18.333333333333332,18.333333333333332
2026-06-30 09:00:00,9,1,0,23,6,6,198,27,8,26,4,72,21.0,13.0,22.0,17.0,6.0,4.0,7.0,5.0,28.0,24.0,28.0,21.0,8.0,10.0,11.0,7.0,16.0,15.0,21.0,15.0,6.0,5.0,4.0,4.0,18.5,18.583333333333332
2026-06-30 10:00:00,10,1,0,15,4,9,198,21,6,15,3,76,23.0,24.0,9.0,17.0,6.0,7.0,3.0,5.0,27.0,33.0,17.0,22.0,8.0,7.0,7.0,8.0,26.0,19.0,12.0,13.0,4.0,5.0,6.0,6.0,19.5,18.5
2026-06-30 11:00:00,11,1,0,9,2,14,198,13,5,10,6,73,15.0,21.0,21.0,22.0,4.0,6.0,7.0,6.0,21.0,28.0,24.0,27.0,6.0,8.0,8.0,10.0,15.0,16.0,14.0,18.0,3.0,6.0,3.0,5.0,17.5,17.958333333333332
2026-06-30 12:00:00,12,1,0,15,4,1,198,22,8,12,6,69,9.0,23.0,13.0,16.0,2.0,6.0,4.0,4.0,13.0,27.0,24.0,28.0,5.0,8.0,10.0,10.0,10.0,26.0,15.0,19.0,6.0,4.0,5.0,6.0,17.833333333333332,17.916666666666668
2026-06-30 13:00:00,13,1,0,26,7,12,198,38,13,27,7,71,15.0,15.0,24.0,23.0,4.0,4.0,7.0,6.0,22.0,21.0,33.0,29.0,8.0,6.0,7.0,12.0,12.0,15.0,19.0,15.0,6.0,3.0,5.0,5.0,18.166666666666668,18.041666666666668
2026-06-30 14:00:00,14,1,0,22,6,9,198,28,10,20,4,73,26.0,9.0,21.0,18.0,7.0,2.0,6.0,5.0,38.0,13.0,28.0,26.0,13.0,5.0,8.0,11.0,27.0,10.0,16.0,20.0,7.0,6.0,6.0,6.0,18.333333333333332,18.208333333333332
2026-06-30 15:00:00,15,1,0,25,7,13,198,34,10,25,7,78,22.0,15.0,23.0,18.0,6.0,4.0,6.0,5.0,28.0,22.0,27.0,25.0,10.0,8.0,8.0,9.0,20.0,12.0,26.0,12.0,4.0,6.0,4.0,6.0,18.666666666666668,18.5
2026-06-30 16:00:00,16,1,0,22,6,13,198,28,8,21,8,77,25.0,26.0,15.0,22.0,7.0,7.0,4.0,6.0,34.0,38.0,21.0,26.0,10.0,13.0,6.0,11.0,25.0,27.0,15.0,14.0,7.0,7.0,3.0,4.0,19.833333333333332,18.5
2026-06-30 17:00:00,17,1,0,18,5,13,198,24,9,12,5,79,22.0,22.0,9.0,16.0,6.0,6.0,2.0,5.0,28.0,28.0,13.0,29.0,8.0,10.0,5.0,9.0,21.0,20.0,10.0,17.0,8.0,4.0,6.0,8.0,21.333333333333332,18.583333333333332
2026-06-30 18:00:00,18,1,0,22,7,9,198,24,8,13,4,79,18.0,25.0,15.0,21.0,5.0,7.0,4.0,6.0,24.0,34.0,22.0,28.0,9.0,10.0,8.0,11.0,12.0,25.0,12.0,21.0,5.0,7.0,6.0,5.0,22.5,18.625
2026-06-30 19:00:00,19,1,0,21,7,4,198,27,7,15,5,46,22.0,22.0,26.0,21.0,7.0,6.0,7.0,7.0,24.0,28.0,38.0,22.0,8.0,8.0,13.0,9.0,13.0,21.0,27.0,13.0,4.0,8.0,7.0,3.0,21.666666666666668,18.625
2026-06-30 20:00:00,20,1,0,13,4,6,198,17,7,9,5,47,21.0,18.0,22.0,22.0,7.0,5.0,6.0,7.0,27.0,24.0,28.0,28.0,7.0,9.0,10.0,11.0,15.0,12.0,20.0,17.0,5.0,5.0,4.0,5.0,20.166666666666668,18.25
2026-06-30 21:00:00,21,1,0,11,4,12,198,16,8,11,6,47,13.0,22.0,25.0,18.0,4.0,7.0,7.0,6.0,17.0,24.0,34.0,25.0,7.0,8.0,10.0,9.0,9.0,13.0,25.0,18.0,5.0,4.0,7.0,5.0,17.833333333333332,17.958333333333332
2026-06-30 22:00:00,22,1,0,20,7,14,198,18,9,10,4,46,11.0,21.0,22.0,20.0,4.0,7.0,6.0,7.0,16.0,27.0,28.0,22.0,8.0,7.0,8.0,7.0,11.0,15.0,21.0,13.0,6.0,5.0,8.0,5.0,17.5,17.958333333333332
2026-06-30 23:00:00,23,1,0,16,5,14,198,27,9,21,6,42,20.0,13.0,18.0,10.0,7.0,4.0,5.0,3.0,18.0,17.0,24.0,19.0,9.0,7.0,9.0,4.0,10.0,9.0,12.0,9.0,4.0,5.0,5.0,6.0,17.166666666666668,18.208333333333332
2026-07-01 00:00:00,0,2,0,16,5,12,198,18,7,15,3,48,16.0,11.0,22.0,22.0,5.0,4.0,7.0,7.0,27.0,16.0,24.0,21.0,9.0,8.0,8.0,7.0,21.0,11.0,13.0,12.0,6.0,6.0,4.0,5.0,16.166666666666668,17.958333333333332
2026-07-01 01:00:00,1,2,0,13,4,9,198,17,8,11,3,44,16.0,20.0,21.0,13.0,5.0,7.0,7.0,4.0,18.0,18.0,27.0,21.0,7.0,9.0,7.0,9.0,15.0,10.0,15.0,16.0,3.0,4.0,5.0,5.0,14.833333333333334,17.958333333333332
2026-07-01 02:00:00,2,2,0,15,5,11,198,21,6,17,5,48,13.0,16.0,13.0,14.0,4.0,5.0,4.0,5.0,17.0,27.0,17.0,22.0,8.0,9.0,7.0,7.0,11.0,21.0,9.0,14.0,3.0,6.0,5.0,5.0,15.166666666666666,18.0
2026-07-01 03:00:00,3,2,0,18,6,14,198,15,7,12,2,54,15.0,16.0,11.0,22.0,5.0,5.0,4.0,7.0,21.0,18.0,16.0,28.0,6.0,7.0,8.0,11.0,17.0,15.0,11.0,21.0,5.0,3.0,6.0,4.0,16.333333333333332,17.833333333333332
2026-07-01 04:00:00,4,2,0,18,6,6,198,18,7,10,4,46,18.0,13.0,20.0,9.0,6.0,4.0,7.0,3.0,15.0,17.0,18.0,17.0,7.0,8.0,9.0,7.0,12.0,11.0,10.0,12.0,2.0,3.0,4.0,6.0,16.0,18.208333333333332
2026-07-01 05:00:00,5,2,0,25,8,3,198,30,12,15,7,49,18.0,15.0,16.0,21.0,6.0,5.0,5.0,7.0,18.0,21.0,27.0,24.0,7.0,6.0,9.0,8.0,10.0,17.0,21.0,14.0,4.0,5.0,6.0,3.0,17.5,18.375
2026-07-01 06:00:00,6,2,0,14,4,12,198,17,6,10,4,51,25.0,18.0,16.0,13.0,8.0,6.0,5.0,4.0,30.0,15.0,18.0,24.0,12.0,7.0,7.0,10.0,15.0,12.0,15.0,15.0,7.0,2.0,3.0,5.0,17.166666666666668,18.416666666666668
2026-07-01 07:00:00,7,2,0,15,4,8,198,21,9,12,4,75,14.0,18.0,13.0,24.0,4.0,6.0,4.0,7.0,17.0,18.0,17.0,33.0,6.0,7.0,8.0,7.0,10.0,10.0,11.0,19.0,4.0,4.0,3.0,5.0,17.5,18.041666666666668
2026-07-01 08:00:00,8,2,0,17,5,9,198,21,8,13,5,75,15.0,25.0,15.0,21.0,4.0,8.0,5.0,6.0,21.0,30.0,21.0,28.0,9.0,12.0,6.0,8.0,12.0,15.0,17.0,16.0,4.0,7.0,5.0,6.0,17.833333333333332,17.875
2026-07-01 09:00:00,9,2,0,25,7,10,198,35,10,22,5,73,17.0,14.0,18.0,23.0,5.0,4.0,6.0,6.0,21.0,17.0,15.0,27.0,8.0,6.0,7.0,8.0,13.0,10.0,12.0,26.0,5.0,4.0,2.0,4.0,19.0,17.958333333333332
2026-07-01 10:00:00,10,2,0,18,5,8,198,27,11,17,5,73,25.0,15.0,18.0,15.0,7.0,4.0,6.0,4.0,35.0,21.0,18.0,21.0,10.0,9.0,7.0,6.0,22.0,12.0,10.0,15.0,5.0,4.0,4.0,3.0,19.0,18.083333333333332
2026-07-01 11:00:00,11,2,0,23,6,10,198,32,9,21,6,71,18.0,17.0,25.0,9.0,5.0,5.0,8.0,2.0,27.0,21.0,30.0,13.0,11.0,8.0,12.0,5.0,17.0,13.0,15.0,10.0,5.0,5.0,7.0,6.0,18.666666666666668,18.666666666666668
2026-07-01 12:00:00,12,2,0,23,6,8,198,26,11,14,4,77,23.0,25.0,14.0,15.0,6.0,7.0,4.0,4.0,32.0,35.0,17.0,22.0,9.0,10.0,6.0,8.0,21.0,22.0,10.0,12.0,6.0,5.0,4.0,6.0,20.166666666666668,19.0
2026-07-01 13:00:00,13,2,0,26,7,13,198,39,13,25,7,69,23.0,18.0,15.0,26.0,6.0,5.0,4.0,7.0,26.0,27.0,21.0,38.0,11.0,11.0,9.0,13.0,14.0,17.0,12.0,27.0,4.0,5.0,4.0,7.0,22.0,19.0
2026-07-01 14:00:00,14,2,0,23,6,9,198,29,12,17,6,77,26.0,23.0,17.0,22.0,7.0,6.0,5.0,6.0,39.0,32.0,21.0,28.0,13.0,9.0,8.0,10.0,25.0,21.0,13.0,20.0,7.0,6.0,5.0,4.0,23.0,19.041666666666668
2026-07-01 15:00:00,15,2,0,24,7,5,198,31,12,20,6,70,23.0,23.0,25.0,25.0,6.0,6.0,7.0,7.0,29.0,26.0,35.0,34.0,12.0,11.0,10.0,10.0,17.0,14.0,22.0,25.0,6.0,4.0,5.0,7.0,22.833333333333332,19.0
2026-07-01 16:00:00,16,2,0,22,6,10,198,28,10,19,5,77,24.0,26.0,18.0,22.0,7.0,7.0,5.0,6.0,31.0,39.0,27.0,28.0,12.0,13.0,11.0,8.0,20.0,25.0,17.0,21.0,6.0,7.0,5.0,8.0,23.5,19.0
2026-07-01 17:00:00,17,2,0,21,6,14,198,32,11,17,7,73,22.0,23.0,23.0,18.0,6.0,6.0,6.0,5.0,28.0,29.0,32.0,24.0,10.0,12.0,9.0,9.0,19.0,17.0,21.0,12.0,5.0,6.0,6.0,5.0,23.166666666666668,19.125
2026-07-01 18:00:00,18,2,0,22,7,10,198,29,11,17,5,70,21.0,24.0,23.0,22.0,6.0,7.0,6.0,7.0,32.0,31.0,26.0,24.0,11.0,12.0,11.0,8.0,17.0,20.0,14.0,13.0,7.0,6.0,4.0,4.0,23.0,19.125
2026-07-01 19:00:00,19,2,0,16,5,15,198,22,4,13,6,50,22.0,22.0,26.0,21.0,7.0,6.0,7.0,7.0,29.0,28.0,39.0,27.0,11.0,10.0,13.0,7.0,17.0,19.0,25.0,15.0,5.0,5.0,7.0,5.0,21.333333333333332,18.916666666666668
2026-07-01 20:00:00,20,2,0,18,6,13,198,21,8,12,4,51,16.0,21.0,23.0,13.0,5.0,6.0,6.0,4.0,22.0,32.0,29.0,17.0,4.0,11.0,12.0,7.0,13.0,17.0,17.0,9.0,6.0,7.0,6.0,5.0,20.5,19.125
2026-07-01 21:00:00,21,2,0,9,3,17,198,16,4,12,4,47,18.0,22.0,24.0,11.0,6.0,7.0,7.0,4.0,21.0,29.0,31.0,16.0,8.0,11.0,12.0,8.0,12.0,17.0,20.0,11.0,4.0,5.0,6.0,6.0,18.0,19.041666666666668
2026-07-01 22:00:00,22,2,0,20,7,11,198,28,10,16,5,50,9.0,16.0,22.0,20.0,3.0,5.0,6.0,7.0,16.0,22.0,28.0,18.0,4.0,4.0,10.0,9.0,12.0,13.0,19.0,10.0,4.0,6.0,5.0,4.0,17.666666666666668,19.041666666666668
2026-07-01 23:00:00,23,2,0,19,6,13,198,22,6,13,4,41,20.0,18.0,21.0,16.0,7.0,6.0,6.0,5.0,28.0,21.0,32.0,27.0,10.0,8.0,11.0,9.0,16.0,12.0,17.0,21.0,5.0,4.0,7.0,6.0,17.333333333333332,19.166666666666668
2026-07-02 00:00:00,0,3,0,14,5,12,198,14,3,7,4,44,19.0,9.0,22.0,16.0,6.0,3.0,7.0,5.0,22.0,16.0,29.0,18.0,6.0,4.0,11.0,7.0,13.0,12.0,17.0,15.0,4.0,4.0,5.0,3.0,16.0,19.083333333333332
2026-07-02 01:00:00,1,3,0,13,4,9,198,17,8,13,4,52,14.0,20.0,16.0,13.0,5.0,7.0,5.0,4.0,14.0,28.0,22.0,17.0,3.0,10.0,4.0,8.0,7.0,16.0,13.0,11.0,4.0,5.0,6.0,3.0,15.5,19.083333333333332
2026-07-02 02:00:00,2,3,0,8,3,14,198,17,7,10,5,47,13.0,19.0,18.0,15.0,4.0,6.0,6.0,5.0,17.0,22.0,21.0,21.0,8.0,6.0,8.0,6.0,13.0,13.0,12.0,17.0,4.0,4.0,4.0,5.0,13.833333333333334,18.791666666666668
2026-07-02 03:00:00,3,3,0,16,5,13,198,26,9,17,4,42,8.0,14.0,9.0,18.0,3.0,5.0,3.0,6.0,17.0,14.0,16.0,15.0,7.0,3.0,4.0,7.0,10.0,7.0,12.0,12.0,5.0,4.0,4.0,2.0,15.0,18.708333333333332
2026-07-02 04:00:00,4,3,0,17,5,10,198,18,7,15,4,46,16.0,13.0,20.0,18.0,5.0,4.0,7.0,6.0,26.0,17.0,28.0,18.0,9.0,8.0,10.0,7.0,17.0,13.0,16.0,10.0,4.0,4.0,5.0,4.0,14.5,18.666666666666668
2026-07-02 05:00:00,5,3,0,17,5,6,198,20,7,12,4,45,17.0,8.0,19.0,25.0,5.0,3.0,6.0,8.0,18.0,17.0,22.0,30.0,7.0,7.0,6.0,12.0,15.0,10.0,13.0,15.0,4.0,5.0,4.0,7.0,14.166666666666666,18.333333333333332
2026-07-02 06:00:00,6,3,0,11,3,11,198,13,5,10,3,48,17.0,16.0,14.0,14.0,5.0,5.0,5.0,4.0,20.0,26.0,14.0,17.0,7.0,9.0,3.0,6.0,12.0,17.0,7.0,10.0,4.0,4.0,4.0,4.0,13.666666666666666,18.208333333333332
2026-07-02 07:00:00,7,3,0,22,6,9,198,28,8,21,3,73,11.0,17.0,13.0,15.0,3.0,5.0,4.0,4.0,13.0,18.0,17.0,21.0,5.0,7.0,8.0,9.0,10.0,15.0,13.0,12.0,3.0,4.0,4.0,4.0,15.166666666666666,18.5
2026-07-02 08:00:00,8,3,0,19,5,4,198,25,10,18,5,75,22.0,17.0,8.0,17.0,6.0,5.0,3.0,5.0,28.0,20.0,17.0,21.0,8.0,7.0,7.0,8.0,21.0,12.0,10.0,13.0,3.0,4.0,5.0,5.0,17.0,18.583333333333332
2026-07-02 09:00:00,9,3,0,15,4,6,198,17,5,11,4,74,19.0,11.0,16.0,25.0,5.0,3.0,5.0,7.0,25.0,13.0,26.0,35.0,10.0,5.0,9.0,10.0,18.0,10.0,17.0,22.0,5.0,3.0,4.0,5.0,16.833333333333332,18.166666666666668
2026-07-02 10:00:00,10,3,0,18,5,2,198,27,8,18,6,78,15.0,22.0,17.0,18.0,4.0,6.0,5.0,5.0,17.0,28.0,18.0,27.0,5.0,8.0,7.0,11.0,11.0,21.0,15.0,17.0,4.0,3.0,4.0,5.0,17.0,18.166666666666668
2026-07-02 11:00:00,11,3,0,18,5,12,198,24,8,12,6,75,18.0,19.0,17.0,23.0,5.0,5.0,5.0,6.0,27.0,25.0,20.0,32.0,8.0,10.0,7.0,9.0,18.0,18.0,12.0,21.0,6.0,5.0,4.0,6.0,17.166666666666668,17.958333333333332
2026-07-02 12:00:00,12,3,0,18,5,9,198,22,7,12,6,75,18.0,15.0,11.0,23.0,5.0,4.0,3.0,6.0,24.0,17.0,13.0,26.0,8.0,5.0,5.0,11.0,12.0,11.0,10.0,14.0,6.0,4.0,3.0,4.0,18.333333333333332,17.75
2026-07-02 13:00:00,13,3,0,17,4,9,198,24,8,14,7,77,18.0,18.0,22.0,26.0,5.0,5.0,6.0,7.0,22.0,27.0,28.0,39.0,7.0,8.0,8.0,13.0,12.0,18.0,21.0,25.0,6.0,6.0,3.0,7.0,17.5,17.375
2026-07-02 14:00:00,14,3,0,21,6,8,198,33,10,25,6,73,17.0,18.0,19.0,23.0,4.0,5.0,5.0,6.0,24.0,24.0,25.0,29.0,8.0,8.0,10.0,12.0,14.0,12.0,18.0,17.0,7.0,6.0,5.0,6.0,17.833333333333332,17.291666666666668
2026-07-02 15:00:00,15,3,0,16,4,10,198,25,9,14,6,70,21.0,18.0,15.0,24.0,6.0,5.0,4.0,7.0,33.0,22.0,17.0,31.0,10.0,7.0,5.0,12.0,25.0,12.0,11.0,20.0,6.0,6.0,4.0,6.0,18.0,16.958333333333332
2026-07-02 16:00:00,16,3,0,25,7,9,198,30,12,17,5,78,16.0,17.0,18.0,22.0,4.0,4.0,5.0,6.0,25.0,24.0,27.0,28.0,9.0,8.0,8.0,10.0,14.0,14.0,18.0,19.0,6.0,7.0,6.0,5.0,19.166666666666668,17.083333333333332
2026-07-02 17:00:00,17,3,0,20,6,8,198,30,9,17,8,74,25.0,21.0,18.0,21.0,7.0,6.0,5.0,6.0,30.0,33.0,24.0,32.0,12.0,10.0,8.0,11.0,17.0,25.0,12.0,17.0,5.0,6.0,6.0,7.0,19.5,17.041666666666668
2026-07-02 18:00:00,18,3,0,24,7,12,198,35,12,23,8,74,20.0,16.0,18.0,22.0,6.0,4.0,5.0,7.0,30.0,25.0,22.0,29.0,9.0,9.0,7.0,11.0,17.0,14.0,12.0,17.0,8.0,6.0,6.0,5.0,20.5,17.125
2026-07-02 19:00:00,19,3,0,21,7,11,198,27,10,17,5,46,24.0,25.0,17.0,16.0,7.0,7.0,4.0,5.0,35.0,30.0,24.0,22.0,12.0,12.0,8.0,4.0,23.0,17.0,14.0,13.0,8.0,5.0,7.0,6.0,21.166666666666668,17.333333333333332
2026-07-02 20:00:00,20,3,0,22,7,10,198,30,10,21,6,46,21.0,20.0,21.0,18.0,7.0,6.0,6.0,6.0,27.0,30.0,33.0,21.0,10.0,9.0,10.0,8.0,17.0,17.0,25.0,12.0,5.0,8.0,6.0,4.0,21.333333333333332,17.5
2026-07-02 21:00:00,21,3,0,27,9,10,198,33,12,22,6,51,22.0,24.0,16.0,9.0,7.0,7.0,4.0,3.0,30.0,35.0,25.0,16.0,10.0,12.0,9.0,4.0,21.0,23.0,14.0,12.0,6.0,8.0,6.0,4.0,23.166666666666668,18.25
2026-07-02 22:00:00,22,3,0,8,3,12,198,18,7,8,5,51,27.0,21.0,25.0,20.0,9.0,7.0,7.0,7.0,33.0,27.0,30.0,28.0,12.0,10.0,12.0,10.0,22.0,17.0,17.0,16.0,6.0,5.0,5.0,5.0,20.333333333333332,17.75
2026-07-02 23:00:00,23,3,0,13,4,9,198,18,8,10,4,50,8.0,22.0,20.0,19.0,3.0,7.0,6.0,6.0,18.0,30.0,30.0,22.0,7.0,10.0,9.0,6.0,8.0,21.0,17.0,13.0,5.0,6.0,8.0,4.0,19.166666666666668,17.5
2026-07-03 00:00:00,0,4,0,21,7,12,198,23,7,17,5,50,13.0,27.0,24.0,14.0,4.0,9.0,7.0,5.0,18.0,33.0,35.0,14.0,8.0,12.0,12.0,3.0,10.0,22.0,23.0,7.0,4.0,6.0,8.0,4.0,18.666666666666668,17.791666666666668
2026-07-03 01:00:00,1,4,0,12,4,11,198,15,4,9,4,50,21.0,8.0,21.0,13.0,7.0,3.0,7.0,4.0,23.0,18.0,27.0,17.0,7.0,7.0,10.0,8.0,17.0,8.0,17.0,13.0,5.0,5.0,5.0,4.0,17.166666666666668,17.75
2026-07-03 02:00:00,2,4,0,14,5,11,198,13,4,10,4,48,12.0,13.0,22.0,8.0,4.0,4.0,7.0,3.0,15.0,18.0,30.0,17.0,4.0,8.0,10.0,7.0,9.0,10.0,21.0,10.0,4.0,4.0,6.0,5.0,15.833333333333334,18.0
2026-07-03 03:00:00,3,4,0,7,2,12,198,17,4,10,3,47,14.0,21.0,27.0,16.0,5.0,7.0,9.0,5.0,13.0,23.0,33.0,26.0,4.0,7.0,12.0,9.0,10.0,17.0,22.0,17.0,4.0,5.0,6.0,4.0,12.5,17.625
2026-07-03 04:00:00,4,4,0,4,1,11,198,11,4,5,3,52,7.0,12.0,8.0,17.0,2.0,4.0,3.0,5.0,17.0,15.0,18.0,18.0,4.0,4.0,7.0,7.0,10.0,9.0,8.0,15.0,3.0,4.0,5.0,4.0,11.833333333333334,17.083333333333332
2026-07-03 05:00:00,5,4,0,22,7,20,198,25,7,15,5,47,4.0,14.0,13.0,17.0,1.0,5.0,4.0,5.0,11.0,13.0,18.0,20.0,4.0,4.0,8.0,7.0,5.0,10.0,10.0,12.0,3.0,4.0,4.0,4.0,13.333333333333334,17.291666666666668
2026-07-03 06:00:00,6,4,0,17,5,4,198,22,11,12,5,49,22.0,7.0,21.0,11.0,7.0,2.0,7.0,3.0,25.0,17.0,23.0,13.0,7.0,4.0,7.0,5.0,15.0,10.0,17.0,10.0,5.0,3.0,5.0,3.0,12.666666666666666,17.541666666666668
2026-07-03 07:00:00,7,4,0,15,4,4,198,18,8,10,4,72,17.0,4.0,12.0,22.0,5.0,1.0,4.0,6.0,22.0,11.0,15.0,28.0,11.0,4.0,4.0,8.0,12.0,5.0,9.0,21.0,5.0,3.0,4.0,3.0,13.166666666666666,17.25
2026-07-03 08:00:00,8,4,0,27,8,11,198,38,13,24,6,72,15.0,22.0,14.0,19.0,4.0,7.0,5.0,5.0,18.0,25.0,13.0,25.0,8.0,7.0,4.0,10.0,10.0,15.0,10.0,18.0,4.0,5.0,4.0,5.0,15.333333333333334,17.583333333333332
2026-07-03 09:00:00,9,4,0,18,5,8,198,18,8,12,4,73,27.0,17.0,7.0,15.0,8.0,5.0,2.0,4.0,38.0,22.0,17.0,17.0,13.0,11.0,4.0,5.0,24.0,12.0,10.0,11.0,6.0,5.0,3.0,4.0,17.166666666666668,17.708333333333332
2026-07-03 10:00:00,10,4,0,17,5,11,198,22,5,10,4,72,18.0,15.0,4.0,18.0,5.0,4.0,1.0,5.0,18.0,18.0,11.0,27.0,8.0,8.0,4.0,8.0,12.0,10.0,5.0,18.0,4.0,4.0,3.0,6.0,19.333333333333332,17.666666666666668
2026-07-03 11:00:00,11,4,0,16,4,3,198,22,11,14,5,76,17.0,27.0,22.0,18.0,5.0,8.0,7.0,5.0,22.0,38.0,25.0,24.0,5.0,13.0,7.0,8.0,10.0,24.0,15.0,12.0,4.0,6.0,5.0,6.0,18.333333333333332,17.583333333333332
2026-07-03 12:00:00,12,4,0,23,6,0,198,31,9,18,5,70,16.0,18.0,17.0,18.0,4.0,5.0,5.0,5.0,22.0,18.0,22.0,22.0,11.0,8.0,11.0,7.0,14.0,12.0,12.0,12.0,5.0,4.0,5.0,6.0,19.333333333333332,17.791666666666668
2026-07-03 13:00:00,13,4,0,15,4,14,198,23,7,13,6,74,23.0,17.0,15.0,17.0,6.0,5.0,4.0,4.0,31.0,22.0,18.0,24.0,9.0,5.0,8.0,8.0,18.0,10.0,10.0,14.0,5.0,4.0,4.0,7.0,19.333333333333332,17.708333333333332
2026-07-03 14:00:00,14,4,0,18,5,7,198,19,4,12,5,74,15.0,16.0,27.0,21.0,4.0,4.0,8.0,6.0,23.0,22.0,38.0,33.0,7.0,11.0,13.0,10.0,13.0,14.0,24.0,25.0,6.0,5.0,6.0,6.0,17.833333333333332,17.583333333333332
2026-07-03 15:00:00,15,4,0,28,8,7,198,35,13,21,7,69,18.0,23.0,18.0,16.0,5.0,6.0,5.0,4.0,19.0,31.0,18.0,25.0,4.0,9.0,8.0,9.0,12.0,18.0,12.0,14.0,5.0,5.0,4.0,6.0,19.5,18.083333333333332
2026-07-03 16:00:00,16,4,0,22,6,14,198,29,8,21,8,73,28.0,15.0,17.0,25.0,8.0,4.0,5.0,7.0,35.0,23.0,22.0,30.0,13.0,7.0,5.0,12.0,21.0,13.0,10.0,17.0,7.0,6.0,4.0,5.0,20.333333333333332,17.958333333333332
2026-07-03 17:00:00,17,4,0,27,8,10,198,33,11,23,6,75,22.0,18.0,16.0,20.0,6.0,5.0,4.0,6.0,29.0,19.0,22.0,30.0,8.0,4.0,11.0,9.0,21.0,12.0,14.0,17.0,8.0,5.0,5.0,8.0,22.166666666666668,18.25
2026-07-03 18:00:00,18,4,0,12,4,11,198,26,8,18,7,75,27.0,28.0,23.0,24.0,8.0,8.0,6.0,7.0,33.0,35.0,31.0,35.0,11.0,13.0,9.0,12.0,23.0,21.0,18.0,23.0,6.0,7.0,5.0,8.0,20.333333333333332,17.75
2026-07-03 19:00:00,19,4,0,20,6,7,198,19,5,11,4,47,12.0,22.0,15.0,21.0,4.0,6.0,4.0,7.0,26.0,29.0,23.0,27.0,8.0,8.0,7.0,10.0,18.0,21.0,13.0,17.0,7.0,8.0,6.0,5.0,21.166666666666668,17.708333333333332
2026-07-03 20:00:00,20,4,0,18,6,12,198,23,7,12,6,50,20.0,27.0,18.0,22.0,6.0,8.0,5.0,7.0,19.0,33.0,19.0,30.0,5.0,11.0,4.0,10.0,11.0,23.0,12.0,21.0,4.0,6.0,5.0,6.0,21.166666666666668,17.541666666666668
2026-07-03 21:00:00,21,4,0,17,6,8,198,23,8,14,6,48,18.0,12.0,28.0,27.0,6.0,4.0,8.0,9.0,23.0,26.0,35.0,33.0,7.0,8.0,13.0,12.0,12.0,18.0,21.0,22.0,6.0,7.0,7.0,6.0,19.333333333333332,17.125
2026-07-03 22:00:00,22,4,0,18,6,10,198,24,6,15,6,48,17.0,20.0,22.0,8.0,6.0,6.0,6.0,3.0,23.0,19.0,29.0,18.0,8.0,5.0,8.0,7.0,14.0,11.0,21.0,8.0,6.0,4.0,8.0,5.0,18.666666666666668,17.541666666666668
2026-07-03 23:00:00,23,4,0,8,3,16,198,18,5,10,5,49,18.0,18.0,27.0,13.0,6.0,6.0,8.0,4.0,24.0,23.0,33.0,18.0,6.0,7.0,11.0,8.0,15.0,12.0,23.0,10.0,6.0,6.0,6.0,4.0,15.5,17.333333333333332
2026-07-04 00:00:00,0,5,1,18,6,13,198,15,7,7,0,51,8.0,17.0,12.0,21.0,3.0,6.0,4.0,7.0,18.0,23.0,26.0,23.0,5.0,8.0,8.0,7.0,10.0,14.0,18.0,17.0,5.0,6.0,7.0,5.0,16.5,17.208333333333332
2026-07-04 01:00:00,1,5,1,10,3,17,198,11,8,7,1,46,18.0,18.0,20.0,12.0,6.0,6.0,6.0,4.0,15.0,24.0,19.0,15.0,7.0,6.0,5.0,4.0,7.0,15.0,11.0,9.0,0.0,6.0,4.0,4.0,14.833333333333334,17.125
2026-07-04 02:00:00,2,5,1,9,3,7,198,7,3,4,1,47,10.0,8.0,18.0,14.0,3.0,3.0,6.0,5.0,11.0,18.0,23.0,13.0,8.0,5.0,7.0,4.0,7.0,10.0,12.0,10.0,1.0,5.0,6.0,4.0,13.333333333333334,16.916666666666668
2026-07-04 03:00:00,3,5,1,16,5,12,198,16,4,11,1,46,9.0,18.0,17.0,7.0,3.0,6.0,6.0,2.0,7.0,15.0,23.0,17.0,3.0,7.0,8.0,4.0,4.0,7.0,14.0,10.0,1.0,0.0,6.0,3.0,13.166666666666666,17.291666666666668
2026-07-04 04:00:00,4,5,1,11,4,7,198,15,5,11,2,47,16.0,10.0,18.0,4.0,5.0,3.0,6.0,1.0,16.0,11.0,24.0,11.0,4.0,8.0,6.0,4.0,11.0,7.0,15.0,5.0,1.0,1.0,6.0,3.0,12.0,17.583333333333332
2026-07-04 05:00:00,5,5,1,14,4,9,198,13,5,10,2,52,11.0,9.0,8.0,22.0,4.0,3.0,3.0,7.0,15.0,7.0,18.0,25.0,5.0,3.0,5.0,7.0,11.0,4.0,10.0,15.0,2.0,1.0,5.0,5.0,13.0,17.25
2026-07-04 06:00:00,6,5,1,15,4,11,198,17,5,8,1,50,14.0,16.0,18.0,17.0,4.0,5.0,6.0,5.0,13.0,16.0,15.0,22.0,5.0,4.0,7.0,11.0,10.0,11.0,7.0,12.0,2.0,1.0,0.0,5.0,12.5,17.166666666666668
2026-07-04 07:00:00,7,5,1,10,3,6,198,10,5,7,1,71,15.0,11.0,10.0,15.0,4.0,4.0,3.0,4.0,17.0,15.0,11.0,18.0,5.0,5.0,8.0,8.0,8.0,11.0,7.0,10.0,1.0,2.0,1.0,4.0,12.5,16.958333333333332
2026-07-04 08:00:00,8,5,1,21,6,9,198,23,8,13,1,72,10.0,14.0,9.0,27.0,3.0,4.0,3.0,8.0,10.0,13.0,7.0,38.0,5.0,5.0,3.0,13.0,7.0,10.0,4.0,24.0,1.0,2.0,1.0,6.0,14.5,16.708333333333332
2026-07-04 09:00:00,9,5,1,13,4,4,198,16,7,7,3,75,21.0,15.0,16.0,18.0,6.0,4.0,5.0,5.0,23.0,17.0,16.0,18.0,8.0,5.0,4.0,8.0,13.0,8.0,11.0,12.0,1.0,1.0,1.0,4.0,14.0,16.5
2026-07-04 10:00:00,10,5,1,15,4,4,198,17,5,10,2,71,13.0,10.0,11.0,17.0,4.0,3.0,4.0,5.0,16.0,10.0,15.0,22.0,7.0,5.0,5.0,5.0,7.0,7.0,11.0,10.0,3.0,1.0,2.0,4.0,14.666666666666666,16.416666666666668
2026-07-04 11:00:00,11,5,1,20,5,10,198,20,9,15,2,72,15.0,21.0,14.0,16.0,4.0,6.0,4.0,4.0,17.0,23.0,13.0,22.0,5.0,8.0,5.0,11.0,10.0,13.0,10.0,14.0,2.0,1.0,2.0,5.0,15.666666666666666,16.583333333333332
2026-07-04 12:00:00,12,5,1,24,6,8,198,24,8,14,2,78,20.0,13.0,15.0,23.0,5.0,4.0,4.0,6.0,20.0,16.0,17.0,31.0,9.0,7.0,5.0,9.0,15.0,7.0,8.0,18.0,2.0,3.0,1.0,5.0,17.166666666666668,16.625
2026-07-04 13:00:00,13,5,1,27,7,7,198,29,9,21,3,72,24.0,15.0,10.0,15.0,6.0,4.0,3.0,4.0,24.0,17.0,10.0,23.0,8.0,5.0,5.0,7.0,14.0,10.0,7.0,13.0,2.0,2.0,1.0,6.0,20.0,17.125
2026-07-04 14:00:00,14,5,1,15,4,10,198,19,10,13,3,77,27.0,20.0,21.0,18.0,7.0,5.0,6.0,5.0,29.0,20.0,23.0,19.0,9.0,9.0,8.0,4.0,21.0,15.0,13.0,12.0,3.0,2.0,1.0,5.0,19.0,17.0
2026-07-04 15:00:00,15,5,1,24,7,6,198,17,4,10,0,78,15.0,24.0,13.0,28.0,4.0,6.0,4.0,8.0,19.0,24.0,16.0,35.0,10.0,8.0,7.0,13.0,13.0,14.0,7.0,21.0,3.0,2.0,3.0,7.0,20.833333333333332,16.833333333333332
2026-07-04 16:00:00,16,5,1,14,4,11,198,23,7,17,4,72,24.0,27.0,15.0,22.0,7.0,7.0,4.0,6.0,17.0,29.0,17.0,29.0,4.0,9.0,5.0,8.0,10.0,21.0,10.0,21.0,0.0,3.0,2.0,8.0,20.666666666666668,16.5
2026-07-04 17:00:00,17,5,1,21,6,7,198,19,6,13,4,71,14.0,15.0,20.0,27.0,4.0,4.0,5.0,8.0,23.0,19.0,20.0,33.0,7.0,10.0,9.0,11.0,17.0,13.0,15.0,23.0,4.0,3.0,2.0,6.0,20.833333333333332,16.25
2026-07-04 18:00:00,18,5,1,18,5,10,198,15,9,7,1,73,21.0,24.0,24.0,12.0,6.0,7.0,6.0,4.0,19.0,17.0,24.0,26.0,6.0,4.0,8.0,8.0,13.0,10.0,14.0,18.0,4.0,0.0,2.0,7.0,19.833333333333332,16.5
2026-07-04 19:00:00,19,5,1,22,7,12,198,20,10,16,1,45,18.0,14.0,27.0,20.0,5.0,4.0,7.0,6.0,15.0,23.0,29.0,19.0,9.0,7.0,9.0,5.0,7.0,17.0,21.0,11.0,1.0,4.0,3.0,4.0,19.0,16.583333333333332
2026-07-04 20:00:00,20,5,1,28,9,18,198,28,12,18,2,48,22.0,21.0,15.0,18.0,7.0,6.0,4.0,6.0,20.0,19.0,19.0,23.0,10.0,6.0,10.0,7.0,16.0,13.0,13.0,12.0,1.0,4.0,3.0,6.0,21.166666666666668,17.0
2026-07-04 21:00:00,21,5,1,17,6,13,198,21,7,13,1,47,28.0,18.0,24.0,17.0,9.0,5.0,7.0,6.0,28.0,15.0,17.0,23.0,12.0,9.0,4.0,8.0,18.0,7.0,10.0,14.0,2.0,1.0,0.0,6.0,20.0,17.0
2026-07-04 22:00:00,22,5,1,21,7,9,198,16,10,8,2,49,17.0,22.0,14.0,18.0,6.0,7.0,4.0,6.0,21.0,20.0,23.0,24.0,7.0,10.0,7.0,6.0,13.0,16.0,17.0,15.0,1.0,1.0,4.0,6.0,21.166666666666668,17.125
2026-07-04 23:00:00,23,5,1,10,3,12,198,7,3,7,0,52,21.0,28.0,21.0,8.0,7.0,9.0,6.0,3.0,16.0,28.0,19.0,18.0,10.0,12.0,6.0,5.0,8.0,18.0,13.0,10.0,2.0,2.0,4.0,5.0,19.333333333333332,17.208333333333332
2026-07-05 00:00:00,0,6,1,14,5,6,198,7,4,5,1,50,10.0,17.0,18.0,18.0,3.0,6.0,5.0,6.0,7.0,21.0,15.0,15.0,3.0,7.0,9.0,7.0,7.0,13.0,7.0,7.0,0.0,1.0,1.0,0.0,18.666666666666668,17.041666666666668
2026-07-05 01:00:00,1,6,1,10,3,12,198,14,5,10,3,49,14.0,21.0,22.0,10.0,5.0,7.0,7.0,3.0,7.0,16.0,20.0,11.0,4.0,10.0,10.0,8.0,5.0,8.0,16.0,7.0,1.0,2.0,1.0,1.0,16.666666666666668,17.041666666666668
2026-07-05 02:00:00,2,6,1,17,6,10,198,17,6,10,1,42,10.0,10.0,28.0,9.0,3.0,3.0,9.0,3.0,14.0,7.0,28.0,7.0,5.0,3.0,12.0,3.0,10.0,7.0,18.0,4.0,3.0,0.0,2.0,1.0,14.833333333333334,17.375
2026-07-05 03:00:00,3,6,1,16,5,18,198,23,7,16,3,49,17.0,14.0,17.0,16.0,6.0,5.0,6.0,5.0,17.0,7.0,21.0,16.0,6.0,4.0,7.0,4.0,10.0,5.0,13.0,11.0,1.0,1.0,1.0,1.0,14.666666666666666,17.375
2026-07-05 04:00:00,4,6,1,14,4,15,198,16,5,12,2,53,16.0,10.0,21.0,11.0,5.0,3.0,7.0,4.0,23.0,14.0,16.0,15.0,7.0,5.0,10.0,5.0,16.0,10.0,8.0,11.0,3.0,3.0,2.0,2.0,13.5,17.5
2026-07-05 05:00:00,5,6,1,14,4,7,198,15,6,8,0,39,14.0,17.0,10.0,14.0,4.0,6.0,3.0,4.0,16.0,17.0,7.0,13.0,5.0,6.0,3.0,5.0,12.0,10.0,7.0,10.0,2.0,1.0,0.0,2.0,14.166666666666666,17.5
2026-07-05 06:00:00,6,6,1,15,4,12,198,20,7,10,3,50,14.0,16.0,14.0,15.0,4.0,5.0,5.0,4.0,15.0,23.0,7.0,17.0,6.0,7.0,4.0,5.0,8.0,16.0,5.0,8.0,0.0,3.0,1.0,1.0,14.333333333333334,17.5
2026-07-05 07:00:00,7,6,1,14,4,1,198,14,5,10,2,74,15.0,14.0,10.0,10.0,4.0,4.0,3.0,3.0,20.0,16.0,14.0,10.0,7.0,5.0,5.0,5.0,10.0,12.0,10.0,7.0,3.0,2.0,3.0,1.0,15.0,17.666666666666668
2026-07-05 08:00:00,8,6,1,19,5,8,198,15,8,6,2,71,14.0,14.0,17.0,21.0,4.0,4.0,6.0,6.0,14.0,15.0,17.0,23.0,5.0,6.0,6.0,8.0,10.0,8.0,10.0,13.0,2.0,0.0,1.0,1.0,15.333333333333334,17.583333333333332
2026-07-05 09:00:00,9,6,1,11,3,6,198,14,0,9,2,76,19.0,15.0,16.0,13.0,5.0,4.0,5.0,4.0,15.0,20.0,23.0,16.0,8.0,7.0,7.0,7.0,6.0,10.0,16.0,7.0,2.0,3.0,3.0,3.0,14.5,17.5
2026-07-05 10:00:00,10,6,1,13,3,11,198,12,5,7,3,79,11.0,14.0,14.0,15.0,3.0,4.0,4.0,4.0,14.0,14.0,16.0,17.0,0.0,5.0,5.0,5.0,9.0,10.0,12.0,10.0,2.0,2.0,2.0,2.0,14.333333333333334,17.416666666666668
2026-07-05 11:00:00,11,6,1,19,5,11,198,25,9,18,3,76,13.0,19.0,14.0,20.0,3.0,5.0,4.0,5.0,12.0,15.0,15.0,20.0,5.0,8.0,6.0,9.0,7.0,6.0,8.0,15.0,3.0,2.0,0.0,2.0,15.166666666666666,17.375
2026-07-05 12:00:00,12,6,1,22,6,7,198,25,10,15,4,73,19.0,11.0,15.0,24.0,5.0,3.0,4.0,6.0,25.0,14.0,20.0,24.0,9.0,0.0,7.0,8.0,18.0,9.0,10.0,14.0,3.0,2.0,3.0,2.0,16.333333333333332,17.291666666666668
2026-07-05 13:00:00,13,6,1,18,5,7,198,24,8,17,3,71,22.0,13.0,14.0,27.0,6.0,3.0,4.0,7.0,25.0,12.0,14.0,29.0,10.0,5.0,5.0,9.0,15.0,7.0,10.0,21.0,4.0,3.0,2.0,3.0,17.0,16.916666666666668
2026-07-05 14:00:00,14,6,1,22,6,7,198,19,7,11,1,74,18.0,19.0,19.0,15.0,5.0,5.0,5.0,4.0,24.0,25.0,15.0,19.0,8.0,9.0,8.0,10.0,17.0,18.0,6.0,13.0,3.0,3.0,2.0,3.0,17.5,17.208333333333332
2026-07-05 15:00:00,15,6,1,22,6,5,198,23,9,16,2,77,22.0,22.0,11.0,24.0,6.0,6.0,3.0,7.0,19.0,25.0,14.0,17.0,7.0,10.0,0.0,4.0,11.0,15.0,9.0,10.0,1.0,4.0,2.0,0.0,19.333333333333332,17.125
2026-07-05 16:00:00,16,6,1,22,6,11,198,30,12,23,6,73,22.0,18.0,13.0,14.0,6.0,5.0,3.0,4.0,23.0,24.0,12.0,23.0,9.0,8.0,5.0,7.0,16.0,17.0,7.0,17.0,2.0,3.0,3.0,4.0,20.833333333333332,17.458333333333332
2026-07-05 17:00:00,17,6,1,16,5,4,198,19,6,10,3,73,22.0,22.0,19.0,21.0,6.0,6.0,5.0,6.0,30.0,19.0,25.0,19.0,12.0,7.0,9.0,6.0,23.0,11.0,18.0,13.0,6.0,1.0,3.0,4.0,20.333333333333332,17.25
2026-07-05 18:00:00,18,6,1,21,6,6,198,25,9,16,5,82,16.0,22.0,22.0,18.0,5.0,6.0,6.0,5.0,19.0,23.0,25.0,15.0,6.0,9.0,10.0,9.0,10.0,16.0,15.0,7.0,3.0,2.0,4.0,1.0,20.166666666666668,17.375
2026-07-05 19:00:00,19,6,1,15,5,8,198,21,10,19,4,51,21.0,22.0,18.0,22.0,6.0,6.0,5.0,7.0,25.0,30.0,24.0,20.0,9.0,12.0,8.0,10.0,16.0,23.0,17.0,16.0,5.0,6.0,3.0,1.0,19.666666666666668,17.083333333333332
2026-07-05 20:00:00,20,6,1,22,7,13,198,21,4,13,3,51,15.0,16.0,22.0,28.0,5.0,5.0,6.0,9.0,21.0,19.0,19.0,28.0,10.0,6.0,7.0,12.0,19.0,10.0,11.0,18.0,4.0,3.0,1.0,2.0,19.666666666666668,16.833333333333332
2026-07-05 21:00:00,21,6,1,20,7,14,198,18,6,11,3,44,22.0,21.0,22.0,17.0,7.0,6.0,6.0,6.0,21.0,25.0,23.0,21.0,4.0,9.0,9.0,7.0,13.0,16.0,16.0,13.0,3.0,5.0,2.0,1.0,19.333333333333332,16.958333333333332
2026-07-05 22:00:00,22,6,1,17,6,9,198,22,10,15,2,46,20.0,15.0,22.0,21.0,7.0,5.0,6.0,7.0,18.0,21.0,30.0,16.0,6.0,10.0,12.0,10.0,11.0,19.0,23.0,8.0,3.0,4.0,6.0,2.0,18.5,16.791666666666668
2026-07-05 23:00:00,23,6,1,9,3,8,198,10,5,6,0,48,17.0,22.0,16.0,10.0,6.0,7.0,5.0,3.0,22.0,21.0,19.0,7.0,10.0,4.0,6.0,3.0,15.0,13.0,10.0,7.0,2.0,3.0,3.0,0.0,17.333333333333332,16.75
2026-07-06 00:00:00,0,0,0,15,5,12,198,20,8,9,4,45,9.0,20.0,21.0,14.0,3.0,7.0,6.0,5.0,10.0,18.0,25.0,7.0,5.0,6.0,9.0,4.0,6.0,11.0,16.0,5.0,0.0,3.0,5.0,1.0,16.333333333333332,16.791666666666668
2026-07-06 01:00:00,1,0,0,16,5,9,198,29,9,20,6,53,15.0,17.0,15.0,10.0,5.0,6.0,5.0,3.0,20.0,22.0,21.0,14.0,8.0,10.0,10.0,5.0,9.0,15.0,19.0,10.0,4.0,2.0,4.0,3.0,16.5,17.041666666666668
2026-07-06 02:00:00,2,0,0,29,10,12,198,31,10,15,4,52,16.0,9.0,22.0,17.0,5.0,3.0,7.0,6.0,29.0,10.0,21.0,17.0,9.0,5.0,4.0,6.0,20.0,6.0,13.0,10.0,6.0,0.0,3.0,1.0,17.666666666666668,17.541666666666668
2026-07-06 03:00:00,3,0,0,14,5,7,198,24,7,14,5,46,29.0,15.0,20.0,16.0,10.0,5.0,7.0,5.0,31.0,20.0,18.0,23.0,10.0,8.0,6.0,7.0,15.0,9.0,11.0,16.0,4.0,4.0,3.0,3.0,16.666666666666668,17.458333333333332
2026-07-06 04:00:00,4,0,0,13,4,12,198,20,9,15,5,53,14.0,16.0,17.0,14.0,5.0,5.0,6.0,4.0,24.0,29.0,22.0,16.0,7.0,9.0,10.0,5.0,14.0,20.0,15.0,12.0,5.0,6.0,2.0,2.0,16.0,17.416666666666668
2026-07-06 05:00:00,5,0,0,19,6,12,198,18,6,10,3,48,13.0,29.0,9.0,14.0,4.0,10.0,3.0,4.0,20.0,31.0,10.0,15.0,9.0,10.0,5.0,6.0,15.0,15.0,6.0,8.0,5.0,4.0,0.0,0.0,17.666666666666668,17.625
2026-07-06 06:00:00,6,0,0,20,6,11,198,29,10,17,4,56,19.0,14.0,15.0,15.0,6.0,5.0,5.0,4.0,18.0,24.0,20.0,20.0,6.0,7.0,8.0,7.0,10.0,14.0,9.0,10.0,3.0,5.0,4.0,3.0,18.5,17.833333333333332
2026-07-06 07:00:00,7,0,0,22,6,1,198,28,8,19,4,74,20.0,13.0,16.0,14.0,6.0,4.0,5.0,4.0,29.0,20.0,29.0,14.0,10.0,9.0,9.0,5.0,17.0,15.0,20.0,10.0,4.0,5.0,6.0,2.0,19.5,18.166666666666668
2026-07-06 08:00:00,8,0,0,25,7,8,198,28,11,16,4,76,22.0,19.0,29.0,19.0,6.0,6.0,10.0,5.0,28.0,18.0,31.0,15.0,8.0,6.0,10.0,8.0,19.0,10.0,15.0,6.0,4.0,3.0,4.0,2.0,18.833333333333332,18.416666666666668
2026-07-06 09:00:00,9,0,0,23,6,9,198,29,9,16,4,78,25.0,20.0,14.0,11.0,7.0,6.0,5.0,3.0,28.0,29.0,24.0,14.0,11.0,10.0,7.0,0.0,16.0,17.0,14.0,9.0,4.0,4.0,5.0,2.0,20.333333333333332,18.916666666666668
2026-07-06 10:00:00,10,0,0,14,4,14,198,17,6,11,4,78,23.0,22.0,13.0,13.0,6.0,6.0,4.0,3.0,29.0,28.0,20.0,12.0,9.0,8.0,9.0,5.0,16.0,19.0,15.0,7.0,4.0,4.0,5.0,3.0,20.5,18.958333333333332
2026-07-06 11:00:00,11,0,0,19,5,11,198,31,8,19,7,76,14.0,25.0,19.0,19.0,4.0,7.0,6.0,5.0,17.0,28.0,18.0,25.0,6.0,11.0,6.0,9.0,11.0,16.0,10.0,18.0,4.0,4.0,3.0,3.0,20.5,18.958333333333332
2026-07-06 12:00:00,12,0,0,19,5,6,198,17,4,8,5,74,19.0,23.0,20.0,22.0,5.0,6.0,6.0,6.0,31.0,29.0,29.0,25.0,8.0,9.0,10.0,10.0,19.0,16.0,17.0,15.0,7.0,4.0,4.0,4.0,20.333333333333332,18.833333333333332
2026-07-06 13:00:00,13,0,0,26,7,10,198,29,10,19,6,76,19.0,14.0,22.0,18.0,5.0,4.0,6.0,5.0,17.0,17.0,28.0,24.0,4.0,6.0,8.0,8.0,8.0,11.0,19.0,17.0,5.0,4.0,4.0,3.0,21.0,19.166666666666668
2026-07-06 14:00:00,14,0,0,25,7,12,198,33,9,21,5,72,26.0,19.0,25.0,22.0,7.0,5.0,7.0,6.0,29.0,31.0,28.0,19.0,10.0,8.0,11.0,7.0,19.0,19.0,16.0,11.0,6.0,7.0,4.0,1.0,21.0,19.291666666666668
2026-07-06 15:00:00,15,0,0,29,8,11,198,36,15,22,7,74,25.0,19.0,23.0,22.0,7.0,5.0,6.0,6.0,33.0,17.0,29.0,23.0,9.0,4.0,9.0,9.0,21.0,8.0,16.0,16.0,5.0,5.0,4.0,2.0,22.0,19.583333333333332
2026-07-06 16:00:00,16,0,0,14,4,10,198,24,5,14,7,71,29.0,26.0,14.0,22.0,8.0,7.0,4.0,6.0,36.0,29.0,17.0,30.0,15.0,10.0,6.0,12.0,22.0,19.0,11.0,23.0,7.0,6.0,4.0,6.0,22.0,19.25
2026-07-06 17:00:00,17,0,0,26,8,12,198,30,9,20,7,69,14.0,25.0,19.0,16.0,4.0,7.0,5.0,5.0,24.0,33.0,31.0,19.0,5.0,9.0,8.0,6.0,14.0,21.0,19.0,10.0,7.0,5.0,7.0,3.0,23.166666666666668,19.666666666666668
2026-07-06 18:00:00,18,0,0,26,8,10,198,38,13,26,6,74,26.0,29.0,19.0,21.0,8.0,8.0,5.0,6.0,30.0,36.0,17.0,25.0,9.0,15.0,4.0,9.0,20.0,22.0,8.0,16.0,7.0,7.0,5.0,5.0,24.333333333333332,19.875
2026-07-06 19:00:00,19,0,0,21,7,10,198,30,10,18,5,52,26.0,14.0,26.0,15.0,8.0,4.0,7.0,5.0,38.0,24.0,29.0,21.0,13.0,5.0,10.0,10.0,26.0,14.0,19.0,19.0,6.0,7.0,6.0,4.0,23.5,20.125
2026-07-06 20:00:00,20,0,0,21,7,9,198,24,7,16,4,51,21.0,26.0,25.0,22.0,7.0,8.0,7.0,7.0,30.0,30.0,33.0,21.0,10.0,9.0,9.0,4.0,18.0,20.0,21.0,13.0,5.0,7.0,5.0,3.0,22.833333333333332,20.083333333333332
2026-07-06 21:00:00,21,0,0,24,8,16,198,31,9,20,7,48,21.0,26.0,29.0,20.0,7.0,8.0,8.0,7.0,24.0,38.0,36.0,18.0,7.0,13.0,15.0,6.0,16.0,26.0,22.0,11.0,4.0,6.0,7.0,3.0,22.0,20.25
2026-07-06 22:00:00,22,0,0,17,6,13,198,24,7,17,4,53,24.0,21.0,14.0,17.0,8.0,7.0,4.0,6.0,31.0,30.0,24.0,22.0,9.0,10.0,5.0,10.0,20.0,18.0,14.0,15.0,7.0,5.0,7.0,2.0,22.5,20.25
2026-07-06 23:00:00,23,0,0,14,5,15,198,26,8,16,5,46,17.0,21.0,26.0,9.0,6.0,7.0,8.0,3.0,24.0,24.0,30.0,10.0,7.0,7.0,9.0,5.0,17.0,16.0,20.0,6.0,4.0,4.0,7.0,0.0,20.5,20.458333333333332
2026-07-07 00:00:00,0,1,0,19,6,8,198,29,13,16,6,42,14.0,24.0,26.0,15.0,5.0,8.0,8.0,5.0,26.0,31.0,38.0,20.0,8.0,9.0,13.0,8.0,16.0,20.0,26.0,9.0,5.0,7.0,6.0,4.0,19.333333333333332,20.625
2026-07-07 01:00:00,1,1,0,21,7,16,198,31,11,18,4,41,19.0,17.0,21.0,16.0,6.0,6.0,7.0,5.0,29.0,24.0,30.0,29.0,13.0,7.0,10.0,9.0,16.0,17.0,18.0,20.0,6.0,4.0,5.0,6.0,19.333333333333332,20.833333333333332
2026-07-07 02:00:00,2,1,0,16,5,19,198,19,8,12,5,44,21.0,14.0,21.0,29.0,7.0,5.0,7.0,10.0,31.0,26.0,24.0,31.0,11.0,8.0,7.0,10.0,18.0,16.0,16.0,15.0,4.0,5.0,4.0,4.0,18.5,20.291666666666668
2026-07-07 03:00:00,3,1,0,16,5,13,198,20,8,16,5,50,16.0,19.0,24.0,14.0,5.0,6.0,8.0,5.0,19.0,29.0,31.0,24.0,8.0,13.0,9.0,7.0,12.0,16.0,20.0,14.0,5.0,6.0,7.0,5.0,17.166666666666668,20.375
2026-07-07 04:00:00,4,1,0,12,4,14,198,17,7,10,6,46,16.0,21.0,17.0,13.0,5.0,7.0,6.0,4.0,20.0,31.0,24.0,20.0,8.0,11.0,7.0,9.0,16.0,18.0,17.0,15.0,5.0,4.0,4.0,5.0,16.333333333333332,20.333333333333332
2026-07-07 05:00:00,5,1,0,10,3,12,198,17,1,12,4,49,12.0,16.0,14.0,19.0,4.0,5.0,5.0,6.0,17.0,19.0,26.0,18.0,7.0,8.0,8.0,6.0,10.0,12.0,16.0,10.0,6.0,5.0,5.0,3.0,15.666666666666666,19.958333333333332
2026-07-07 06:00:00,6,1,0,17,5,7,198,20,6,12,3,53,10.0,16.0,19.0,20.0,3.0,5.0,6.0,6.0,17.0,20.0,29.0,29.0,1.0,8.0,13.0,10.0,12.0,16.0,16.0,17.0,4.0,5.0,6.0,4.0,15.333333333333334,19.833333333333332
2026-07-07 07:00:00,7,1,0,27,8,8,198,29,12,18,4,71,17.0,12.0,21.0,22.0,5.0,4.0,7.0,6.0,20.0,17.0,31.0,28.0,6.0,7.0,11.0,8.0,12.0,10.0,18.0,19.0,3.0,6.0,4.0,4.0,16.333333333333332,20.041666666666668
2026-07-07 08:00:00,8,1,0,22,6,11,198,30,9,22,5,75,27.0,10.0,16.0,25.0,8.0,3.0,5.0,7.0,29.0,17.0,19.0,28.0,12.0,1.0,8.0,11.0,18.0,12.0,12.0,16.0,4.0,4.0,5.0,4.0,17.333333333333332,19.916666666666668
2026-07-07 09:00:00,9,1,0,22,6,9,198,31,13,21,5,76,22.0,17.0,16.0,23.0,6.0,5.0,5.0,6.0,30.0,20.0,20.0,29.0,9.0,6.0,8.0,9.0,22.0,12.0,16.0,16.0,5.0,3.0,5.0,4.0,18.333333333333332,19.875
2026-07-07 10:00:00,10,1,0,17,5,8,198,18,9,9,5,71,22.0,27.0,12.0,14.0,6.0,8.0,4.0,4.0,31.0,29.0,17.0,17.0,13.0,12.0,7.0,6.0,21.0,18.0,10.0,11.0,5.0,4.0,6.0,4.0,19.166666666666668,20.0
2026-07-07 11:00:00,11,1,0,21,5,10,198,21,6,12,3,78,17.0,22.0,10.0,19.0,5.0,6.0,3.0,5.0,18.0,30.0,17.0,31.0,9.0,9.0,1.0,8.0,9.0,22.0,12.0,19.0,5.0,5.0,4.0,7.0,21.0,20.083333333333332
2026-07-07 12:00:00,12,1,0,16,4,7,198,26,8,19,6,73,21.0,22.0,17.0,19.0,5.0,6.0,5.0,5.0,21.0,31.0,20.0,17.0,6.0,13.0,6.0,4.0,12.0,21.0,12.0,8.0,3.0,5.0,3.0,5.0,20.833333333333332,19.958333333333332
2026-07-07 13:00:00,13,1,0,37,10,7,198,44,13,28,8,73,16.0,17.0,27.0,26.0,4.0,5.0,8.0,7.0,26.0,18.0,29.0,29.0,8.0,9.0,12.0,10.0,19.0,9.0,18.0,19.0,6.0,5.0,4.0,6.0,22.5,20.416666666666668
2026-07-07 14:00:00,14,1,0,22,6,10,198,27,8,14,6,80,37.0,21.0,22.0,25.0,10.0,5.0,6.0,7.0,44.0,21.0,30.0,33.0,13.0,6.0,9.0,9.0,28.0,12.0,22.0,21.0,8.0,3.0,5.0,5.0,22.5,20.291666666666668
2026-07-07 15:00:00,15,1,0,24,7,14,198,34,10,19,6,76,22.0,16.0,22.0,29.0,6.0,4.0,6.0,8.0,27.0,26.0,31.0,36.0,8.0,8.0,13.0,15.0,14.0,19.0,21.0,22.0,6.0,6.0,5.0,7.0,22.833333333333332,20.083333333333332
2026-07-07 16:00:00,16,1,0,18,5,11,198,22,8,15,6,77,24.0,37.0,17.0,14.0,7.0,10.0,5.0,4.0,34.0,44.0,18.0,24.0,10.0,13.0,9.0,5.0,19.0,28.0,9.0,14.0,6.0,8.0,5.0,7.0,23.0,20.25
2026-07-07 17:00:00,17,1,0,17,5,10,198,24,6,17,6,78,18.0,22.0,21.0,26.0,5.0,6.0,5.0,8.0,22.0,27.0,21.0,30.0,8.0,8.0,6.0,9.0,15.0,14.0,12.0,20.0,6.0,6.0,3.0,7.0,22.333333333333332,19.875
2026-07-07 18:00:00,18,1,0,14,4,13,198,23,9,14,6,72,17.0,24.0,16.0,26.0,5.0,7.0,4.0,8.0,24.0,34.0,26.0,38.0,6.0,10.0,8.0,13.0,17.0,19.0,19.0,26.0,6.0,6.0,6.0,6.0,22.0,19.375
2026-07-07 19:00:00,19,1,0,24,7,12,198,29,11,23,6,52,14.0,18.0,37.0,21.0,4.0,5.0,10.0,7.0,23.0,22.0,44.0,30.0,9.0,8.0,13.0,10.0,14.0,15.0,28.0,18.0,6.0,6.0,8.0,5.0,19.833333333333332,19.5
2026-07-07 20:00:00,20,1,0,19,6,8,198,27,7,18,5,46,24.0,17.0,22.0,21.0,7.0,5.0,6.0,7.0,29.0,24.0,27.0,24.0,11.0,6.0,8.0,7.0,23.0,17.0,14.0,16.0,6.0,6.0,6.0,4.0,19.333333333333332,19.416666666666668
2026-07-07 21:00:00,21,1,0,26,9,18,198,27,12,16,4,46,19.0,14.0,24.0,24.0,6.0,4.0,7.0,8.0,27.0,23.0,34.0,31.0,7.0,9.0,10.0,9.0,18.0,14.0,19.0,20.0,5.0,6.0,6.0,7.0,19.666666666666668,19.5
2026-07-07 22:00:00,22,1,0,10,3,18,198,21,8,11,5,47,26.0,24.0,18.0,17.0,9.0,7.0,5.0,6.0,27.0,29.0,22.0,24.0,12.0,11.0,8.0,7.0,16.0,23.0,15.0,17.0,4.0,6.0,6.0,4.0,18.333333333333332,19.208333333333332
2026-07-07 23:00:00,23,1,0,10,3,11,198,17,7,9,5,46,10.0,19.0,17.0,14.0,3.0,6.0,5.0,5.0,21.0,27.0,24.0,26.0,8.0,7.0,6.0,8.0,11.0,18.0,17.0,16.0,5.0,5.0,6.0,5.0,17.166666666666668,19.041666666666668
2026-07-08 00:00:00,0,2,0,16,5,9,198,22,6,14,4,50,10.0,26.0,14.0,19.0,3.0,9.0,4.0,6.0,17.0,27.0,23.0,29.0,7.0,12.0,9.0,13.0,9.0,16.0,14.0,16.0,5.0,4.0,6.0,6.0,17.5,18.916666666666668
2026-07-08 01:00:00,1,2,0,15,5,10,198,23,9,13,5,49,16.0,10.0,24.0,21.0,5.0,3.0,7.0,7.0,22.0,21.0,29.0,31.0,6.0,8.0,11.0,11.0,14.0,11.0,23.0,18.0,4.0,5.0,6.0,4.0,16.0,18.666666666666668
2026-07-08 02:00:00,2,2,0,12,4,9,198,17,8,14,5,47,15.0,10.0,19.0,16.0,5.0,3.0,6.0,5.0,23.0,17.0,27.0,19.0,9.0,7.0,7.0,8.0,13.0,9.0,18.0,12.0,5.0,5.0,5.0,5.0,14.833333333333334,18.5
2026-07-08 03:00:00,3,2,0,14,5,15,198,14,5,12,5,50,12.0,16.0,26.0,16.0,4.0,5.0,9.0,5.0,17.0,22.0,27.0,20.0,8.0,6.0,12.0,8.0,14.0,14.0,16.0,16.0,5.0,4.0,4.0,5.0,12.833333333333334,18.416666666666668
2026-07-08 04:00:00,4,2,0,22,7,14,198,30,13,20,6,47,14.0,15.0,10.0,12.0,5.0,5.0,3.0,4.0,14.0,23.0,21.0,17.0,5.0,9.0,8.0,7.0,12.0,13.0,11.0,10.0,5.0,5.0,5.0,6.0,14.833333333333334,18.833333333333332
2026-07-08 05:00:00,5,2,0,17,5,15,198,21,7,11,4,47,22.0,12.0,10.0,10.0,7.0,4.0,3.0,3.0,30.0,17.0,17.0,17.0,13.0,8.0,7.0,1.0,20.0,14.0,9.0,12.0,6.0,5.0,5.0,4.0,16.0,19.125
2026-07-08 06:00:00,6,2,0,21,6,3,198,25,10,14,3,48,17.0,14.0,16.0,17.0,5.0,5.0,5.0,5.0,21.0,14.0,22.0,20.0,7.0,5.0,6.0,6.0,11.0,12.0,14.0,12.0,4.0,5.0,4.0,3.0,16.833333333333332,19.291666666666668
2026-07-08 07:00:00,7,2,0,20,6,5,198,23,8,17,4,75,21.0,22.0,15.0,27.0,6.0,7.0,5.0,8.0,25.0,30.0,23.0,29.0,10.0,13.0,9.0,12.0,14.0,20.0,13.0,18.0,3.0,6.0,5.0,4.0,17.666666666666668,19.0
2026-07-08 08:00:00,8,2,0,15,4,9,198,20,8,11,5,75,20.0,17.0,12.0,22.0,6.0,5.0,4.0,6.0,23.0,21.0,17.0,30.0,8.0,7.0,8.0,9.0,17.0,11.0,14.0,22.0,4.0,4.0,5.0,5.0,18.166666666666668,18.708333333333332
2026-07-08 09:00:00,9,2,0,21,6,12,198,29,7,20,3,73,15.0,21.0,14.0,22.0,4.0,6.0,5.0,6.0,20.0,25.0,14.0,31.0,8.0,10.0,5.0,13.0,11.0,14.0,12.0,21.0,5.0,3.0,5.0,5.0,19.333333333333332,18.666666666666668
2026-07-08 10:00:00,10,2,0,14,4,4,198,19,7,13,7,77,21.0,20.0,22.0,17.0,6.0,6.0,7.0,5.0,29.0,23.0,30.0,18.0,7.0,8.0,13.0,9.0,20.0,17.0,20.0,9.0,3.0,4.0,6.0,5.0,18.0,18.541666666666668
2026-07-08 11:00:00,11,2,0,21,5,10,198,30,9,19,6,73,14.0,15.0,17.0,21.0,4.0,4.0,5.0,5.0,19.0,20.0,21.0,21.0,7.0,8.0,7.0,6.0,13.0,11.0,11.0,12.0,7.0,5.0,4.0,3.0,18.666666666666668,18.541666666666668
2026-07-08 12:00:00,12,2,0,16,4,12,198,22,6,12,6,72,21.0,21.0,21.0,16.0,5.0,6.0,6.0,4.0,30.0,29.0,25.0,26.0,9.0,7.0,10.0,8.0,19.0,20.0,14.0,19.0,6.0,3.0,3.0,6.0,17.833333333333332,18.541666666666668
2026-07-08 13:00:00,13,2,0,26,7,11,198,33,14,20,7,70,16.0,14.0,20.0,37.0,4.0,4.0,6.0,10.0,22.0,19.0,23.0,44.0,6.0,7.0,8.0,13.0,12.0,13.0,17.0,28.0,6.0,7.0,4.0,8.0,18.833333333333332,18.083333333333332
2026-07-08 14:00:00,14,2,0,14,4,11,198,19,6,12,5,77,26.0,21.0,15.0,22.0,7.0,5.0,4.0,6.0,33.0,30.0,20.0,27.0,14.0,9.0,8.0,8.0,20.0,19.0,11.0,14.0,7.0,6.0,5.0,6.0,18.666666666666668,17.75
2026-07-08 15:00:00,15,2,0,32,9,9,198,35,11,24,6,74,14.0,16.0,21.0,24.0,4.0,4.0,6.0,7.0,19.0,22.0,29.0,34.0,6.0,6.0,7.0,10.0,12.0,12.0,20.0,19.0,5.0,6.0,3.0,6.0,20.5,18.083333333333332
2026-07-08 16:00:00,16,2,0,25,7,10,198,33,11,19,6,75,32.0,26.0,14.0,18.0,9.0,7.0,4.0,5.0,35.0,33.0,19.0,22.0,11.0,14.0,7.0,8.0,24.0,20.0,13.0,15.0,6.0,7.0,7.0,6.0,22.333333333333332,18.375
2026-07-08 17:00:00,17,2,0,23,7,13,198,32,9,19,5,77,25.0,14.0,21.0,17.0,7.0,4.0,5.0,5.0,33.0,19.0,30.0,24.0,11.0,6.0,9.0,6.0,19.0,12.0,19.0,17.0,6.0,5.0,6.0,6.0,22.666666666666668,18.625
2026-07-08 18:00:00,18,2,0,22,7,10,198,29,12,18,5,73,23.0,32.0,16.0,14.0,7.0,9.0,4.0,4.0,32.0,35.0,22.0,23.0,9.0,11.0,6.0,9.0,19.0,24.0,12.0,14.0,5.0,6.0,6.0,6.0,23.666666666666668,18.958333333333332
2026-07-08 19:00:00,19,2,0,23,7,12,198,32,10,21,7,44,22.0,25.0,26.0,24.0,7.0,7.0,7.0,7.0,29.0,33.0,33.0,29.0,12.0,11.0,14.0,11.0,18.0,19.0,20.0,23.0,5.0,6.0,7.0,6.0,23.166666666666668,18.916666666666668
2026-07-08 20:00:00,20,2,0,26,8,8,198,28,11,16,5,48,23.0,23.0,14.0,19.0,7.0,7.0,4.0,6.0,32.0,32.0,19.0,27.0,10.0,9.0,6.0,7.0,21.0,19.0,12.0,18.0,7.0,5.0,5.0,5.0,25.166666666666668,19.208333333333332
2026-07-08 21:00:00,21,2,0,18,6,11,198,27,11,14,6,49,26.0,22.0,32.0,26.0,8.0,7.0,9.0,9.0,28.0,29.0,35.0,27.0,11.0,12.0,11.0,12.0,16.0,18.0,24.0,16.0,5.0,5.0,6.0,4.0,22.833333333333332,18.875
2026-07-08 22:00:00,22,2,0,14,5,9,198,23,7,16,3,47,18.0,23.0,25.0,10.0,6.0,7.0,7.0,3.0,27.0,32.0,33.0,21.0,11.0,10.0,11.0,8.0,14.0,21.0,19.0,11.0,6.0,7.0,6.0,5.0,21.0,19.041666666666668
2026-07-08 23:00:00,23,2,0,17,6,18,198,24,9,12,6,52,14.0,26.0,23.0,10.0,5.0,8.0,7.0,3.0,23.0,28.0,32.0,17.0,7.0,11.0,9.0,7.0,16.0,16.0,19.0,9.0,3.0,5.0,5.0,5.0,20.0,19.333333333333332
2026-07-09 00:00:00,0,3,0,10,3,12,198,18,4,14,6,41,17.0,18.0,22.0,16.0,6.0,6.0,7.0,5.0,24.0,27.0,29.0,22.0,9.0,11.0,12.0,6.0,12.0,14.0,18.0,14.0,6.0,6.0,5.0,4.0,18.0,19.083333333333332
2026-07-09 01:00:00,1,3,0,13,4,12,198,16,9,10,4,51,10.0,14.0,23.0,15.0,3.0,5.0,7.0,5.0,18.0,23.0,32.0,23.0,4.0,7.0,10.0,9.0,14.0,16.0,21.0,13.0,6.0,3.0,7.0,5.0,16.333333333333332,19.0
2026-07-09 02:00:00,2,3,0,17,6,11,198,20,8,9,4,50,13.0,17.0,26.0,12.0,4.0,6.0,8.0,4.0,16.0,24.0,28.0,17.0,9.0,9.0,11.0,8.0,10.0,12.0,16.0,14.0,4.0,6.0,5.0,5.0,14.833333333333334,19.208333333333332
2026-07-09 03:00:00,3,3,0,17,6,10,198,15,5,8,5,49,17.0,10.0,18.0,14.0,6.0,3.0,6.0,5.0,20.0,18.0,27.0,14.0,8.0,4.0,11.0,5.0,9.0,14.0,14.0,12.0,4.0,6.0,6.0,5.0,14.666666666666666,19.333333333333332
2026-07-09 04:00:00,4,3,0,13,4,13,198,24,7,16,7,38,17.0,13.0,14.0,22.0,6.0,4.0,5.0,7.0,15.0,16.0,23.0,30.0,5.0,9.0,7.0,13.0,8.0,10.0,16.0,20.0,5.0,4.0,3.0,6.0,14.5,18.958333333333332
2026-07-09 05:00:00,5,3,0,16,5,8,198,16,6,9,3,52,13.0,17.0,17.0,17.0,4.0,6.0,6.0,5.0,24.0,20.0,24.0,21.0,7.0,8.0,9.0,7.0,16.0,9.0,12.0,11.0,7.0,4.0,6.0,4.0,14.333333333333334,18.916666666666668
2026-07-09 06:00:00,6,3,0,24,7,7,198,24,8,15,5,45,16.0,17.0,10.0,21.0,5.0,6.0,3.0,6.0,16.0,15.0,18.0,25.0,6.0,5.0,4.0,10.0,9.0,8.0,14.0,14.0,3.0,5.0,6.0,3.0,16.666666666666668,19.041666666666668
2026-07-09 07:00:00,7,3,0,15,4,8,198,22,10,15,4,72,24.0,13.0,13.0,20.0,7.0,4.0,4.0,6.0,24.0,24.0,16.0,23.0,8.0,7.0,9.0,8.0,15.0,16.0,10.0,17.0,5.0,7.0,4.0,4.0,17.0,18.833333333333332
2026-07-09 08:00:00,8,3,0,17,5,2,198,20,5,12,5,73,15.0,16.0,17.0,15.0,4.0,5.0,6.0,4.0,22.0,16.0,20.0,20.0,10.0,6.0,8.0,8.0,15.0,9.0,9.0,11.0,4.0,3.0,4.0,5.0,17.0,18.916666666666668
2026-07-09 09:00:00,9,3,0,23,6,11,198,27,9,15,5,75,17.0,24.0,17.0,21.0,5.0,7.0,6.0,6.0,20.0,24.0,15.0,29.0,5.0,8.0,5.0,7.0,12.0,15.0,8.0,20.0,5.0,5.0,5.0,3.0,18.0,19.0
2026-07-09 10:00:00,10,3,0,19,5,12,198,29,10,17,5,76,23.0,15.0,13.0,14.0,6.0,4.0,4.0,4.0,27.0,22.0,24.0,19.0,9.0,10.0,7.0,7.0,15.0,15.0,16.0,13.0,5.0,4.0,7.0,7.0,19.0,19.208333333333332
2026-07-09 11:00:00,11,3,0,21,5,8,198,22,7,16,5,77,19.0,17.0,16.0,21.0,5.0,5.0,5.0,5.0,29.0,20.0,16.0,30.0,10.0,5.0,6.0,9.0,17.0,12.0,9.0,19.0,5.0,5.0,3.0,6.0,19.833333333333332,19.208333333333332
2026-07-09 12:00:00,12,3,0,29,8,8,198,27,9,20,4,76,21.0,23.0,24.0,16.0,5.0,6.0,7.0,4.0,22.0,27.0,24.0,22.0,7.0,9.0,8.0,6.0,16.0,15.0,15.0,12.0,5.0,5.0,5.0,6.0,20.666666666666668,19.75
2026-07-09 13:00:00,13,3,0,17,4,10,198,27,9,13,7,75,29.0,19.0,15.0,26.0,8.0,5.0,4.0,7.0,27.0,29.0,22.0,33.0,9.0,10.0,10.0,14.0,20.0,17.0,15.0,20.0,4.0,5.0,4.0,7.0,21.0,19.375
2026-07-09 14:00:00,14,3,0,25,7,16,198,31,12,21,4,75,17.0,21.0,17.0,14.0,4.0,5.0,5.0,4.0,27.0,22.0,20.0,19.0,9.0,7.0,5.0,6.0,13.0,16.0,12.0,12.0,7.0,5.0,5.0,5.0,22.333333333333332,19.833333333333332
2026-07-09 15:00:00,15,3,0,20,5,7,198,22,8,14,6,71,25.0,29.0,23.0,32.0,7.0,8.0,6.0,9.0,31.0,27.0,27.0,35.0,12.0,9.0,9.0,11.0,21.0,20.0,15.0,24.0,4.0,4.0,5.0,6.0,21.833333333333332,19.333333333333332
2026-07-09 16:00:00,16,3,0,21,6,12,198,28,10,19,5,72,20.0,17.0,19.0,25.0,5.0,4.0,5.0,7.0,22.0,27.0,29.0,33.0,8.0,9.0,10.0,11.0,14.0,13.0,17.0,19.0,6.0,7.0,5.0,6.0,22.166666666666668,19.166666666666668
2026-07-09 17:00:00,17,3,0,24,7,12,198,29,5,17,4,77,21.0,25.0,21.0,23.0,6.0,7.0,5.0,7.0,28.0,31.0,22.0,32.0,10.0,12.0,7.0,9.0,19.0,21.0,16.0,19.0,5.0,4.0,5.0,5.0,22.666666666666668,19.208333333333332
2026-07-09 18:00:00,18,3,0,19,6,8,198,20,8,9,6,77,24.0,20.0,29.0,22.0,7.0,5.0,8.0,7.0,29.0,22.0,27.0,29.0,5.0,8.0,9.0,12.0,17.0,14.0,20.0,18.0,4.0,6.0,4.0,5.0,21.0,19.083333333333332
2026-07-09 19:00:00,19,3,0,22,7,13,198,28,7,19,4,50,19.0,21.0,17.0,23.0,6.0,6.0,4.0,7.0,20.0,28.0,27.0,32.0,8.0,10.0,9.0,10.0,9.0,19.0,13.0,21.0,6.0,5.0,7.0,7.0,21.833333333333332,19.041666666666668
2026-07-09 20:00:00,20,3,0,19,6,19,198,27,10,15,5,46,22.0,24.0,25.0,26.0,7.0,7.0,7.0,8.0,28.0,29.0,31.0,28.0,7.0,5.0,12.0,11.0,19.0,17.0,21.0,16.0,4.0,4.0,4.0,5.0,20.833333333333332,18.75
2026-07-09 21:00:00,21,3,0,16,5,15,198,19,9,9,4,51,19.0,19.0,20.0,18.0,6.0,6.0,5.0,6.0,27.0,20.0,22.0,27.0,10.0,8.0,8.0,11.0,15.0,9.0,14.0,14.0,5.0,6.0,6.0,6.0,20.166666666666668,18.666666666666668
2026-07-09 22:00:00,22,3,0,12,4,11,198,22,6,11,5,45,16.0,22.0,21.0,14.0,5.0,7.0,6.0,5.0,19.0,28.0,28.0,23.0,9.0,7.0,10.0,7.0,9.0,19.0,19.0,16.0,4.0,4.0,5.0,3.0,18.666666666666668,18.583333333333332
2026-07-09 23:00:00,23,3,0,19,6,12,198,26,8,17,4,51,12.0,19.0,24.0,17.0,4.0,6.0,7.0,6.0,22.0,27.0,29.0,24.0,6.0,10.0,5.0,9.0,11.0,15.0,17.0,12.0,5.0,5.0,4.0,6.0,17.833333333333332,18.666666666666668
2026-07-10 00:00:00,0,4,0,13,4,11,198,18,5,11,4,47,19.0,16.0,19.0,10.0,6.0,5.0,6.0,3.0,26.0,19.0,20.0,18.0,8.0,9.0,8.0,4.0,17.0,9.0,9.0,14.0,4.0,4.0,6.0,6.0,16.833333333333332,18.791666666666668
2026-07-10 01:00:00,1,4,0,13,4,15,198,18,8,13,5,53,13.0,12.0,22.0,13.0,4.0,4.0,7.0,4.0,18.0,22.0,28.0,16.0,5.0,6.0,7.0,9.0,11.0,11.0,19.0,10.0,4.0,5.0,4.0,4.0,15.333333333333334,18.791666666666668
2026-07-10 02:00:00,2,4,0,16,5,8,198,17,6,12,4,43,13.0,19.0,19.0,17.0,4.0,6.0,6.0,6.0,18.0,26.0,27.0,20.0,8.0,8.0,10.0,8.0,13.0,17.0,15.0,9.0,5.0,4.0,5.0,4.0,14.833333333333334,18.75
2026-07-10 03:00:00,3,4,0,25,8,10,198,28,12,17,4,53,16.0,13.0,16.0,17.0,5.0,4.0,5.0,6.0,17.0,18.0,19.0,15.0,6.0,5.0,9.0,5.0,12.0,11.0,9.0,8.0,4.0,4.0,4.0,5.0,16.333333333333332,19.083333333333332
2026-07-10 04:00:00,4,4,0,14,4,9,198,19,7,12,3,47,25.0,13.0,12.0,13.0,8.0,4.0,4.0,4.0,28.0,18.0,22.0,24.0,12.0,8.0,6.0,7.0,17.0,13.0,11.0,16.0,4.0,5.0,5.0,7.0,16.666666666666668,19.125
2026-07-10 05:00:00,5,4,0,17,5,9,198,22,8,13,5,47,14.0,16.0,19.0,16.0,4.0,5.0,6.0,5.0,19.0,17.0,26.0,16.0,7.0,6.0,8.0,6.0,12.0,12.0,17.0,9.0,3.0,4.0,4.0,3.0,16.333333333333332,19.166666666666668
2026-07-10 06:00:00,6,4,0,18,5,5,198,19,7,11,6,49,17.0,25.0,13.0,24.0,5.0,8.0,4.0,7.0,22.0,28.0,18.0,24.0,8.0,12.0,5.0,8.0,13.0,17.0,11.0,15.0,5.0,4.0,4.0,5.0,17.166666666666668,18.916666666666668
2026-07-10 07:00:00,7,4,0,17,5,12,198,30,11,17,7,72,18.0,14.0,13.0,15.0,5.0,4.0,4.0,4.0,19.0,19.0,18.0,22.0,7.0,7.0,8.0,10.0,11.0,12.0,13.0,15.0,6.0,3.0,5.0,4.0,17.833333333333332,19.0
2026-07-10 08:00:00,8,4,0,15,4,9,198,22,5,14,5,74,17.0,17.0,16.0,17.0,5.0,5.0,5.0,5.0,30.0,22.0,17.0,20.0,11.0,8.0,6.0,5.0,17.0,13.0,12.0,12.0,7.0,5.0,4.0,5.0,17.666666666666668,18.916666666666668
2026-07-10 09:00:00,9,4,0,11,3,8,198,18,6,13,6,72,15.0,18.0,25.0,23.0,4.0,5.0,8.0,6.0,22.0,19.0,28.0,27.0,5.0,7.0,12.0,9.0,14.0,11.0,17.0,15.0,5.0,6.0,4.0,5.0,15.333333333333334,18.416666666666668
2026-07-10 10:00:00,10,4,0,21,6,12,198,26,9,14,3,72,11.0,17.0,14.0,19.0,3.0,5.0,4.0,5.0,18.0,30.0,19.0,29.0,6.0,11.0,7.0,10.0,13.0,17.0,12.0,17.0,6.0,7.0,3.0,5.0,16.5,18.5
2026-07-10 11:00:00,11,4,0,23,6,15,198,36,13,25,7,75,21.0,15.0,17.0,21.0,6.0,4.0,5.0,5.0,26.0,22.0,22.0,22.0,9.0,5.0,8.0,7.0,14.0,14.0,13.0,16.0,3.0,5.0,5.0,5.0,17.5,18.583333333333332
2026-07-10 12:00:00,12,4,0,21,5,5,198,20,7,13,6,71,23.0,11.0,18.0,29.0,6.0,3.0,5.0,8.0,36.0,18.0,19.0,27.0,13.0,6.0,7.0,9.0,25.0,13.0,11.0,20.0,7.0,6.0,6.0,4.0,18.0,18.25
2026-07-10 13:00:00,13,4,0,22,6,12,198,29,8,18,5,72,21.0,21.0,17.0,17.0,5.0,6.0,5.0,4.0,20.0,26.0,30.0,27.0,7.0,9.0,11.0,9.0,13.0,14.0,17.0,13.0,6.0,3.0,7.0,7.0,18.833333333333332,18.458333333333332
2026-07-10 14:00:00,14,4,0,24,6,9,198,28,9,14,7,70,22.0,23.0,15.0,25.0,6.0,6.0,4.0,7.0,29.0,36.0,22.0,31.0,8.0,13.0,5.0,12.0,18.0,25.0,14.0,21.0,5.0,7.0,5.0,4.0,20.333333333333332,18.416666666666668
2026-07-10 15:00:00,15,4,0,24,7,11,198,30,9,15,5,72,24.0,21.0,11.0,20.0,6.0,5.0,3.0,5.0,28.0,20.0,18.0,22.0,9.0,7.0,6.0,8.0,14.0,13.0,13.0,14.0,7.0,6.0,6.0,6.0,22.5,18.583333333333332
2026-07-10 16:00:00,16,4,0,21,6,11,198,27,6,17,5,78,24.0,22.0,21.0,21.0,7.0,6.0,6.0,6.0,30.0,29.0,26.0,28.0,9.0,8.0,9.0,10.0,15.0,18.0,14.0,19.0,5.0,5.0,3.0,5.0,22.5,18.583333333333332
2026-07-10 17:00:00,17,4,0,21,6,7,198,30,11,20,6,71,21.0,24.0,23.0,24.0,6.0,6.0,6.0,7.0,27.0,28.0,36.0,29.0,6.0,9.0,13.0,5.0,17.0,14.0,25.0,17.0,5.0,7.0,7.0,4.0,22.166666666666668,18.458333333333332
2026-07-10 18:00:00,18,4,0,28,8,9,198,29,11,17,4,72,21.0,24.0,21.0,19.0,6.0,7.0,5.0,6.0,30.0,30.0,20.0,20.0,11.0,9.0,7.0,8.0,20.0,15.0,13.0,9.0,6.0,5.0,6.0,6.0,23.333333333333332,18.833333333333332
2026-07-10 19:00:00,19,4,0,20,6,11,198,22,8,17,6,49,28.0,21.0,22.0,22.0,8.0,6.0,6.0,7.0,29.0,27.0,29.0,28.0,11.0,6.0,8.0,7.0,17.0,17.0,18.0,19.0,4.0,5.0,5.0,4.0,23.0,18.75
2026-07-10 20:00:00,20,4,0,13,4,14,198,16,7,11,4,47,20.0,21.0,24.0,19.0,6.0,6.0,6.0,6.0,22.0,30.0,28.0,27.0,8.0,11.0,9.0,10.0,17.0,20.0,14.0,15.0,6.0,6.0,7.0,5.0,21.166666666666668,18.5
2026-07-10 21:00:00,21,4,0,12,4,12,198,18,5,9,4,55,13.0,28.0,24.0,16.0,4.0,8.0,7.0,5.0,16.0,29.0,30.0,19.0,7.0,11.0,9.0,9.0,11.0,17.0,15.0,9.0,4.0,4.0,5.0,4.0,19.166666666666668,18.333333333333332
2026-07-10 22:00:00,22,4,0,14,5,13,198,22,5,14,4,48,12.0,20.0,21.0,12.0,4.0,6.0,6.0,4.0,18.0,22.0,27.0,22.0,5.0,8.0,6.0,6.0,9.0,17.0,17.0,11.0,4.0,6.0,5.0,5.0,18.0,18.416666666666668
2026-07-10 23:00:00,23,4,0,24,8,15,198,25,9,20,5,49,14.0,13.0,21.0,19.0,5.0,4.0,6.0,6.0,22.0,16.0,30.0,26.0,5.0,7.0,11.0,8.0,14.0,11.0,20.0,17.0,4.0,4.0,6.0,4.0,18.5,18.625
2026-07-11 00:00:00,0,5,1,14,5,13,198,17,5,8,1,51,24.0,12.0,28.0,13.0,8.0,4.0,8.0,4.0,25.0,18.0,29.0,18.0,9.0,5.0,11.0,5.0,20.0,9.0,17.0,11.0,5.0,4.0,4.0,4.0,16.166666666666668,18.666666666666668
2026-07-11 01:00:00,1,5,1,15,5,12,198,13,4,9,1,51,14.0,14.0,20.0,13.0,5.0,5.0,6.0,4.0,17.0,22.0,22.0,18.0,5.0,5.0,8.0,8.0,8.0,14.0,17.0,13.0,1.0,4.0,6.0,5.0,15.333333333333334,18.75
2026-07-11 02:00:00,2,5,1,11,4,15,198,12,4,7,1,49,15.0,24.0,13.0,16.0,5.0,8.0,4.0,5.0,13.0,25.0,16.0,17.0,4.0,9.0,7.0,6.0,9.0,20.0,11.0,12.0,1.0,5.0,4.0,4.0,15.0,18.541666666666668
2026-07-11 03:00:00,3,5,1,17,6,10,198,16,5,11,2,48,11.0,14.0,12.0,25.0,4.0,5.0,4.0,8.0,12.0,17.0,18.0,28.0,4.0,5.0,5.0,12.0,7.0,8.0,9.0,17.0,1.0,1.0,4.0,4.0,15.833333333333334,18.208333333333332
2026-07-11 04:00:00,4,5,1,14,4,9,198,14,2,11,1,54,17.0,15.0,14.0,14.0,6.0,5.0,5.0,4.0,16.0,13.0,22.0,19.0,5.0,4.0,5.0,7.0,11.0,9.0,14.0,12.0,2.0,1.0,4.0,3.0,15.833333333333334,18.208333333333332
2026-07-11 05:00:00,5,5,1,15,5,8,198,17,5,10,1,48,14.0,11.0,24.0,17.0,4.0,4.0,8.0,5.0,14.0,12.0,25.0,22.0,2.0,4.0,9.0,8.0,11.0,7.0,20.0,13.0,1.0,1.0,5.0,5.0,14.333333333333334,18.125
2026-07-11 06:00:00,6,5,1,19,6,7,198,19,5,14,4,47,15.0,17.0,14.0,18.0,5.0,6.0,5.0,5.0,17.0,16.0,17.0,19.0,5.0,5.0,5.0,7.0,10.0,11.0,8.0,11.0,1.0,2.0,1.0,6.0,15.166666666666666,18.166666666666668
2026-07-11 07:00:00,7,5,1,12,3,15,198,10,4,11,1,72,19.0,14.0,15.0,17.0,6.0,4.0,5.0,5.0,19.0,14.0,13.0,30.0,5.0,2.0,4.0,11.0,14.0,11.0,9.0,17.0,4.0,1.0,1.0,7.0,14.666666666666666,17.958333333333332
2026-07-11 08:00:00,8,5,1,22,6,7,198,23,7,14,2,69,12.0,15.0,11.0,15.0,3.0,5.0,4.0,4.0,10.0,17.0,12.0,22.0,4.0,5.0,4.0,5.0,11.0,10.0,7.0,14.0,1.0,1.0,1.0,5.0,16.5,18.25
2026-07-11 09:00:00,9,5,1,17,5,7,198,25,10,17,2,76,22.0,19.0,17.0,11.0,6.0,6.0,6.0,3.0,23.0,19.0,16.0,18.0,7.0,5.0,5.0,6.0,14.0,14.0,11.0,13.0,2.0,4.0,2.0,6.0,16.5,18.5
2026-07-11 10:00:00,10,5,1,21,6,5,198,19,9,11,2,67,17.0,12.0,14.0,21.0,5.0,3.0,4.0,6.0,25.0,10.0,14.0,26.0,10.0,4.0,2.0,9.0,17.0,11.0,11.0,14.0,2.0,1.0,1.0,3.0,17.666666666666668,18.5
2026-07-11 11:00:00,11,5,1,22,6,7,198,30,11,19,3,74,21.0,22.0,15.0,23.0,6.0,6.0,5.0,6.0,19.0,23.0,17.0,36.0,9.0,7.0,5.0,13.0,11.0,14.0,10.0,25.0,2.0,2.0,1.0,7.0,18.833333333333332,18.458333333333332
2026-07-11 12:00:00,12,5,1,17,4,7,198,26,6,16,3,73,22.0,17.0,19.0,21.0,6.0,5.0,6.0,5.0,30.0,25.0,19.0,20.0,11.0,10.0,5.0,7.0,19.0,17.0,14.0,13.0,3.0,2.0,4.0,6.0,18.5,18.291666666666668
2026-07-11 13:00:00,13,5,1,25,7,11,198,24,11,16,2,81,17.0,21.0,12.0,22.0,4.0,6.0,3.0,6.0,26.0,19.0,10.0,29.0,6.0,9.0,4.0,8.0,16.0,11.0,11.0,18.0,3.0,2.0,1.0,5.0,20.666666666666668,18.416666666666668
2026-07-11 14:00:00,14,5,1,17,5,9,198,15,8,12,1,69,25.0,22.0,22.0,24.0,7.0,6.0,6.0,6.0,24.0,30.0,23.0,28.0,11.0,11.0,7.0,9.0,16.0,19.0,14.0,14.0,2.0,3.0,2.0,7.0,19.833333333333332,18.125
2026-07-11 15:00:00,15,5,1,23,6,7,198,24,8,15,4,71,17.0,17.0,17.0,24.0,5.0,4.0,5.0,7.0,15.0,26.0,25.0,30.0,8.0,6.0,10.0,9.0,12.0,16.0,17.0,15.0,1.0,3.0,2.0,5.0,20.833333333333332,18.083333333333332
2026-07-11 16:00:00,16,5,1,23,6,11,198,23,10,17,2,74,23.0,25.0,21.0,21.0,6.0,7.0,6.0,6.0,24.0,24.0,19.0,27.0,8.0,11.0,9.0,6.0,15.0,16.0,11.0,17.0,4.0,2.0,2.0,5.0,21.166666666666668,18.166666666666668
2026-07-11 17:00:00,17,5,1,21,6,9,198,20,6,15,4,73,23.0,17.0,22.0,21.0,6.0,5.0,6.0,6.0,23.0,15.0,30.0,30.0,10.0,8.0,11.0,11.0,17.0,12.0,19.0,20.0,2.0,1.0,3.0,6.0,21.0,18.166666666666668
2026-07-11 18:00:00,18,5,1,24,7,9,198,20,4,14,0,72,21.0,23.0,17.0,28.0,6.0,6.0,4.0,8.0,20.0,24.0,26.0,29.0,6.0,8.0,6.0,11.0,15.0,15.0,16.0,17.0,4.0,4.0,3.0,4.0,22.166666666666668,18.0
2026-07-11 19:00:00,19,5,1,11,3,12,198,19,5,11,3,48,24.0,23.0,25.0,20.0,7.0,6.0,7.0,6.0,20.0,23.0,24.0,22.0,4.0,10.0,11.0,8.0,14.0,17.0,16.0,17.0,0.0,2.0,2.0,6.0,19.833333333333332,17.625
2026-07-11 20:00:00,20,5,1,10,3,9,198,13,7,7,4,44,11.0,21.0,17.0,13.0,3.0,6.0,5.0,4.0,19.0,20.0,15.0,16.0,5.0,6.0,8.0,7.0,11.0,15.0,12.0,11.0,3.0,4.0,1.0,4.0,18.666666666666668,17.5
2026-07-11 21:00:00,21,5,1,15,5,15,198,15,3,8,2,49,10.0,24.0,23.0,12.0,3.0,7.0,6.0,4.0,13.0,20.0,24.0,18.0,7.0,4.0,8.0,5.0,7.0,14.0,15.0,9.0,4.0,0.0,4.0,4.0,17.333333333333332,17.625
2026-07-11 22:00:00,22,5,1,13,4,10,198,9,3,7,2,41,15.0,11.0,23.0,14.0,5.0,3.0,6.0,5.0,15.0,19.0,23.0,22.0,3.0,5.0,10.0,5.0,8.0,11.0,17.0,14.0,2.0,3.0,2.0,4.0,15.666666666666666,17.583333333333332
2026-07-11 23:00:00,23,5,1,15,5,10,198,17,6,8,2,48,13.0,10.0,21.0,24.0,4.0,3.0,6.0,8.0,9.0,13.0,20.0,25.0,3.0,7.0,6.0,9.0,7.0,7.0,15.0,20.0,2.0,4.0,4.0,5.0,14.666666666666666,17.208333333333332
2026-07-12 00:00:00,0,6,1,7,2,15,198,8,2,6,1,46,15.0,15.0,24.0,14.0,5.0,5.0,7.0,5.0,17.0,15.0,20.0,17.0,6.0,3.0,4.0,5.0,8.0,8.0,14.0,8.0,2.0,2.0,0.0,1.0,11.833333333333334,16.916666666666668
2026-07-12 01:00:00,1,6,1,17,6,12,198,18,6,9,2,51,7.0,13.0,11.0,15.0,2.0,4.0,3.0,5.0,8.0,9.0,19.0,13.0,2.0,3.0,5.0,4.0,6.0,7.0,11.0,9.0,1.0,2.0,3.0,1.0,12.833333333333334,17.0
2026-07-12 02:00:00,2,6,1,5,2,14,198,7,3,6,2,53,17.0,15.0,10.0,11.0,6.0,5.0,3.0,4.0,18.0,17.0,13.0,12.0,6.0,6.0,7.0,4.0,9.0,8.0,7.0,7.0,2.0,2.0,4.0,1.0,12.0,16.75
2026-07-12 03:00:00,3,6,1,12,4,6,198,11,3,7,1,47,5.0,7.0,15.0,17.0,2.0,2.0,5.0,6.0,7.0,8.0,15.0,16.0,3.0,2.0,3.0,5.0,6.0,6.0,8.0,11.0,2.0,1.0,2.0,2.0,11.5,16.541666666666668
2026-07-12 04:00:00,4,6,1,11,4,4,198,16,3,13,3,52,12.0,17.0,13.0,14.0,4.0,6.0,4.0,4.0,11.0,18.0,9.0,14.0,3.0,6.0,3.0,2.0,7.0,9.0,7.0,11.0,1.0,2.0,2.0,1.0,11.166666666666666,16.416666666666668
2026-07-12 05:00:00,5,6,1,13,4,9,198,14,5,11,2,47,11.0,5.0,15.0,15.0,4.0,2.0,5.0,5.0,16.0,7.0,17.0,17.0,3.0,3.0,6.0,5.0,13.0,6.0,8.0,10.0,3.0,2.0,2.0,1.0,10.833333333333334,16.333333333333332
2026-07-12 06:00:00,6,6,1,13,4,8,198,15,7,12,2,45,13.0,12.0,7.0,19.0,4.0,4.0,2.0,6.0,14.0,11.0,8.0,19.0,5.0,3.0,2.0,5.0,11.0,7.0,6.0,14.0,2.0,1.0,1.0,4.0,11.833333333333334,16.083333333333332
2026-07-12 07:00:00,7,6,1,12,3,5,198,16,7,13,3,79,13.0,11.0,17.0,12.0,4.0,4.0,6.0,3.0,15.0,16.0,18.0,10.0,7.0,3.0,6.0,4.0,12.0,13.0,9.0,11.0,2.0,3.0,2.0,1.0,11.0,16.083333333333332
2026-07-12 08:00:00,8,6,1,15,4,3,198,20,6,13,2,76,12.0,13.0,5.0,22.0,3.0,4.0,2.0,6.0,16.0,14.0,7.0,23.0,7.0,5.0,3.0,7.0,13.0,11.0,6.0,14.0,3.0,2.0,2.0,2.0,12.666666666666666,15.791666666666666
2026-07-12 09:00:00,9,6,1,18,5,9,198,19,5,9,1,74,15.0,13.0,12.0,17.0,4.0,4.0,4.0,5.0,20.0,15.0,11.0,25.0,6.0,7.0,3.0,10.0,13.0,12.0,7.0,17.0,2.0,2.0,1.0,2.0,13.666666666666666,15.833333333333334
2026-07-12 10:00:00,10,6,1,19,5,3,198,20,6,10,2,76,18.0,12.0,11.0,21.0,5.0,3.0,4.0,6.0,19.0,16.0,16.0,19.0,5.0,7.0,3.0,9.0,9.0,13.0,13.0,11.0,1.0,3.0,3.0,2.0,15.0,15.75
2026-07-12 11:00:00,11,6,1,11,3,9,198,17,8,6,2,75,19.0,15.0,13.0,22.0,5.0,4.0,4.0,6.0,20.0,20.0,14.0,30.0,6.0,6.0,5.0,11.0,10.0,13.0,11.0,19.0,2.0,2.0,2.0,3.0,14.666666666666666,15.291666666666666
2026-07-12 12:00:00,12,6,1,16,4,5,198,17,7,8,1,74,11.0,18.0,13.0,17.0,3.0,5.0,4.0,4.0,17.0,19.0,15.0,26.0,8.0,5.0,7.0,6.0,6.0,9.0,12.0,16.0,2.0,1.0,2.0,3.0,15.166666666666666,15.25
2026-07-12 13:00:00,13,6,1,21,5,6,198,25,9,16,2,70,16.0,19.0,12.0,25.0,4.0,5.0,3.0,7.0,17.0,20.0,16.0,24.0,7.0,6.0,7.0,11.0,8.0,10.0,13.0,16.0,1.0,2.0,3.0,2.0,16.666666666666668,15.083333333333334
2026-07-12 14:00:00,14,6,1,17,5,6,198,20,8,11,2,73,21.0,11.0,15.0,17.0,5.0,3.0,4.0,5.0,25.0,17.0,20.0,15.0,9.0,8.0,6.0,8.0,16.0,6.0,13.0,12.0,2.0,2.0,2.0,1.0,17.0,15.083333333333334
2026-07-12 15:00:00,15,6,1,17,5,5,198,17,7,10,5,76,17.0,16.0,18.0,23.0,5.0,4.0,5.0,6.0,20.0,17.0,19.0,24.0,8.0,7.0,5.0,8.0,11.0,8.0,9.0,15.0,2.0,1.0,1.0,4.0,16.833333333333332,14.833333333333334
2026-07-12 16:00:00,16,6,1,21,6,8,198,22,8,15,0,74,17.0,21.0,19.0,23.0,5.0,5.0,5.0,6.0,17.0,25.0,20.0,23.0,7.0,9.0,6.0,10.0,10.0,16.0,10.0,17.0,5.0,2.0,2.0,2.0,17.166666666666668,14.75
2026-07-12 17:00:00,17,6,1,22,6,11,198,23,9,14,2,77,21.0,17.0,11.0,21.0,6.0,5.0,3.0,6.0,22.0,20.0,17.0,20.0,8.0,8.0,8.0,6.0,15.0,11.0,6.0,15.0,0.0,2.0,2.0,4.0,19.0,14.791666666666666
2026-07-12 18:00:00,18,6,1,8,2,8,198,13,3,6,4,75,22.0,17.0,16.0,24.0,6.0,5.0,4.0,7.0,23.0,17.0,17.0,20.0,9.0,7.0,7.0,4.0,14.0,10.0,8.0,14.0,2.0,5.0,1.0,0.0,17.666666666666668,14.125
2026-07-12 19:00:00,19,6,1,20,6,7,198,23,6,14,3,45,8.0,21.0,21.0,11.0,2.0,6.0,5.0,3.0,13.0,22.0,25.0,19.0,3.0,8.0,9.0,5.0,6.0,15.0,16.0,11.0,4.0,0.0,2.0,3.0,17.5,14.5
2026-07-12 20:00:00,20,6,1,21,7,5,198,22,9,12,3,44,20.0,22.0,17.0,10.0,6.0,6.0,5.0,3.0,23.0,23.0,20.0,13.0,6.0,9.0,8.0,7.0,14.0,14.0,11.0,7.0,3.0,2.0,2.0,4.0,18.166666666666668,14.958333333333334
2026-07-12 21:00:00,21,6,1,13,4,10,198,15,7,9,2,48,21.0,8.0,17.0,15.0,7.0,2.0,5.0,5.0,22.0,13.0,17.0,15.0,9.0,3.0,7.0,3.0,12.0,6.0,10.0,8.0,3.0,4.0,5.0,2.0,17.5,14.875
2026-07-12 22:00:00,22,6,1,13,4,9,198,11,2,10,1,46,13.0,20.0,21.0,13.0,4.0,6.0,6.0,4.0,15.0,23.0,22.0,9.0,7.0,6.0,8.0,3.0,9.0,14.0,15.0,7.0,2.0,3.0,0.0,2.0,16.166666666666668,14.875
2026-07-12 23:00:00,23,6,1,13,4,13,198,15,6,9,0,49,13.0,21.0,22.0,15.0,4.0,7.0,6.0,5.0,11.0,22.0,23.0,17.0,2.0,9.0,9.0,6.0,10.0,12.0,14.0,8.0,1.0,3.0,2.0,2.0,14.666666666666666,14.791666666666666
2026-07-13 00:00:00,0,0,0,20,7,11,198,25,11,19,5,46,13.0,13.0,8.0,7.0,4.0,4.0,2.0,2.0,15.0,15.0,13.0,8.0,6.0,7.0,3.0,2.0,9.0,9.0,6.0,6.0,0.0,2.0,4.0,1.0,16.666666666666668,15.333333333333334
2026-07-13 01:00:00,1,0,0,14,5,8,198,18,6,14,4,46,20.0,13.0,20.0,17.0,7.0,4.0,6.0,6.0,25.0,11.0,23.0,18.0,11.0,2.0,6.0,6.0,19.0,10.0,14.0,9.0,5.0,1.0,3.0,2.0,15.666666666666666,15.208333333333334
2026-07-13 02:00:00,2,0,0,15,5,0,198,15,4,8,3,51,14.0,13.0,21.0,5.0,5.0,4.0,7.0,2.0,18.0,15.0,22.0,7.0,6.0,6.0,9.0,3.0,14.0,9.0,12.0,6.0,4.0,0.0,3.0,2.0,14.666666666666666,15.625
2026-07-13 03:00:00,3,0,0,16,5,11,198,21,7,11,4,48,15.0,20.0,13.0,12.0,5.0,7.0,4.0,4.0,15.0,25.0,15.0,11.0,4.0,11.0,7.0,3.0,8.0,19.0,9.0,7.0,3.0,5.0,2.0,1.0,15.166666666666666,15.791666666666666
2026-07-13 04:00:00,4,0,0,18,6,13,198,26,8,16,6,46,16.0,14.0,13.0,11.0,5.0,5.0,4.0,4.0,21.0,18.0,11.0,16.0,7.0,6.0,2.0,3.0,11.0,14.0,10.0,13.0,4.0,4.0,1.0,3.0,16.0,16.083333333333332
2026-07-13 05:00:00,5,0,0,13,4,8,198,24,7,17,7,48,18.0,15.0,13.0,13.0,6.0,5.0,4.0,4.0,26.0,15.0,15.0,14.0,8.0,4.0,6.0,5.0,16.0,8.0,9.0,11.0,6.0,3.0,0.0,2.0,16.0,16.083333333333332
2026-07-13 06:00:00,6,0,0,20,6,7,198,22,8,13,5,52,13.0,16.0,20.0,13.0,4.0,5.0,7.0,4.0,24.0,21.0,25.0,15.0,7.0,7.0,11.0,7.0,17.0,11.0,19.0,12.0,7.0,4.0,5.0,2.0,16.0,16.375
2026-07-13 07:00:00,7,0,0,8,2,9,198,9,1,7,4,75,20.0,18.0,14.0,12.0,6.0,6.0,5.0,3.0,22.0,26.0,18.0,16.0,8.0,8.0,6.0,7.0,13.0,16.0,14.0,13.0,5.0,6.0,4.0,3.0,15.0,16.208333333333332
2026-07-13 08:00:00,8,0,0,29,8,10,198,33,9,23,4,76,8.0,13.0,15.0,15.0,2.0,4.0,5.0,4.0,9.0,24.0,15.0,20.0,1.0,7.0,4.0,6.0,7.0,17.0,8.0,13.0,4.0,7.0,3.0,2.0,17.333333333333332,16.791666666666668
2026-07-13 09:00:00,9,0,0,18,5,9,198,28,9,16,5,72,29.0,20.0,16.0,18.0,8.0,6.0,5.0,5.0,33.0,22.0,21.0,19.0,9.0,8.0,7.0,5.0,23.0,13.0,11.0,9.0,4.0,5.0,4.0,1.0,17.666666666666668,16.791666666666668
2026-07-13 10:00:00,10,0,0,16,4,5,198,22,7,12,7,77,18.0,8.0,18.0,19.0,5.0,2.0,6.0,5.0,28.0,9.0,26.0,20.0,9.0,1.0,8.0,6.0,16.0,7.0,16.0,10.0,5.0,4.0,6.0,2.0,17.333333333333332,16.666666666666668
2026-07-13 11:00:00,11,0,0,19,5,7,198,29,10,19,5,81,16.0,29.0,13.0,11.0,4.0,8.0,4.0,3.0,22.0,33.0,24.0,17.0,7.0,9.0,7.0,8.0,12.0,23.0,17.0,6.0,7.0,4.0,7.0,2.0,18.333333333333332,17.0
2026-07-13 12:00:00,12,0,0,26,7,6,198,28,12,18,3,72,19.0,18.0,20.0,16.0,5.0,5.0,6.0,4.0,29.0,28.0,22.0,17.0,10.0,9.0,8.0,7.0,19.0,16.0,13.0,8.0,5.0,5.0,5.0,1.0,19.333333333333332,17.416666666666668
2026-07-13 13:00:00,13,0,0,18,5,7,198,25,9,14,6,70,26.0,16.0,8.0,21.0,7.0,4.0,2.0,5.0,28.0,22.0,9.0,25.0,12.0,7.0,1.0,9.0,18.0,12.0,7.0,16.0,3.0,7.0,4.0,2.0,21.0,17.291666666666668
2026-07-13 14:00:00,14,0,0,22,6,11,198,29,11,17,7,75,18.0,19.0,29.0,17.0,5.0,5.0,8.0,5.0,25.0,29.0,33.0,20.0,9.0,10.0,9.0,8.0,14.0,19.0,23.0,11.0,6.0,5.0,4.0,2.0,19.833333333333332,17.5
2026-07-13 15:00:00,15,0,0,18,5,5,198,18,5,11,4,77,22.0,26.0,18.0,17.0,6.0,7.0,5.0,5.0,29.0,28.0,28.0,17.0,11.0,12.0,9.0,7.0,17.0,18.0,16.0,10.0,7.0,3.0,5.0,5.0,19.833333333333332,17.541666666666668
2026-07-13 16:00:00,16,0,0,23,6,16,198,33,12,17,6,74,18.0,18.0,16.0,21.0,5.0,5.0,4.0,6.0,18.0,25.0,22.0,22.0,5.0,9.0,7.0,8.0,11.0,14.0,12.0,15.0,4.0,6.0,7.0,0.0,21.0,17.625
2026-07-13 17:00:00,17,0,0,15,4,8,198,21,6,15,6,71,23.0,22.0,19.0,22.0,6.0,6.0,5.0,6.0,33.0,29.0,29.0,23.0,12.0,11.0,10.0,9.0,17.0,17.0,19.0,14.0,6.0,7.0,5.0,2.0,20.333333333333332,17.333333333333332
2026-07-13 18:00:00,18,0,0,24,7,8,198,27,9,16,5,74,15.0,18.0,26.0,8.0,4.0,5.0,7.0,2.0,21.0,18.0,28.0,13.0,6.0,5.0,12.0,3.0,15.0,11.0,18.0,6.0,6.0,4.0,3.0,4.0,20.0,18.0
2026-07-13 19:00:00,19,0,0,21,7,7,198,29,10,12,5,50,24.0,23.0,18.0,20.0,7.0,6.0,5.0,6.0,27.0,33.0,25.0,23.0,9.0,12.0,9.0,6.0,16.0,17.0,14.0,14.0,5.0,6.0,6.0,3.0,20.5,18.041666666666668
2026-07-13 20:00:00,20,0,0,21,7,17,198,22,9,14,6,47,21.0,15.0,22.0,21.0,7.0,4.0,6.0,7.0,29.0,21.0,29.0,22.0,10.0,6.0,11.0,9.0,12.0,15.0,17.0,12.0,5.0,6.0,7.0,3.0,20.333333333333332,18.041666666666668
2026-07-13 21:00:00,21,0,0,23,8,9,198,23,6,13,5,50,21.0,24.0,18.0,13.0,7.0,7.0,5.0,4.0,22.0,27.0,18.0,15.0,9.0,9.0,5.0,7.0,14.0,16.0,11.0,9.0,6.0,5.0,4.0,2.0,21.166666666666668,18.458333333333332
2026-07-13 22:00:00,22,0,0,15,5,11,198,18,3,15,3,51,23.0,21.0,23.0,13.0,8.0,7.0,6.0,4.0,23.0,29.0,33.0,11.0,6.0,10.0,12.0,2.0,13.0,12.0,17.0,10.0,5.0,5.0,6.0,1.0,19.833333333333332,18.541666666666668
2026-07-13 23:00:00,23,0,0,10,3,13,198,14,4,8,3,49,15.0,21.0,15.0,13.0,5.0,7.0,4.0,4.0,18.0,22.0,21.0,15.0,3.0,9.0,6.0,6.0,15.0,14.0,15.0,9.0,3.0,6.0,6.0,0.0,19.0,18.416666666666668
2026-07-14 00:00:00,0,1,0,12,4,10,198,22,8,11,6,48,10.0,23.0,24.0,20.0,3.0,8.0,7.0,7.0,14.0,23.0,27.0,25.0,4.0,6.0,9.0,11.0,8.0,13.0,16.0,19.0,3.0,5.0,5.0,5.0,17.0,18.083333333333332
2026-07-14 01:00:00,1,1,0,13,4,6,198,19,7,13,5,50,12.0,15.0,21.0,14.0,4.0,5.0,7.0,5.0,22.0,18.0,29.0,18.0,8.0,3.0,10.0,6.0,11.0,15.0,12.0,14.0,6.0,3.0,5.0,4.0,15.666666666666666,18.041666666666668
2026-07-14 02:00:00,2,1,0,9,3,11,198,22,9,12,4,45,13.0,10.0,21.0,15.0,4.0,3.0,7.0,5.0,19.0,14.0,22.0,15.0,7.0,4.0,9.0,4.0,13.0,8.0,14.0,8.0,5.0,3.0,6.0,3.0,13.666666666666666,17.791666666666668
2026-07-14 03:00:00,3,1,0,15,5,11,198,19,7,10,4,45,9.0,12.0,23.0,16.0,3.0,4.0,8.0,5.0,22.0,22.0,23.0,21.0,9.0,8.0,6.0,7.0,12.0,11.0,13.0,11.0,4.0,6.0,5.0,4.0,12.333333333333334,17.75
2026-07-14 04:00:00,4,1,0,15,5,12,198,19,6,13,4,47,15.0,13.0,15.0,18.0,5.0,4.0,5.0,6.0,19.0,19.0,18.0,26.0,7.0,7.0,3.0,8.0,10.0,13.0,15.0,16.0,4.0,5.0,3.0,6.0,12.333333333333334,17.625
2026-07-14 05:00:00,5,1,0,26,8,14,198,25,5,13,3,47,15.0,9.0,10.0,13.0,5.0,3.0,3.0,4.0,19.0,22.0,14.0,24.0,6.0,9.0,4.0,7.0,13.0,12.0,8.0,17.0,4.0,4.0,3.0,7.0,15.0,18.166666666666668
2026-07-14 06:00:00,6,1,0,19,6,13,198,23,8,11,4,46,26.0,15.0,12.0,20.0,8.0,5.0,4.0,6.0,25.0,19.0,22.0,22.0,5.0,7.0,8.0,8.0,13.0,10.0,11.0,13.0,3.0,4.0,6.0,5.0,16.166666666666668,18.125
2026-07-14 07:00:00,7,1,0,12,3,1,198,17,7,14,3,79,19.0,15.0,13.0,8.0,6.0,5.0,4.0,2.0,23.0,19.0,19.0,9.0,8.0,6.0,7.0,1.0,11.0,13.0,13.0,7.0,4.0,4.0,5.0,4.0,16.0,18.291666666666668
2026-07-14 08:00:00,8,1,0,12,3,8,198,21,6,14,4,81,12.0,26.0,9.0,29.0,3.0,8.0,3.0,8.0,17.0,25.0,22.0,33.0,7.0,5.0,9.0,9.0,14.0,13.0,12.0,23.0,3.0,3.0,4.0,4.0,16.5,17.583333333333332
2026-07-14 09:00:00,9,1,0,23,6,6,198,24,8,14,5,73,12.0,19.0,15.0,18.0,3.0,6.0,5.0,5.0,21.0,23.0,19.0,28.0,6.0,8.0,7.0,9.0,14.0,11.0,10.0,16.0,4.0,4.0,4.0,5.0,17.833333333333332,17.791666666666668
2026-07-14 10:00:00,10,1,0,18,5,4,198,25,9,15,6,74,23.0,12.0,15.0,16.0,6.0,3.0,5.0,4.0,24.0,17.0,19.0,22.0,8.0,7.0,6.0,7.0,14.0,14.0,13.0,12.0,5.0,3.0,4.0,7.0,18.333333333333332,17.875
2026-07-14 11:00:00,11,1,0,26,7,7,198,32,9,21,5,73,18.0,12.0,26.0,19.0,5.0,3.0,8.0,5.0,25.0,21.0,25.0,29.0,9.0,6.0,5.0,10.0,15.0,14.0,13.0,19.0,6.0,4.0,3.0,5.0,18.333333333333332,18.166666666666668
2026-07-14 12:00:00,12,1,0,28,7,6,198,36,13,24,6,77,26.0,23.0,19.0,26.0,7.0,6.0,6.0,7.0,32.0,24.0,23.0,28.0,9.0,8.0,8.0,12.0,21.0,14.0,11.0,18.0,5.0,5.0,4.0,3.0,19.833333333333332,18.25
2026-07-14 13:00:00,13,1,0,26,7,18,198,34,14,20,7,78,28.0,18.0,12.0,18.0,7.0,5.0,3.0,5.0,36.0,25.0,17.0,25.0,13.0,9.0,7.0,9.0,24.0,15.0,14.0,14.0,6.0,6.0,3.0,6.0,22.166666666666668,18.583333333333332
2026-07-14 14:00:00,14,1,0,20,5,12,198,31,10,20,7,69,26.0,26.0,12.0,22.0,7.0,7.0,3.0,6.0,34.0,32.0,21.0,29.0,14.0,9.0,6.0,11.0,20.0,21.0,14.0,17.0,7.0,5.0,4.0,7.0,23.5,18.5
2026-07-14 15:00:00,15,1,0,13,4,7,198,19,5,11,6,75,20.0,28.0,23.0,18.0,5.0,7.0,6.0,5.0,31.0,36.0,24.0,18.0,10.0,13.0,8.0,5.0,20.0,24.0,14.0,11.0,7.0,6.0,5.0,4.0,21.833333333333332,18.291666666666668
2026-07-14 16:00:00,16,1,0,18,5,9,198,30,10,18,6,70,13.0,26.0,18.0,23.0,4.0,7.0,5.0,6.0,19.0,34.0,25.0,33.0,5.0,14.0,9.0,12.0,11.0,20.0,15.0,17.0,6.0,7.0,6.0,6.0,21.833333333333332,18.083333333333332
2026-07-14 17:00:00,17,1,0,24,7,10,198,32,8,20,5,79,18.0,20.0,26.0,15.0,5.0,5.0,7.0,4.0,30.0,31.0,32.0,21.0,10.0,10.0,9.0,6.0,18.0,20.0,21.0,15.0,6.0,7.0,5.0,6.0,21.5,18.458333333333332
2026-07-14 18:00:00,18,1,0,29,9,7,198,31,11,19,6,75,24.0,13.0,28.0,24.0,7.0,4.0,7.0,7.0,32.0,19.0,36.0,27.0,8.0,5.0,13.0,9.0,20.0,11.0,24.0,16.0,5.0,6.0,6.0,5.0,21.666666666666668,18.666666666666668
2026-07-14 19:00:00,19,1,0,31,10,10,198,35,13,23,7,46,29.0,18.0,26.0,21.0,9.0,5.0,7.0,7.0,31.0,30.0,34.0,29.0,11.0,10.0,14.0,10.0,19.0,18.0,20.0,12.0,6.0,6.0,7.0,5.0,22.5,19.083333333333332
2026-07-14 20:00:00,20,1,0,16,5,14,198,21,10,14,6,47,31.0,24.0,20.0,21.0,10.0,7.0,5.0,7.0,35.0,32.0,31.0,22.0,13.0,8.0,10.0,9.0,23.0,20.0,20.0,14.0,7.0,5.0,7.0,6.0,21.833333333333332,18.875
2026-07-14 21:00:00,21,1,0,13,4,15,198,25,8,12,7,47,16.0,29.0,13.0,23.0,5.0,9.0,4.0,8.0,21.0,31.0,19.0,23.0,10.0,11.0,5.0,6.0,14.0,19.0,11.0,13.0,6.0,6.0,6.0,5.0,21.833333333333332,18.458333333333332
2026-07-14 22:00:00,22,1,0,18,6,11,198,17,7,8,3,50,13.0,31.0,18.0,15.0,4.0,10.0,5.0,5.0,25.0,35.0,30.0,18.0,8.0,13.0,10.0,3.0,12.0,23.0,18.0,15.0,7.0,7.0,6.0,3.0,21.833333333333332,18.583333333333332
2026-07-14 23:00:00,23,1,0,16,5,7,198,18,5,10,3,51,18.0,16.0,24.0,10.0,6.0,5.0,7.0,3.0,17.0,21.0,32.0,14.0,7.0,10.0,8.0,4.0,8.0,14.0,20.0,8.0,3.0,6.0,5.0,3.0,20.5,18.833333333333332
2026-07-15 00:00:00,0,2,0,19,6,7,198,26,8,20,5,45,16.0,13.0,29.0,12.0,5.0,4.0,9.0,4.0,18.0,25.0,31.0,22.0,5.0,8.0,11.0,8.0,10.0,12.0,19.0,11.0,3.0,7.0,6.0,6.0,18.833333333333332,19.125
2026-07-15 01:00:00,1,2,0,13,4,15,198,19,4,10,5,54,19.0,18.0,31.0,13.0,6.0,6.0,10.0,4.0,26.0,17.0,35.0,19.0,8.0,7.0,13.0,7.0,20.0,8.0,23.0,13.0,5.0,3.0,7.0,5.0,15.833333333333334,19.125
2026-07-15 02:00:00,2,2,0,12,4,16,198,21,7,13,6,53,13.0,16.0,16.0,9.0,4.0,5.0,5.0,3.0,19.0,18.0,21.0,22.0,4.0,5.0,10.0,9.0,10.0,10.0,14.0,12.0,5.0,3.0,6.0,4.0,15.166666666666666,19.25
2026-07-15 03:00:00,3,2,0,21,7,19,198,21,7,12,4,45,12.0,19.0,13.0,15.0,4.0,6.0,4.0,5.0,21.0,26.0,25.0,19.0,7.0,8.0,8.0,7.0,13.0,20.0,12.0,10.0,6.0,5.0,7.0,4.0,16.5,19.5
2026-07-15 04:00:00,4,2,0,15,5,5,198,20,7,11,3,48,21.0,13.0,18.0,15.0,7.0,4.0,6.0,5.0,21.0,19.0,17.0,19.0,7.0,4.0,7.0,6.0,12.0,10.0,8.0,13.0,4.0,5.0,3.0,4.0,16.0,19.5
2026-07-15 05:00:00,5,2,0,18,6,8,198,20,6,13,4,53,15.0,12.0,16.0,26.0,5.0,4.0,5.0,8.0,20.0,21.0,18.0,25.0,7.0,7.0,5.0,5.0,11.0,13.0,10.0,13.0,3.0,6.0,3.0,3.0,16.333333333333332,19.166666666666668
2026-07-15 06:00:00,6,2,0,11,3,8,198,13,5,11,3,52,18.0,21.0,19.0,19.0,6.0,7.0,6.0,6.0,20.0,21.0,26.0,23.0,6.0,7.0,8.0,8.0,13.0,12.0,20.0,11.0,4.0,4.0,5.0,4.0,15.0,18.833333333333332
2026-07-15 07:00:00,7,2,0,19,6,8,198,22,7,15,3,73,11.0,15.0,13.0,12.0,3.0,5.0,4.0,3.0,13.0,20.0,19.0,17.0,5.0,7.0,4.0,7.0,11.0,11.0,10.0,14.0,3.0,3.0,5.0,3.0,16.0,19.125
2026-07-15 08:00:00,8,2,0,18,5,12,198,26,8,15,6,76,19.0,18.0,12.0,12.0,6.0,6.0,4.0,3.0,22.0,20.0,21.0,21.0,7.0,6.0,7.0,6.0,15.0,13.0,13.0,14.0,3.0,4.0,6.0,4.0,17.0,19.375
2026-07-15 09:00:00,9,2,0,19,5,7,198,26,9,22,6,83,18.0,11.0,21.0,23.0,5.0,3.0,7.0,6.0,26.0,13.0,21.0,24.0,8.0,5.0,7.0,8.0,15.0,11.0,12.0,14.0,6.0,3.0,4.0,5.0,16.666666666666668,19.208333333333332
2026-07-15 10:00:00,10,2,0,12,3,5,198,18,6,11,6,74,19.0,19.0,15.0,18.0,5.0,6.0,5.0,5.0,26.0,22.0,20.0,25.0,9.0,7.0,7.0,9.0,22.0,15.0,11.0,15.0,6.0,3.0,3.0,6.0,16.166666666666668,18.958333333333332
2026-07-15 11:00:00,11,2,0,25,7,12,198,27,11,16,4,72,12.0,18.0,18.0,26.0,3.0,5.0,6.0,7.0,18.0,26.0,20.0,32.0,6.0,8.0,6.0,9.0,11.0,15.0,13.0,21.0,6.0,6.0,4.0,5.0,17.333333333333332,18.916666666666668
2026-07-15 12:00:00,12,2,0,22,6,5,198,27,9,20,5,75,25.0,19.0,11.0,28.0,7.0,5.0,3.0,7.0,27.0,26.0,13.0,36.0,11.0,9.0,5.0,13.0,16.0,22.0,11.0,24.0,4.0,6.0,3.0,6.0,19.166666666666668,18.666666666666668
2026-07-15 13:00:00,13,2,0,10,3,12,198,11,3,6,4,75,22.0,12.0,19.0,26.0,6.0,3.0,6.0,7.0,27.0,18.0,22.0,34.0,9.0,6.0,7.0,14.0,20.0,11.0,15.0,20.0,5.0,6.0,3.0,7.0,17.666666666666668,18.0
2026-07-15 14:00:00,14,2,0,21,6,6,198,28,9,21,7,72,10.0,25.0,18.0,20.0,3.0,7.0,5.0,5.0,11.0,27.0,26.0,31.0,3.0,11.0,8.0,10.0,6.0,16.0,15.0,20.0,4.0,4.0,6.0,7.0,18.166666666666668,18.041666666666668
2026-07-15 15:00:00,15,2,0,27,7,13,198,33,10,19,5,75,21.0,22.0,19.0,13.0,6.0,6.0,5.0,4.0,28.0,27.0,26.0,19.0,9.0,9.0,9.0,5.0,21.0,20.0,22.0,11.0,7.0,5.0,6.0,6.0,19.5,18.625
2026-07-15 16:00:00,16,2,0,33,9,9,198,33,11,23,5,70,27.0,10.0,12.0,18.0,7.0,3.0,3.0,5.0,33.0,11.0,18.0,30.0,10.0,3.0,6.0,10.0,19.0,6.0,11.0,18.0,5.0,4.0,6.0,6.0,23.0,19.25
2026-07-15 17:00:00,17,2,0,21,6,9,198,32,14,20,6,72,33.0,21.0,25.0,24.0,9.0,6.0,7.0,7.0,33.0,28.0,27.0,32.0,11.0,9.0,11.0,8.0,23.0,21.0,16.0,20.0,5.0,7.0,4.0,5.0,22.333333333333332,19.125
2026-07-15 18:00:00,18,2,0,19,6,5,198,28,8,20,5,76,21.0,27.0,22.0,29.0,6.0,7.0,6.0,9.0,32.0,33.0,27.0,31.0,14.0,10.0,9.0,11.0,20.0,19.0,20.0,19.0,6.0,5.0,5.0,6.0,21.833333333333332,18.708333333333332
2026-07-15 19:00:00,19,2,0,11,3,16,198,18,6,15,7,43,19.0,33.0,10.0,31.0,6.0,9.0,3.0,10.0,28.0,33.0,11.0,35.0,8.0,11.0,3.0,13.0,20.0,23.0,6.0,23.0,5.0,5.0,4.0,7.0,22.0,17.875
2026-07-15 20:00:00,20,2,0,21,7,11,198,29,9,16,4,51,11.0,21.0,21.0,16.0,3.0,6.0,6.0,5.0,18.0,32.0,28.0,21.0,6.0,14.0,9.0,10.0,15.0,20.0,21.0,14.0,7.0,6.0,7.0,6.0,22.0,18.083333333333332
2026-07-15 21:00:00,21,2,0,17,6,7,198,21,7,16,4,42,21.0,19.0,27.0,13.0,7.0,6.0,7.0,4.0,29.0,28.0,33.0,25.0,9.0,8.0,10.0,8.0,16.0,20.0,19.0,12.0,4.0,5.0,5.0,7.0,20.333333333333332,18.25
2026-07-15 22:00:00,22,2,0,13,4,11,198,17,5,8,3,43,17.0,11.0,33.0,18.0,6.0,3.0,9.0,6.0,21.0,18.0,33.0,17.0,7.0,6.0,11.0,7.0,16.0,15.0,23.0,8.0,4.0,7.0,5.0,3.0,17.0,18.041666666666668
2026-07-15 23:00:00,23,2,0,17,6,11,198,21,8,11,5,47,13.0,21.0,21.0,16.0,4.0,7.0,6.0,5.0,17.0,29.0,32.0,18.0,5.0,9.0,14.0,5.0,8.0,16.0,20.0,10.0,3.0,4.0,6.0,3.0,16.333333333333332,18.083333333333332
2026-07-16 00:00:00,0,3,0,16,5,17,198,23,5,13,4,49,17.0,17.0,19.0,19.0,6.0,6.0,6.0,6.0,21.0,21.0,28.0,26.0,8.0,7.0,8.0,8.0,11.0,16.0,20.0,20.0,5.0,4.0,5.0,5.0,15.833333333333334,17.958333333333332
2026-07-16 01:00:00,1,3,0,14,5,9,198,18,8,12,3,52,16.0,13.0,11.0,13.0,5.0,4.0,3.0,4.0,23.0,17.0,18.0,19.0,5.0,5.0,6.0,4.0,13.0,8.0,15.0,10.0,4.0,3.0,7.0,5.0,16.333333333333332,18.0
2026-07-16 02:00:00,2,3,0,21,7,11,198,24,9,15,5,48,14.0,17.0,21.0,12.0,5.0,6.0,7.0,4.0,18.0,21.0,29.0,21.0,8.0,8.0,9.0,7.0,12.0,11.0,16.0,13.0,3.0,5.0,4.0,6.0,16.333333333333332,18.375
2026-07-16 03:00:00,3,3,0,16,5,4,198,19,5,11,5,47,21.0,16.0,17.0,21.0,7.0,5.0,6.0,7.0,24.0,23.0,21.0,21.0,9.0,5.0,7.0,7.0,15.0,13.0,16.0,12.0,5.0,4.0,4.0,4.0,16.166666666666668,18.166666666666668
2026-07-16 04:00:00,4,3,0,13,4,13,198,13,1,8,4,50,16.0,14.0,13.0,15.0,5.0,5.0,4.0,5.0,19.0,18.0,17.0,20.0,5.0,8.0,5.0,7.0,11.0,12.0,8.0,11.0,5.0,3.0,3.0,3.0,16.166666666666668,18.083333333333332
2026-07-16 05:00:00,5,3,0,18,6,9,198,26,7,17,6,45,13.0,21.0,17.0,18.0,4.0,7.0,6.0,6.0,13.0,24.0,21.0,20.0,1.0,9.0,8.0,6.0,8.0,15.0,11.0,13.0,4.0,5.0,5.0,4.0,16.333333333333332,18.083333333333332
2026-07-16 06:00:00,6,3,0,15,4,7,198,23,7,16,5,48,18.0,16.0,16.0,11.0,6.0,5.0,5.0,3.0,26.0,19.0,23.0,13.0,7.0,5.0,5.0,5.0,17.0,11.0,13.0,11.0,6.0,5.0,4.0,3.0,16.166666666666668,18.25
2026-07-16 07:00:00,7,3,0,17,5,11,198,23,12,16,4,70,15.0,13.0,14.0,19.0,4.0,4.0,5.0,6.0,23.0,13.0,18.0,22.0,7.0,1.0,8.0,7.0,16.0,8.0,12.0,15.0,5.0,4.0,3.0,3.0,16.666666666666668,18.166666666666668
2026-07-16 08:00:00,8,3,0,12,3,11,198,17,6,14,4,74,17.0,18.0,21.0,18.0,5.0,6.0,7.0,5.0,23.0,26.0,24.0,26.0,12.0,7.0,9.0,8.0,16.0,17.0,15.0,15.0,4.0,6.0,5.0,6.0,15.166666666666666,17.916666666666668
2026-07-16 09:00:00,9,3,0,17,5,8,198,21,4,13,6,74,12.0,15.0,16.0,19.0,3.0,4.0,5.0,5.0,17.0,23.0,19.0,26.0,6.0,7.0,5.0,9.0,14.0,16.0,11.0,22.0,4.0,5.0,5.0,6.0,15.333333333333334,17.833333333333332
2026-07-16 10:00:00,10,3,0,23,6,10,198,28,8,16,6,72,17.0,17.0,13.0,12.0,5.0,5.0,4.0,3.0,21.0,23.0,13.0,18.0,4.0,12.0,1.0,6.0,13.0,16.0,8.0,11.0,6.0,4.0,4.0,6.0,17.0,18.291666666666668
2026-07-16 11:00:00,11,3,0,19,5,5,198,30,10,20,6,74,23.0,12.0,18.0,25.0,6.0,3.0,6.0,7.0,28.0,17.0,26.0,27.0,8.0,6.0,7.0,11.0,16.0,14.0,17.0,16.0,6.0,4.0,6.0,4.0,17.166666666666668,18.041666666666668
2026-07-16 12:00:00,12,3,0,22,6,6,198,26,9,14,5,74,19.0,17.0,15.0,22.0,5.0,5.0,4.0,6.0,30.0,21.0,23.0,27.0,10.0,4.0,7.0,9.0,20.0,13.0,16.0,20.0,6.0,6.0,5.0,5.0,18.333333333333332,18.041666666666668
2026-07-16 13:00:00,13,3,0,26,7,9,198,33,9,19,6,78,22.0,23.0,17.0,10.0,6.0,6.0,5.0,3.0,26.0,28.0,23.0,11.0,9.0,8.0,12.0,3.0,14.0,16.0,16.0,6.0,5.0,6.0,4.0,4.0,19.833333333333332,18.708333333333332
2026-07-16 14:00:00,14,3,0,22,6,8,198,24,8,17,5,69,26.0,19.0,12.0,21.0,7.0,5.0,3.0,6.0,33.0,30.0,17.0,28.0,9.0,10.0,6.0,9.0,19.0,20.0,14.0,21.0,6.0,6.0,4.0,7.0,21.5,18.75
2026-07-16 15:00:00,15,3,0,23,6,9,198,31,9,19,6,74,22.0,22.0,17.0,27.0,6.0,6.0,5.0,7.0,24.0,26.0,21.0,33.0,8.0,9.0,4.0,10.0,17.0,14.0,13.0,19.0,5.0,5.0,6.0,5.0,22.5,18.583333333333332
2026-07-16 16:00:00,16,3,0,14,4,8,198,22,6,11,7,72,23.0,26.0,23.0,33.0,6.0,7.0,6.0,9.0,31.0,33.0,28.0,33.0,9.0,9.0,8.0,11.0,19.0,19.0,16.0,23.0,6.0,6.0,6.0,5.0,21.0,17.791666666666668
2026-07-16 17:00:00,17,3,0,16,5,8,198,25,9,13,5,77,14.0,22.0,19.0,21.0,4.0,6.0,5.0,6.0,22.0,24.0,30.0,32.0,6.0,8.0,10.0,14.0,11.0,17.0,20.0,20.0,7.0,5.0,6.0,6.0,20.5,17.583333333333332
2026-07-16 18:00:00,18,3,0,8,2,13,198,16,6,10,4,76,16.0,23.0,22.0,19.0,5.0,6.0,6.0,6.0,25.0,31.0,26.0,28.0,9.0,9.0,9.0,8.0,13.0,19.0,14.0,20.0,5.0,6.0,5.0,5.0,18.166666666666668,17.125
2026-07-16 19:00:00,19,3,0,24,7,13,198,26,10,18,4,50,8.0,14.0,26.0,11.0,2.0,4.0,7.0,3.0,16.0,22.0,33.0,18.0,6.0,6.0,9.0,6.0,10.0,11.0,19.0,15.0,4.0,7.0,6.0,7.0,17.833333333333332,17.666666666666668
2026-07-16 20:00:00,20,3,0,27,9,13,198,33,12,23,6,46,24.0,16.0,22.0,21.0,7.0,5.0,6.0,7.0,26.0,25.0,24.0,29.0,10.0,9.0,8.0,9.0,18.0,13.0,17.0,16.0,4.0,5.0,5.0,4.0,18.666666666666668,17.916666666666668
2026-07-16 21:00:00,21,3,0,16,5,14,198,20,6,13,5,51,27.0,8.0,23.0,17.0,9.0,2.0,6.0,6.0,33.0,16.0,31.0,21.0,12.0,6.0,9.0,7.0,23.0,10.0,19.0,16.0,6.0,4.0,6.0,4.0,17.5,17.875
2026-07-16 22:00:00,22,3,0,16,5,11,198,18,7,15,5,43,16.0,24.0,14.0,13.0,5.0,7.0,4.0,4.0,20.0,26.0,22.0,17.0,6.0,10.0,6.0,5.0,13.0,18.0,11.0,8.0,5.0,4.0,7.0,3.0,17.833333333333332,18.0
2026-07-16 23:00:00,23,3,0,13,4,11,198,15,6,9,4,43,16.0,27.0,16.0,17.0,5.0,9.0,5.0,6.0,18.0,33.0,25.0,21.0,7.0,12.0,9.0,8.0,15.0,23.0,13.0,11.0,5.0,6.0,5.0,5.0,17.333333333333332,17.833333333333332
2026-07-17 00:00:00,0,4,0,20,7,6,198,26,9,16,5,44,13.0,16.0,8.0,16.0,4.0,5.0,2.0,5.0,15.0,20.0,16.0,23.0,6.0,6.0,6.0,5.0,9.0,13.0,10.0,13.0,4.0,5.0,4.0,4.0,19.333333333333332,18.0
2026-07-17 01:00:00,1,4,0,18,6,8,198,23,7,9,4,48,20.0,16.0,24.0,14.0,7.0,5.0,7.0,5.0,26.0,18.0,26.0,18.0,9.0,7.0,10.0,8.0,16.0,15.0,18.0,12.0,5.0,5.0,4.0,3.0,18.333333333333332,18.166666666666668
2026-07-17 02:00:00,2,4,0,14,5,6,198,21,6,12,5,50,18.0,13.0,27.0,21.0,6.0,4.0,9.0,7.0,23.0,15.0,33.0,24.0,7.0,6.0,12.0,9.0,9.0,9.0,23.0,15.0,4.0,4.0,6.0,5.0,16.166666666666668,17.875
2026-07-17 03:00:00,3,4,0,15,5,13,198,19,7,13,4,39,14.0,20.0,16.0,16.0,5.0,7.0,5.0,5.0,21.0,26.0,20.0,19.0,6.0,9.0,6.0,5.0,12.0,16.0,13.0,11.0,5.0,5.0,5.0,5.0,16.0,17.833333333333332
2026-07-17 04:00:00,4,4,0,13,4,12,198,19,10,15,3,52,15.0,18.0,16.0,13.0,5.0,6.0,5.0,4.0,19.0,23.0,18.0,13.0,7.0,7.0,7.0,1.0,13.0,9.0,15.0,8.0,4.0,4.0,5.0,4.0,15.5,17.833333333333332
2026-07-17 05:00:00,5,4,0,11,3,12,198,16,6,8,4,48,13.0,14.0,13.0,18.0,4.0,5.0,4.0,6.0,19.0,21.0,15.0,26.0,10.0,6.0,6.0,7.0,15.0,12.0,9.0,17.0,3.0,5.0,4.0,6.0,15.166666666666666,17.541666666666668
2026-07-17 06:00:00,6,4,0,16,5,9,198,23,7,15,4,43,11.0,15.0,20.0,15.0,3.0,5.0,7.0,4.0,16.0,19.0,26.0,23.0,6.0,7.0,9.0,7.0,8.0,13.0,16.0,16.0,4.0,4.0,5.0,5.0,14.5,17.583333333333332
2026-07-17 07:00:00,7,4,0,15,4,4,198,16,4,12,5,74,16.0,13.0,18.0,17.0,5.0,4.0,6.0,5.0,23.0,19.0,23.0,23.0,7.0,10.0,7.0,12.0,15.0,15.0,9.0,16.0,4.0,3.0,4.0,4.0,14.0,17.5
2026-07-17 08:00:00,8,4,0,21,6,10,198,15,5,9,5,77,15.0,11.0,14.0,12.0,4.0,3.0,5.0,3.0,16.0,16.0,21.0,17.0,4.0,6.0,6.0,6.0,12.0,8.0,12.0,14.0,5.0,4.0,5.0,4.0,15.166666666666666,17.875
2026-07-17 09:00:00,9,4,0,19,5,10,198,19,10,7,1,76,21.0,16.0,15.0,17.0,6.0,5.0,5.0,5.0,15.0,23.0,19.0,21.0,5.0,7.0,7.0,4.0,9.0,15.0,13.0,13.0,5.0,4.0,4.0,6.0,15.833333333333334,17.958333333333332
2026-07-17 10:00:00,10,4,0,18,5,11,198,18,6,12,4,77,19.0,15.0,13.0,23.0,5.0,4.0,4.0,6.0,19.0,16.0,19.0,28.0,10.0,4.0,10.0,8.0,7.0,12.0,15.0,16.0,1.0,5.0,3.0,6.0,16.666666666666668,17.75
2026-07-17 11:00:00,11,4,0,14,4,6,198,20,8,14,5,70,18.0,21.0,11.0,19.0,5.0,6.0,3.0,5.0,18.0,15.0,16.0,30.0,6.0,5.0,6.0,10.0,12.0,9.0,8.0,20.0,4.0,5.0,4.0,6.0,17.166666666666668,17.541666666666668
2026-07-17 12:00:00,12,4,0,21,5,9,198,29,9,16,7,73,14.0,19.0,16.0,22.0,4.0,5.0,5.0,6.0,20.0,19.0,23.0,26.0,8.0,10.0,7.0,9.0,14.0,7.0,15.0,14.0,5.0,1.0,4.0,5.0,18.0,17.5
2026-07-17 13:00:00,13,4,0,36,9,9,198,44,15,27,5,71,21.0,18.0,15.0,26.0,5.0,5.0,4.0,7.0,29.0,18.0,16.0,33.0,9.0,6.0,4.0,9.0,16.0,12.0,12.0,19.0,7.0,4.0,5.0,6.0,21.5,17.916666666666668
2026-07-17 14:00:00,14,4,0,18,5,8,198,27,10,14,6,79,36.0,14.0,21.0,22.0,9.0,4.0,6.0,6.0,44.0,20.0,15.0,24.0,15.0,8.0,5.0,8.0,27.0,14.0,9.0,17.0,5.0,5.0,5.0,5.0,21.0,17.75
2026-07-17 15:00:00,15,4,0,17,5,8,198,27,8,12,7,76,18.0,21.0,19.0,23.0,5.0,5.0,5.0,6.0,27.0,29.0,19.0,31.0,10.0,9.0,10.0,9.0,14.0,16.0,7.0,19.0,6.0,7.0,1.0,6.0,20.666666666666668,17.5
2026-07-17 16:00:00,16,4,0,17,5,9,198,24,7,17,4,83,17.0,36.0,18.0,14.0,5.0,9.0,5.0,4.0,27.0,44.0,18.0,22.0,8.0,15.0,6.0,6.0,12.0,27.0,12.0,11.0,7.0,5.0,4.0,7.0,20.5,17.625
2026-07-17 17:00:00,17,4,0,19,6,10,198,27,12,17,6,73,17.0,18.0,14.0,16.0,5.0,5.0,4.0,5.0,24.0,27.0,20.0,25.0,7.0,10.0,8.0,9.0,17.0,14.0,14.0,13.0,4.0,6.0,5.0,5.0,21.333333333333332,17.75
2026-07-17 18:00:00,18,4,0,17,5,10,198,22,9,17,5,72,19.0,17.0,21.0,8.0,6.0,5.0,5.0,2.0,27.0,27.0,29.0,16.0,12.0,8.0,9.0,6.0,17.0,12.0,16.0,10.0,6.0,7.0,7.0,4.0,20.666666666666668,18.125
2026-07-17 19:00:00,19,4,0,23,7,9,198,31,12,21,5,48,17.0,17.0,36.0,24.0,5.0,5.0,9.0,7.0,22.0,24.0,44.0,26.0,9.0,7.0,15.0,10.0,17.0,17.0,27.0,18.0,5.0,4.0,5.0,4.0,18.5,18.083333333333332
2026-07-17 20:00:00,20,4,0,16,5,14,198,17,7,10,4,52,23.0,19.0,18.0,27.0,7.0,6.0,5.0,9.0,31.0,27.0,27.0,33.0,12.0,12.0,10.0,12.0,21.0,17.0,14.0,23.0,5.0,6.0,6.0,6.0,18.166666666666668,17.625
2026-07-17 21:00:00,21,4,0,20,7,18,198,25,9,15,4,47,16.0,17.0,17.0,16.0,5.0,5.0,5.0,5.0,17.0,22.0,27.0,20.0,7.0,9.0,8.0,6.0,10.0,17.0,12.0,13.0,4.0,5.0,7.0,5.0,18.666666666666668,17.791666666666668
2026-07-17 22:00:00,22,4,0,17,6,6,198,23,11,15,8,48,20.0,23.0,17.0,16.0,7.0,7.0,5.0,5.0,25.0,31.0,24.0,18.0,9.0,12.0,7.0,7.0,15.0,21.0,17.0,15.0,4.0,5.0,4.0,5.0,18.666666666666668,17.833333333333332
2026-07-17 23:00:00,23,4,0,8,3,9,198,16,5,12,5,48,17.0,16.0,19.0,13.0,6.0,5.0,6.0,4.0,23.0,17.0,27.0,15.0,11.0,7.0,12.0,6.0,15.0,10.0,17.0,9.0,8.0,4.0,6.0,4.0,16.833333333333332,17.625
2026-07-18 00:00:00,0,5,1,15,5,10,198,18,7,12,3,48,8.0,20.0,17.0,20.0,3.0,7.0,5.0,7.0,16.0,25.0,22.0,26.0,5.0,9.0,9.0,9.0,12.0,15.0,17.0,16.0,5.0,4.0,5.0,5.0,16.5,17.416666666666668
2026-07-18 01:00:00,1,5,1,16,5,11,198,22,5,16,2,46,15.0,17.0,23.0,18.0,5.0,6.0,7.0,6.0,18.0,23.0,31.0,23.0,7.0,11.0,12.0,7.0,12.0,15.0,21.0,9.0,3.0,8.0,5.0,4.0,15.333333333333334,17.333333333333332
2026-07-18 02:00:00,2,5,1,21,7,9,198,13,4,7,0,48,16.0,8.0,16.0,14.0,5.0,3.0,5.0,5.0,22.0,16.0,17.0,21.0,5.0,5.0,7.0,6.0,16.0,12.0,10.0,12.0,2.0,5.0,4.0,5.0,16.166666666666668,17.625
2026-07-18 03:00:00,3,5,1,10,3,13,198,10,2,4,2,47,21.0,15.0,20.0,15.0,7.0,5.0,7.0,5.0,13.0,18.0,25.0,19.0,4.0,7.0,9.0,7.0,7.0,12.0,15.0,13.0,0.0,3.0,4.0,4.0,14.5,17.416666666666668
2026-07-18 04:00:00,4,5,1,11,4,12,198,17,8,10,3,48,10.0,16.0,17.0,13.0,3.0,5.0,6.0,4.0,10.0,22.0,23.0,19.0,2.0,5.0,11.0,10.0,4.0,16.0,15.0,15.0,2.0,2.0,8.0,3.0,13.5,17.333333333333332
2026-07-18 05:00:00,5,5,1,17,5,12,198,17,2,11,1,51,11.0,21.0,8.0,11.0,4.0,7.0,3.0,3.0,17.0,13.0,16.0,16.0,8.0,4.0,5.0,6.0,10.0,7.0,12.0,8.0,3.0,0.0,5.0,4.0,15.0,17.583333333333332
2026-07-18 06:00:00,6,5,1,14,4,9,198,18,6,9,3,53,17.0,10.0,15.0,16.0,5.0,3.0,5.0,5.0,17.0,10.0,18.0,23.0,2.0,2.0,7.0,7.0,11.0,4.0,12.0,15.0,1.0,2.0,3.0,4.0,14.833333333333334,17.5
2026-07-18 07:00:00,7,5,1,19,6,3,198,18,2,8,3,71,14.0,11.0,16.0,15.0,4.0,4.0,5.0,4.0,18.0,17.0,22.0,16.0,6.0,8.0,5.0,4.0,9.0,10.0,16.0,12.0,3.0,3.0,2.0,5.0,15.333333333333334,17.666666666666668
2026-07-18 08:00:00,8,5,1,18,5,8,198,20,6,13,4,73,19.0,17.0,21.0,21.0,6.0,5.0,7.0,6.0,18.0,17.0,13.0,15.0,2.0,2.0,4.0,5.0,8.0,11.0,7.0,9.0,3.0,1.0,0.0,5.0,14.833333333333334,17.541666666666668
2026-07-18 09:00:00,9,5,1,24,7,12,198,28,9,17,2,72,18.0,14.0,10.0,19.0,5.0,4.0,3.0,5.0,20.0,18.0,10.0,19.0,6.0,6.0,2.0,10.0,13.0,9.0,4.0,7.0,4.0,3.0,2.0,1.0,17.166666666666668,17.75
2026-07-18 10:00:00,10,5,1,20,6,11,198,19,9,11,1,73,24.0,19.0,11.0,18.0,7.0,6.0,4.0,5.0,28.0,18.0,17.0,18.0,9.0,2.0,8.0,6.0,17.0,8.0,10.0,12.0,2.0,3.0,3.0,4.0,18.666666666666668,17.833333333333332
2026-07-18 11:00:00,11,5,1,19,5,5,198,21,8,12,2,71,20.0,18.0,17.0,14.0,6.0,5.0,5.0,4.0,19.0,20.0,17.0,20.0,9.0,6.0,2.0,8.0,11.0,13.0,11.0,14.0,1.0,4.0,1.0,5.0,19.0,18.041666666666668
2026-07-18 12:00:00,12,5,1,31,8,5,198,33,10,24,4,73,19.0,24.0,14.0,21.0,5.0,7.0,4.0,5.0,21.0,28.0,18.0,29.0,8.0,9.0,6.0,9.0,12.0,17.0,9.0,16.0,2.0,2.0,3.0,7.0,21.833333333333332,18.458333333333332
2026-07-18 13:00:00,13,5,1,29,8,12,198,23,10,17,1,76,31.0,20.0,19.0,36.0,8.0,6.0,6.0,9.0,33.0,19.0,18.0,44.0,10.0,9.0,2.0,15.0,24.0,11.0,8.0,27.0,4.0,1.0,3.0,5.0,23.5,18.166666666666668
2026-07-18 14:00:00,14,5,1,36,10,12,198,35,12,19,1,65,29.0,19.0,18.0,18.0,8.0,5.0,5.0,5.0,23.0,21.0,20.0,27.0,10.0,8.0,6.0,10.0,17.0,12.0,13.0,14.0,1.0,2.0,4.0,6.0,26.5,18.916666666666668
2026-07-18 15:00:00,15,5,1,24,7,11,198,27,9,16,3,74,36.0,31.0,24.0,17.0,10.0,8.0,7.0,5.0,35.0,33.0,28.0,27.0,12.0,10.0,9.0,8.0,19.0,24.0,17.0,12.0,1.0,4.0,2.0,7.0,26.5,19.208333333333332
2026-07-18 16:00:00,16,5,1,23,7,10,198,30,8,20,2,71,24.0,29.0,20.0,17.0,7.0,8.0,6.0,5.0,27.0,23.0,19.0,24.0,9.0,10.0,9.0,7.0,16.0,17.0,11.0,17.0,3.0,1.0,1.0,4.0,27.0,19.458333333333332
2026-07-18 17:00:00,17,5,1,30,9,13,198,28,9,19,3,74,23.0,36.0,19.0,19.0,7.0,10.0,5.0,6.0,30.0,35.0,21.0,27.0,8.0,12.0,8.0,12.0,20.0,19.0,12.0,17.0,2.0,1.0,2.0,6.0,28.833333333333332,19.916666666666668
2026-07-18 18:00:00,18,5,1,22,7,6,198,26,8,16,3,70,30.0,24.0,31.0,17.0,9.0,7.0,8.0,5.0,28.0,27.0,33.0,22.0,9.0,9.0,10.0,9.0,19.0,16.0,24.0,17.0,3.0,3.0,4.0,5.0,27.333333333333332,20.125
2026-07-18 19:00:00,19,5,1,25,8,12,198,21,8,11,2,50,22.0,23.0,29.0,23.0,7.0,7.0,8.0,7.0,26.0,30.0,23.0,31.0,8.0,8.0,10.0,12.0,16.0,20.0,17.0,21.0,3.0,2.0,1.0,5.0,26.666666666666668,20.208333333333332
2026-07-18 20:00:00,20,5,1,11,4,17,198,10,4,5,0,49,25.0,30.0,36.0,16.0,8.0,9.0,10.0,5.0,21.0,28.0,35.0,17.0,8.0,9.0,12.0,7.0,11.0,19.0,19.0,10.0,2.0,3.0,1.0,4.0,22.5,20.0
2026-07-18 21:00:00,21,5,1,21,7,17,198,28,12,16,4,48,11.0,22.0,24.0,20.0,4.0,7.0,7.0,7.0,10.0,26.0,27.0,25.0,4.0,8.0,9.0,9.0,5.0,16.0,16.0,15.0,0.0,3.0,3.0,4.0,22.0,20.041666666666668
2026-07-18 22:00:00,22,5,1,14,5,18,198,7,4,5,1,49,21.0,25.0,23.0,17.0,7.0,8.0,7.0,6.0,28.0,21.0,30.0,23.0,12.0,8.0,8.0,11.0,16.0,11.0,20.0,15.0,4.0,2.0,2.0,8.0,20.5,19.916666666666668
2026-07-18 23:00:00,23,5,1,20,7,12,198,18,3,15,1,44,14.0,11.0,30.0,8.0,5.0,4.0,9.0,3.0,7.0,10.0,28.0,16.0,4.0,4.0,9.0,5.0,5.0,5.0,19.0,12.0,1.0,0.0,3.0,5.0,18.833333333333332,20.416666666666668
2026-07-19 00:00:00,0,6,1,14,5,12,198,15,6,8,3,44,20.0,21.0,22.0,15.0,7.0,7.0,7.0,5.0,18.0,28.0,26.0,18.0,3.0,12.0,8.0,7.0,15.0,16.0,16.0,12.0,1.0,4.0,3.0,3.0,17.5,20.375
2026-07-19 01:00:00,1,6,1,18,6,19,198,17,4,8,2,49,14.0,14.0,25.0,16.0,5.0,5.0,8.0,5.0,15.0,7.0,21.0,22.0,6.0,4.0,8.0,5.0,8.0,5.0,11.0,16.0,3.0,1.0,2.0,2.0,16.333333333333332,20.458333333333332
2026-07-19 02:00:00,2,6,1,23,8,11,198,24,7,15,2,44,18.0,20.0,11.0,21.0,6.0,7.0,4.0,7.0,17.0,18.0,10.0,13.0,4.0,3.0,4.0,4.0,8.0,15.0,5.0,7.0,2.0,1.0,0.0,0.0,18.333333333333332,20.541666666666668
2026-07-19 03:00:00,3,6,1,19,6,18,198,23,7,16,2,51,23.0,14.0,21.0,10.0,8.0,5.0,7.0,3.0,24.0,15.0,28.0,10.0,7.0,6.0,12.0,2.0,15.0,8.0,16.0,4.0,2.0,3.0,4.0,2.0,18.0,20.916666666666668
2026-07-19 04:00:00,4,6,1,18,6,7,198,20,6,10,3,45,19.0,18.0,14.0,11.0,6.0,6.0,5.0,4.0,23.0,17.0,7.0,17.0,7.0,4.0,4.0,8.0,16.0,8.0,5.0,10.0,2.0,2.0,1.0,3.0,18.666666666666668,21.208333333333332
2026-07-19 05:00:00,5,6,1,16,5,9,198,18,4,14,2,48,18.0,23.0,20.0,17.0,6.0,8.0,7.0,5.0,20.0,24.0,18.0,17.0,6.0,7.0,3.0,2.0,10.0,15.0,15.0,11.0,3.0,2.0,1.0,1.0,18.0,21.166666666666668
2026-07-19 06:00:00,6,6,1,21,7,7,198,25,9,15,4,53,16.0,19.0,14.0,14.0,5.0,6.0,5.0,4.0,18.0,23.0,15.0,18.0,4.0,7.0,6.0,6.0,14.0,16.0,8.0,9.0,2.0,2.0,3.0,3.0,19.166666666666668,21.458333333333332
2026-07-19 07:00:00,7,6,1,23,7,10,198,20,5,11,0,70,21.0,18.0,18.0,19.0,7.0,6.0,6.0,6.0,25.0,20.0,17.0,18.0,9.0,6.0,4.0,2.0,15.0,10.0,8.0,8.0,4.0,3.0,2.0,3.0,20.0,21.625
2026-07-19 08:00:00,8,6,1,18,5,3,198,17,7,7,3,72,23.0,16.0,23.0,18.0,7.0,5.0,8.0,5.0,20.0,18.0,24.0,20.0,5.0,4.0,7.0,6.0,11.0,14.0,15.0,13.0,0.0,2.0,2.0,4.0,19.166666666666668,21.625
2026-07-19 09:00:00,9,6,1,25,7,13,198,26,12,18,1,75,18.0,21.0,19.0,24.0,5.0,7.0,6.0,7.0,17.0,25.0,23.0,28.0,7.0,9.0,7.0,9.0,7.0,15.0,16.0,17.0,3.0,4.0,2.0,2.0,20.166666666666668,21.666666666666668
2026-07-19 10:00:00,10,6,1,13,4,14,198,19,4,11,4,75,25.0,23.0,18.0,20.0,7.0,7.0,6.0,6.0,26.0,20.0,20.0,19.0,12.0,5.0,6.0,9.0,18.0,11.0,10.0,11.0,1.0,0.0,3.0,1.0,19.333333333333332,21.375
2026-07-19 11:00:00,11,6,1,34,9,12,198,35,12,22,3,71,13.0,18.0,16.0,19.0,4.0,5.0,5.0,5.0,19.0,17.0,18.0,21.0,4.0,7.0,4.0,8.0,11.0,7.0,14.0,12.0,4.0,3.0,2.0,2.0,22.333333333333332,22.0
2026-07-19 12:00:00,12,6,1,27,7,10,198,24,5,13,2,71,34.0,25.0,21.0,31.0,9.0,7.0,7.0,8.0,35.0,26.0,25.0,33.0,12.0,12.0,9.0,10.0,22.0,18.0,15.0,24.0,3.0,1.0,4.0,4.0,23.333333333333332,21.833333333333332
2026-07-19 13:00:00,13,6,1,20,5,6,198,21,7,12,3,72,27.0,13.0,23.0,29.0,7.0,4.0,7.0,8.0,24.0,19.0,20.0,23.0,5.0,4.0,5.0,10.0,13.0,11.0,11.0,17.0,2.0,4.0,0.0,1.0,22.833333333333332,21.458333333333332
2026-07-19 14:00:00,14,6,1,29,8,11,198,29,11,17,3,77,20.0,34.0,18.0,36.0,5.0,9.0,5.0,10.0,21.0,35.0,17.0,35.0,7.0,12.0,7.0,12.0,12.0,22.0,7.0,19.0,3.0,3.0,3.0,1.0,24.666666666666668,21.166666666666668
2026-07-19 15:00:00,15,6,1,22,6,14,198,19,8,12,3,71,29.0,27.0,25.0,24.0,8.0,7.0,7.0,7.0,29.0,24.0,26.0,27.0,11.0,5.0,12.0,9.0,17.0,13.0,18.0,16.0,3.0,2.0,1.0,3.0,24.166666666666668,21.083333333333332
2026-07-19 16:00:00,16,6,1,15,4,8,198,11,4,5,2,72,22.0,20.0,13.0,23.0,6.0,5.0,4.0,7.0,19.0,21.0,19.0,30.0,8.0,7.0,4.0,8.0,12.0,12.0,11.0,20.0,3.0,3.0,4.0,2.0,24.5,20.75
2026-07-19 17:00:00,17,6,1,17,5,9,198,16,7,7,2,71,15.0,29.0,34.0,30.0,4.0,8.0,9.0,9.0,11.0,29.0,35.0,28.0,4.0,11.0,12.0,9.0,5.0,17.0,22.0,19.0,2.0,3.0,3.0,3.0,21.666666666666668,20.208333333333332
2026-07-19 18:00:00,18,6,1,27,8,7,198,28,14,23,2,74,17.0,22.0,27.0,22.0,5.0,6.0,7.0,7.0,16.0,19.0,24.0,26.0,7.0,8.0,5.0,8.0,7.0,12.0,13.0,16.0,2.0,3.0,2.0,3.0,21.666666666666668,20.416666666666668
2026-07-19 19:00:00,19,6,1,21,7,18,198,19,10,9,2,47,27.0,15.0,20.0,25.0,8.0,4.0,5.0,8.0,28.0,11.0,21.0,21.0,14.0,4.0,7.0,8.0,23.0,5.0,12.0,11.0,2.0,2.0,3.0,2.0,21.833333333333332,20.25
2026-07-19 20:00:00,20,6,1,20,7,15,198,19,6,12,3,43,21.0,17.0,29.0,11.0,7.0,5.0,8.0,4.0,19.0,16.0,29.0,10.0,10.0,7.0,11.0,4.0,9.0,7.0,17.0,5.0,2.0,2.0,3.0,0.0,20.333333333333332,20.625
2026-07-19 21:00:00,21,6,1,16,5,12,198,11,2,3,0,43,20.0,27.0,22.0,21.0,7.0,8.0,6.0,7.0,19.0,28.0,19.0,28.0,6.0,14.0,8.0,12.0,12.0,23.0,12.0,16.0,3.0,2.0,3.0,4.0,19.333333333333332,20.416666666666668
2026-07-19 22:00:00,22,6,1,11,4,17,198,11,3,3,2,42,16.0,21.0,15.0,14.0,5.0,7.0,4.0,5.0,11.0,19.0,11.0,7.0,2.0,10.0,4.0,4.0,3.0,9.0,5.0,5.0,0.0,2.0,2.0,1.0,18.666666666666668,20.291666666666668
2026-07-19 23:00:00,23,6,1,14,5,13,198,14,4,9,2,46,11.0,20.0,17.0,20.0,4.0,7.0,5.0,7.0,11.0,19.0,16.0,18.0,3.0,6.0,7.0,3.0,3.0,12.0,7.0,15.0,2.0,3.0,2.0,1.0,18.166666666666668,20.041666666666668
2026-07-20 00:00:00,0,0,0,12,4,11,198,23,8,15,4,50,14.0,16.0,27.0,14.0,5.0,5.0,8.0,5.0,14.0,11.0,28.0,15.0,4.0,2.0,14.0,6.0,9.0,3.0,23.0,8.0,2.0,0.0,2.0,3.0,15.666666666666666,19.958333333333332
2026-07-20 01:00:00,1,0,0,15,5,6,198,23,6,17,4,52,12.0,11.0,21.0,18.0,4.0,4.0,7.0,6.0,23.0,11.0,19.0,17.0,8.0,3.0,10.0,4.0,15.0,3.0,9.0,8.0,4.0,2.0,2.0,2.0,14.666666666666666,19.833333333333332
2026-07-20 02:00:00,2,0,0,15,5,16,198,23,8,15,4,50,15.0,14.0,20.0,23.0,5.0,5.0,7.0,8.0,23.0,14.0,19.0,24.0,6.0,4.0,6.0,7.0,17.0,9.0,12.0,15.0,4.0,2.0,3.0,2.0,13.833333333333334,19.5
2026-07-20 03:00:00,3,0,0,11,4,13,198,15,6,9,1,50,15.0,12.0,16.0,19.0,5.0,4.0,5.0,6.0,23.0,23.0,11.0,23.0,8.0,8.0,2.0,7.0,15.0,15.0,3.0,16.0,4.0,4.0,0.0,2.0,13.0,19.166666666666668
2026-07-20 04:00:00,4,0,0,17,5,9,198,18,6,9,4,48,11.0,15.0,11.0,18.0,4.0,5.0,4.0,6.0,15.0,23.0,11.0,20.0,6.0,6.0,3.0,6.0,9.0,17.0,3.0,10.0,1.0,4.0,2.0,3.0,14.0,19.125
2026-07-20 05:00:00,5,0,0,13,4,6,198,12,3,10,3,50,17.0,15.0,14.0,16.0,5.0,5.0,5.0,5.0,18.0,23.0,14.0,18.0,6.0,8.0,4.0,4.0,9.0,15.0,9.0,14.0,4.0,4.0,2.0,2.0,13.833333333333334,19.0
2026-07-20 06:00:00,6,0,0,17,5,5,198,20,9,14,5,49,13.0,11.0,12.0,21.0,4.0,4.0,4.0,7.0,12.0,15.0,23.0,25.0,3.0,6.0,8.0,9.0,10.0,9.0,15.0,15.0,3.0,1.0,4.0,4.0,14.666666666666666,18.833333333333332
2026-07-20 07:00:00,7,0,0,25,7,6,198,32,8,17,4,79,17.0,17.0,15.0,23.0,5.0,5.0,5.0,7.0,20.0,18.0,23.0,20.0,9.0,6.0,6.0,5.0,14.0,9.0,17.0,11.0,5.0,4.0,4.0,0.0,16.333333333333332,18.916666666666668
2026-07-20 08:00:00,8,0,0,13,4,8,198,18,6,11,5,74,25.0,13.0,15.0,18.0,7.0,4.0,5.0,5.0,32.0,12.0,23.0,17.0,8.0,3.0,8.0,7.0,17.0,10.0,15.0,7.0,4.0,3.0,4.0,3.0,16.0,18.708333333333332
2026-07-20 09:00:00,9,0,0,21,6,7,198,26,9,16,7,78,13.0,17.0,11.0,25.0,4.0,5.0,4.0,7.0,18.0,20.0,15.0,26.0,6.0,9.0,6.0,12.0,11.0,14.0,9.0,18.0,5.0,5.0,1.0,1.0,17.666666666666668,18.541666666666668
2026-07-20 10:00:00,10,0,0,18,5,7,198,24,8,14,6,77,21.0,25.0,17.0,13.0,6.0,7.0,5.0,4.0,26.0,32.0,18.0,19.0,9.0,8.0,6.0,4.0,16.0,17.0,9.0,11.0,7.0,4.0,4.0,4.0,17.833333333333332,18.75
2026-07-20 11:00:00,11,0,0,21,5,5,198,27,9,18,6,76,18.0,13.0,13.0,34.0,5.0,4.0,4.0,9.0,24.0,18.0,12.0,35.0,8.0,6.0,3.0,12.0,14.0,11.0,10.0,22.0,6.0,5.0,3.0,3.0,19.166666666666668,18.208333333333332
2026-07-20 12:00:00,12,0,0,20,5,12,198,26,10,18,5,68,21.0,21.0,17.0,27.0,5.0,6.0,5.0,7.0,27.0,26.0,20.0,24.0,9.0,9.0,9.0,5.0,18.0,16.0,14.0,13.0,6.0,7.0,5.0,2.0,19.666666666666668,17.916666666666668
2026-07-20 13:00:00,13,0,0,19,5,7,198,27,9,16,6,77,20.0,18.0,25.0,20.0,5.0,5.0,7.0,5.0,26.0,24.0,32.0,21.0,10.0,8.0,8.0,7.0,18.0,14.0,17.0,12.0,5.0,6.0,4.0,3.0,18.666666666666668,17.875
2026-07-20 14:00:00,14,0,0,16,4,9,198,20,6,12,5,74,19.0,21.0,13.0,29.0,5.0,5.0,4.0,8.0,27.0,27.0,18.0,29.0,9.0,9.0,6.0,11.0,16.0,18.0,11.0,17.0,6.0,6.0,5.0,3.0,19.166666666666668,17.333333333333332
2026-07-20 15:00:00,15,0,0,37,10,14,198,44,14,30,6,73,16.0,20.0,21.0,22.0,4.0,5.0,6.0,6.0,20.0,26.0,26.0,19.0,6.0,10.0,9.0,8.0,12.0,18.0,16.0,12.0,5.0,5.0,7.0,3.0,21.833333333333332,17.958333333333332
2026-07-20 16:00:00,16,0,0,13,4,10,198,19,6,14,6,70,37.0,19.0,18.0,15.0,10.0,5.0,5.0,4.0,44.0,27.0,24.0,11.0,14.0,9.0,8.0,4.0,30.0,16.0,14.0,5.0,6.0,6.0,6.0,2.0,21.0,17.875
2026-07-20 17:00:00,17,0,0,27,8,10,198,31,12,19,5,74,13.0,16.0,21.0,17.0,4.0,4.0,5.0,5.0,19.0,20.0,27.0,16.0,6.0,6.0,9.0,7.0,14.0,12.0,18.0,7.0,6.0,5.0,6.0,2.0,22.0,18.291666666666668
2026-07-20 18:00:00,18,0,0,16,5,13,198,28,8,14,7,74,27.0,37.0,20.0,27.0,8.0,10.0,5.0,8.0,31.0,44.0,26.0,28.0,12.0,14.0,10.0,14.0,19.0,30.0,18.0,23.0,5.0,6.0,5.0,2.0,21.333333333333332,17.833333333333332
2026-07-20 19:00:00,19,0,0,21,7,12,198,24,10,16,5,44,16.0,13.0,19.0,21.0,5.0,4.0,5.0,7.0,28.0,19.0,27.0,19.0,8.0,6.0,9.0,10.0,14.0,14.0,16.0,9.0,7.0,6.0,6.0,2.0,21.666666666666668,17.833333333333332
2026-07-20 20:00:00,20,0,0,18,6,11,198,24,8,16,6,44,21.0,27.0,16.0,20.0,7.0,8.0,4.0,7.0,24.0,31.0,20.0,19.0,10.0,12.0,6.0,6.0,16.0,19.0,12.0,12.0,5.0,5.0,5.0,3.0,22.0,17.75
2026-07-20 21:00:00,21,0,0,18,6,15,198,27,8,11,6,49,18.0,16.0,37.0,16.0,6.0,5.0,10.0,5.0,24.0,28.0,44.0,11.0,8.0,8.0,14.0,2.0,16.0,14.0,30.0,3.0,6.0,7.0,6.0,0.0,18.833333333333332,17.833333333333332
2026-07-20 22:00:00,22,0,0,18,6,7,198,23,9,15,6,51,18.0,21.0,13.0,11.0,6.0,7.0,4.0,4.0,27.0,24.0,19.0,11.0,8.0,10.0,6.0,3.0,11.0,16.0,14.0,3.0,6.0,5.0,6.0,2.0,19.666666666666668,18.125
2026-07-20 23:00:00,23,0,0,18,6,20,198,19,6,11,3,49,18.0,18.0,27.0,14.0,6.0,6.0,8.0,5.0,23.0,24.0,31.0,14.0,9.0,8.0,12.0,4.0,15.0,16.0,19.0,9.0,6.0,6.0,5.0,2.0,18.166666666666668,18.291666666666668
2026-07-21 00:00:00,0,1,0,11,4,5,198,20,8,12,5,51,18.0,18.0,16.0,12.0,6.0,6.0,5.0,4.0,19.0,27.0,28.0,23.0,6.0,8.0,8.0,8.0,11.0,11.0,14.0,15.0,3.0,6.0,7.0,4.0,17.333333333333332,18.25
2026-07-21 01:00:00,1,1,0,11,4,17,198,24,8,13,5,48,11.0,18.0,21.0,15.0,4.0,6.0,7.0,5.0,20.0,23.0,24.0,23.0,8.0,9.0,10.0,6.0,12.0,15.0,16.0,17.0,5.0,6.0,5.0,4.0,15.666666666666666,18.083333333333332
2026-07-21 02:00:00,2,1,0,6,2,12,198,15,4,9,5,48,11.0,18.0,18.0,15.0,4.0,6.0,6.0,5.0,24.0,19.0,24.0,23.0,8.0,6.0,8.0,8.0,13.0,11.0,16.0,15.0,5.0,3.0,6.0,4.0,13.666666666666666,17.708333333333332
2026-07-21 03:00:00,3,1,0,17,6,15,198,21,8,16,3,45,6.0,11.0,18.0,11.0,2.0,4.0,6.0,4.0,15.0,20.0,27.0,15.0,4.0,8.0,8.0,6.0,9.0,12.0,11.0,9.0,5.0,5.0,6.0,1.0,13.5,17.958333333333332
2026-07-21 04:00:00,4,1,0,16,5,12,198,22,8,13,4,43,17.0,11.0,18.0,17.0,6.0,4.0,6.0,5.0,21.0,24.0,23.0,18.0,8.0,8.0,9.0,6.0,16.0,13.0,15.0,9.0,3.0,5.0,6.0,4.0,13.166666666666666,17.916666666666668
2026-07-21 05:00:00,5,1,0,23,7,10,198,25,10,17,5,54,16.0,6.0,18.0,13.0,5.0,2.0,6.0,4.0,22.0,15.0,19.0,12.0,8.0,4.0,6.0,3.0,13.0,9.0,11.0,10.0,4.0,5.0,3.0,3.0,14.0,18.333333333333332
2026-07-21 06:00:00,6,1,0,23,7,9,198,27,11,15,4,51,23.0,17.0,11.0,17.0,7.0,6.0,4.0,5.0,25.0,21.0,20.0,20.0,10.0,8.0,8.0,9.0,17.0,16.0,12.0,14.0,5.0,3.0,5.0,5.0,16.0,18.583333333333332
2026-07-21 07:00:00,7,1,0,12,3,7,198,17,6,12,4,70,23.0,16.0,11.0,25.0,7.0,5.0,4.0,7.0,27.0,22.0,24.0,32.0,11.0,8.0,8.0,8.0,15.0,13.0,13.0,17.0,4.0,4.0,5.0,4.0,16.166666666666668,18.041666666666668
2026-07-21 08:00:00,8,1,0,20,6,10,198,28,8,17,6,74,12.0,23.0,6.0,13.0,3.0,7.0,2.0,4.0,17.0,25.0,15.0,18.0,6.0,10.0,4.0,6.0,12.0,17.0,9.0,11.0,4.0,5.0,5.0,5.0,18.5,18.333333333333332
2026-07-21 09:00:00,9,1,0,18,5,7,198,24,12,16,5,74,20.0,23.0,17.0,21.0,6.0,7.0,6.0,6.0,28.0,27.0,21.0,26.0,8.0,11.0,8.0,9.0,17.0,15.0,16.0,16.0,6.0,4.0,3.0,7.0,18.666666666666668,18.208333333333332
2026-07-21 10:00:00,10,1,0,17,5,2,198,22,5,14,4,73,18.0,12.0,16.0,18.0,5.0,3.0,5.0,5.0,24.0,17.0,22.0,24.0,12.0,6.0,8.0,8.0,16.0,12.0,13.0,14.0,5.0,4.0,4.0,6.0,18.833333333333332,18.166666666666668
2026-07-21 11:00:00,11,1,0,21,5,12,198,24,10,16,4,73,17.0,20.0,23.0,21.0,5.0,6.0,7.0,5.0,22.0,28.0,25.0,27.0,5.0,8.0,10.0,9.0,14.0,17.0,17.0,18.0,4.0,6.0,5.0,6.0,18.5,18.166666666666668
2026-07-21 12:00:00,12,1,0,17,4,7,198,25,9,10,6,75,21.0,18.0,23.0,20.0,5.0,5.0,7.0,5.0,24.0,24.0,27.0,26.0,10.0,12.0,11.0,10.0,16.0,16.0,15.0,18.0,4.0,5.0,4.0,5.0,17.5,18.041666666666668
2026-07-21 13:00:00,13,1,0,27,7,13,198,26,7,13,4,76,17.0,17.0,12.0,19.0,4.0,5.0,3.0,5.0,25.0,22.0,17.0,27.0,9.0,5.0,6.0,9.0,10.0,14.0,12.0,16.0,6.0,4.0,4.0,6.0,20.0,18.375
2026-07-21 14:00:00,14,1,0,25,7,12,198,29,10,19,5,75,27.0,21.0,20.0,16.0,7.0,5.0,6.0,4.0,26.0,24.0,28.0,20.0,7.0,10.0,8.0,6.0,13.0,16.0,17.0,12.0,4.0,4.0,6.0,5.0,20.833333333333332,18.75
2026-07-21 15:00:00,15,1,0,22,6,8,198,33,11,16,6,74,25.0,17.0,18.0,37.0,7.0,4.0,5.0,10.0,29.0,25.0,24.0,44.0,10.0,9.0,12.0,14.0,19.0,10.0,16.0,30.0,5.0,6.0,5.0,6.0,21.5,18.125
2026-07-21 16:00:00,16,1,0,23,6,11,198,32,13,19,7,74,22.0,27.0,17.0,13.0,6.0,7.0,5.0,4.0,33.0,26.0,22.0,19.0,11.0,7.0,5.0,6.0,16.0,13.0,14.0,14.0,6.0,4.0,4.0,6.0,22.5,18.541666666666668
2026-07-21 17:00:00,17,1,0,19,6,7,198,26,8,16,6,77,23.0,25.0,21.0,27.0,6.0,7.0,5.0,8.0,32.0,29.0,24.0,31.0,13.0,10.0,10.0,12.0,19.0,19.0,16.0,19.0,7.0,5.0,4.0,5.0,22.166666666666668,18.208333333333332
2026-07-21 18:00:00,18,1,0,27,8,10,198,37,12,21,5,75,19.0,22.0,17.0,16.0,6.0,6.0,4.0,5.0,26.0,33.0,25.0,28.0,8.0,11.0,9.0,8.0,16.0,16.0,10.0,14.0,6.0,6.0,6.0,7.0,23.833333333333332,18.666666666666668
2026-07-21 19:00:00,19,1,0,23,7,14,198,27,6,15,7,48,27.0,23.0,27.0,21.0,8.0,6.0,7.0,7.0,37.0,32.0,26.0,24.0,12.0,13.0,7.0,10.0,21.0,19.0,13.0,16.0,5.0,7.0,4.0,5.0,23.166666666666668,18.75
2026-07-21 20:00:00,20,1,0,16,5,9,198,19,9,12,5,48,23.0,19.0,25.0,18.0,7.0,6.0,7.0,6.0,27.0,26.0,29.0,24.0,6.0,8.0,10.0,8.0,15.0,16.0,19.0,16.0,7.0,6.0,5.0,6.0,21.666666666666668,18.666666666666668
2026-07-21 21:00:00,21,1,0,14,5,16,198,24,6,17,4,49,16.0,27.0,22.0,18.0,5.0,8.0,6.0,6.0,19.0,37.0,33.0,27.0,9.0,12.0,11.0,8.0,12.0,21.0,16.0,11.0,5.0,5.0,6.0,6.0,20.333333333333332,18.5
2026-07-21 22:00:00,22,1,0,7,2,12,198,15,5,7,5,47,14.0,23.0,23.0,18.0,5.0,7.0,6.0,6.0,24.0,27.0,32.0,23.0,6.0,6.0,13.0,9.0,17.0,15.0,19.0,15.0,4.0,7.0,7.0,6.0,17.666666666666668,18.041666666666668
2026-07-21 23:00:00,23,1,0,22,7,12,198,28,10,16,6,50,7.0,16.0,19.0,18.0,2.0,5.0,6.0,6.0,15.0,19.0,26.0,19.0,5.0,9.0,8.0,6.0,7.0,12.0,16.0,11.0,5.0,5.0,6.0,3.0,18.166666666666668,18.208333333333332
2026-07-22 00:00:00,0,2,0,17,6,11,198,19,7,10,5,45,22.0,14.0,27.0,11.0,7.0,5.0,8.0,4.0,28.0,24.0,37.0,20.0,10.0,6.0,12.0,8.0,16.0,17.0,21.0,12.0,6.0,4.0,5.0,5.0,16.5,18.458333333333332
2026-07-22 01:00:00,1,2,0,16,5,12,198,22,9,9,4,47,17.0,7.0,23.0,11.0,6.0,2.0,7.0,4.0,19.0,15.0,27.0,24.0,7.0,5.0,6.0,8.0,10.0,7.0,15.0,13.0,5.0,5.0,7.0,5.0,15.333333333333334,18.666666666666668
2026-07-22 02:00:00,2,2,0,9,3,15,198,19,9,12,6,50,16.0,22.0,16.0,6.0,5.0,7.0,5.0,2.0,22.0,28.0,19.0,15.0,9.0,10.0,9.0,4.0,9.0,16.0,12.0,9.0,4.0,6.0,5.0,5.0,14.166666666666666,18.791666666666668
2026-07-22 03:00:00,3,2,0,7,2,14,198,8,3,7,3,45,9.0,17.0,14.0,17.0,3.0,6.0,5.0,6.0,19.0,19.0,24.0,21.0,9.0,7.0,6.0,8.0,12.0,10.0,17.0,16.0,6.0,5.0,4.0,3.0,13.0,18.375
2026-07-22 04:00:00,4,2,0,18,6,11,198,20,8,14,3,43,7.0,16.0,7.0,16.0,2.0,5.0,2.0,5.0,8.0,22.0,15.0,22.0,3.0,9.0,5.0,8.0,7.0,9.0,7.0,13.0,3.0,4.0,5.0,4.0,14.833333333333334,18.458333333333332
2026-07-22 05:00:00,5,2,0,9,3,9,198,12,5,6,3,48,18.0,9.0,22.0,23.0,6.0,3.0,7.0,7.0,20.0,19.0,28.0,25.0,8.0,9.0,10.0,10.0,14.0,12.0,16.0,17.0,3.0,6.0,6.0,5.0,12.666666666666666,17.875
2026-07-22 06:00:00,6,2,0,13,4,4,198,20,8,10,5,43,9.0,7.0,17.0,23.0,3.0,2.0,6.0,7.0,12.0,8.0,19.0,27.0,5.0,3.0,7.0,11.0,6.0,7.0,10.0,15.0,3.0,3.0,5.0,4.0,12.0,17.458333333333332
2026-07-22 07:00:00,7,2,0,16,5,10,198,19,6,12,5,70,13.0,18.0,16.0,12.0,4.0,6.0,5.0,3.0,20.0,20.0,22.0,17.0,8.0,8.0,9.0,6.0,10.0,14.0,9.0,12.0,5.0,3.0,4.0,4.0,12.0,17.625
2026-07-22 08:00:00,8,2,0,15,4,9,198,27,10,18,6,76,16.0,9.0,9.0,20.0,5.0,3.0,3.0,6.0,19.0,12.0,19.0,28.0,6.0,5.0,9.0,8.0,12.0,6.0,12.0,17.0,5.0,3.0,6.0,6.0,13.0,17.416666666666668
2026-07-22 09:00:00,9,2,0,28,8,8,198,35,14,22,5,73,15.0,13.0,7.0,18.0,4.0,4.0,2.0,5.0,27.0,20.0,8.0,24.0,10.0,8.0,3.0,12.0,18.0,10.0,7.0,16.0,6.0,5.0,3.0,5.0,16.5,17.833333333333332
2026-07-22 10:00:00,10,2,0,17,5,4,198,22,9,14,5,78,28.0,16.0,18.0,17.0,8.0,5.0,6.0,5.0,35.0,19.0,20.0,22.0,14.0,6.0,8.0,5.0,22.0,12.0,14.0,14.0,5.0,5.0,3.0,4.0,16.333333333333332,17.833333333333332
2026-07-22 11:00:00,11,2,0,28,7,3,198,32,10,22,5,70,17.0,15.0,9.0,21.0,5.0,4.0,3.0,5.0,22.0,27.0,12.0,24.0,9.0,10.0,5.0,10.0,14.0,18.0,6.0,16.0,5.0,6.0,3.0,4.0,19.5,18.125
2026-07-22 12:00:00,12,2,0,13,3,8,198,21,7,12,6,74,28.0,28.0,13.0,17.0,7.0,8.0,4.0,4.0,32.0,35.0,20.0,25.0,10.0,14.0,8.0,9.0,22.0,22.0,10.0,10.0,5.0,5.0,5.0,6.0,19.5,17.958333333333332
2026-07-22 13:00:00,13,2,0,21,5,1,198,22,8,13,4,75,13.0,17.0,16.0,27.0,3.0,5.0,5.0,7.0,21.0,22.0,19.0,26.0,7.0,9.0,6.0,7.0,12.0,14.0,12.0,13.0,6.0,5.0,5.0,4.0,20.333333333333332,17.708333333333332
2026-07-22 14:00:00,14,2,0,16,4,6,198,26,6,19,8,70,21.0,28.0,15.0,25.0,5.0,7.0,4.0,7.0,22.0,32.0,27.0,29.0,8.0,10.0,10.0,10.0,13.0,22.0,18.0,19.0,4.0,5.0,6.0,5.0,20.5,17.333333333333332
2026-07-22 15:00:00,15,2,0,26,7,9,198,31,13,19,6,77,16.0,13.0,28.0,22.0,4.0,3.0,8.0,6.0,26.0,21.0,35.0,33.0,6.0,7.0,14.0,11.0,19.0,12.0,22.0,16.0,8.0,6.0,5.0,6.0,20.166666666666668,17.5
2026-07-22 16:00:00,16,2,0,19,5,6,198,31,10,17,6,76,26.0,21.0,17.0,23.0,7.0,5.0,5.0,6.0,31.0,22.0,22.0,32.0,13.0,8.0,9.0,13.0,19.0,13.0,14.0,19.0,6.0,4.0,5.0,7.0,20.5,17.333333333333332
2026-07-22 17:00:00,17,2,0,14,4,15,198,25,9,14,6,69,19.0,16.0,28.0,19.0,5.0,4.0,7.0,6.0,31.0,26.0,32.0,26.0,10.0,6.0,10.0,8.0,17.0,19.0,22.0,16.0,6.0,8.0,5.0,6.0,18.166666666666668,17.125
2026-07-22 18:00:00,18,2,0,14,4,13,198,25,7,14,6,74,14.0,26.0,13.0,27.0,4.0,7.0,3.0,8.0,25.0,31.0,21.0,37.0,9.0,13.0,7.0,12.0,14.0,19.0,12.0,21.0,6.0,6.0,6.0,5.0,18.333333333333332,16.583333333333332
2026-07-22 19:00:00,19,2,0,14,4,17,198,22,5,14,5,49,14.0,19.0,21.0,23.0,4.0,5.0,5.0,7.0,25.0,31.0,22.0,27.0,7.0,10.0,8.0,6.0,14.0,17.0,13.0,15.0,6.0,6.0,4.0,7.0,17.166666666666668,16.208333333333332
2026-07-22 20:00:00,20,2,0,12,4,10,198,15,4,8,5,46,14.0,14.0,16.0,16.0,4.0,4.0,4.0,5.0,22.0,25.0,26.0,19.0,5.0,9.0,6.0,9.0,14.0,14.0,19.0,12.0,5.0,6.0,8.0,5.0,16.5,16.041666666666668
2026-07-22 21:00:00,21,2,0,19,6,12,198,26,9,17,6,44,12.0,14.0,26.0,14.0,4.0,4.0,7.0,5.0,15.0,25.0,31.0,24.0,4.0,7.0,13.0,6.0,8.0,14.0,19.0,17.0,5.0,6.0,6.0,4.0,15.333333333333334,16.25
2026-07-22 22:00:00,22,2,0,16,5,11,198,25,9,14,5,49,19.0,14.0,19.0,7.0,6.0,4.0,5.0,2.0,26.0,22.0,31.0,15.0,9.0,5.0,10.0,5.0,17.0,14.0,17.0,7.0,6.0,5.0,6.0,5.0,14.833333333333334,16.625
2026-07-22 23:00:00,23,2,0,8,3,13,198,10,4,2,4,55,16.0,12.0,14.0,22.0,5.0,4.0,4.0,7.0,25.0,15.0,25.0,28.0,9.0,4.0,9.0,10.0,14.0,8.0,14.0,16.0,5.0,5.0,6.0,6.0,13.833333333333334,16.041666666666668
2026-07-23 00:00:00,0,3,0,11,4,9,198,21,8,14,6,47,8.0,19.0,14.0,17.0,3.0,6.0,4.0,6.0,10.0,26.0,25.0,19.0,4.0,9.0,7.0,7.0,2.0,17.0,14.0,10.0,4.0,6.0,6.0,5.0,13.333333333333334,15.791666666666666
2026-07-23 01:00:00,1,3,0,8,3,2,198,22,7,14,5,53,11.0,16.0,14.0,16.0,4.0,5.0,4.0,5.0,21.0,25.0,22.0,22.0,8.0,9.0,5.0,9.0,14.0,14.0,14.0,9.0,6.0,5.0,5.0,4.0,12.333333333333334,15.458333333333334
2026-07-23 02:00:00,2,3,0,14,5,10,198,24,9,16,5,46,8.0,8.0,12.0,9.0,3.0,3.0,4.0,3.0,22.0,10.0,15.0,19.0,7.0,4.0,4.0,9.0,14.0,2.0,8.0,12.0,5.0,4.0,5.0,6.0,12.666666666666666,15.666666666666666
2026-07-23 03:00:00,3,3,0,11,4,11,198,24,10,14,6,49,14.0,11.0,19.0,7.0,5.0,4.0,6.0,2.0,24.0,21.0,26.0,8.0,9.0,8.0,9.0,3.0,16.0,14.0,17.0,7.0,5.0,6.0,6.0,3.0,11.333333333333334,15.833333333333334
2026-07-23 04:00:00,4,3,0,13,4,5,198,19,7,10,4,50,11.0,8.0,16.0,18.0,4.0,3.0,5.0,6.0,24.0,22.0,25.0,20.0,10.0,7.0,9.0,8.0,14.0,14.0,14.0,14.0,6.0,5.0,5.0,3.0,10.833333333333334,15.625
2026-07-23 05:00:00,5,3,0,16,5,10,198,25,10,16,5,48,13.0,14.0,8.0,9.0,4.0,5.0,3.0,3.0,19.0,24.0,10.0,12.0,7.0,9.0,4.0,5.0,10.0,16.0,2.0,6.0,4.0,5.0,4.0,3.0,12.166666666666666,15.916666666666666
2026-07-23 06:00:00,6,3,0,14,4,7,198,18,7,14,5,47,16.0,11.0,11.0,13.0,5.0,4.0,4.0,4.0,25.0,24.0,21.0,20.0,10.0,10.0,8.0,8.0,16.0,14.0,14.0,10.0,5.0,6.0,6.0,5.0,12.666666666666666,15.958333333333334
2026-07-23 07:00:00,7,3,0,17,5,5,198,24,6,15,4,76,14.0,13.0,8.0,16.0,4.0,4.0,3.0,5.0,18.0,19.0,22.0,19.0,7.0,7.0,7.0,6.0,14.0,10.0,14.0,12.0,5.0,4.0,5.0,5.0,14.166666666666666,16.0
2026-07-23 08:00:00,8,3,0,20,6,8,198,27,8,18,5,80,17.0,16.0,14.0,15.0,5.0,5.0,5.0,4.0,24.0,25.0,24.0,27.0,6.0,10.0,9.0,10.0,15.0,16.0,16.0,18.0,4.0,5.0,5.0,6.0,15.166666666666666,16.208333333333332
2026-07-23 09:00:00,9,3,0,18,5,1,198,25,9,15,5,75,20.0,14.0,11.0,28.0,6.0,4.0,4.0,8.0,27.0,18.0,24.0,35.0,8.0,7.0,10.0,14.0,18.0,14.0,14.0,22.0,5.0,5.0,6.0,5.0,16.333333333333332,15.791666666666666
2026-07-23 10:00:00,10,3,0,25,7,9,198,32,11,17,4,72,18.0,17.0,13.0,17.0,5.0,5.0,4.0,5.0,25.0,24.0,19.0,22.0,9.0,6.0,7.0,9.0,15.0,15.0,10.0,14.0,5.0,4.0,4.0,5.0,18.333333333333332,16.125
2026-07-23 11:00:00,11,3,0,20,5,5,198,29,10,20,8,73,25.0,20.0,16.0,28.0,7.0,6.0,5.0,7.0,32.0,27.0,25.0,32.0,11.0,8.0,10.0,10.0,17.0,18.0,16.0,22.0,4.0,5.0,5.0,5.0,19.0,15.791666666666666
2026-07-23 12:00:00,12,3,0,21,5,7,198,24,11,17,4,82,20.0,18.0,14.0,13.0,5.0,5.0,4.0,3.0,29.0,25.0,18.0,21.0,10.0,9.0,7.0,7.0,20.0,15.0,14.0,12.0,8.0,5.0,5.0,6.0,20.166666666666668,16.125
2026-07-23 13:00:00,13,3,0,18,5,10,198,22,9,15,4,74,21.0,25.0,17.0,21.0,5.0,7.0,5.0,5.0,24.0,32.0,24.0,22.0,11.0,11.0,6.0,8.0,17.0,17.0,15.0,13.0,4.0,4.0,4.0,4.0,20.333333333333332,16.0
2026-07-23 14:00:00,14,3,0,23,6,7,198,28,11,17,7,72,18.0,20.0,20.0,16.0,5.0,5.0,6.0,4.0,22.0,29.0,27.0,26.0,9.0,10.0,8.0,6.0,15.0,20.0,18.0,19.0,4.0,8.0,5.0,8.0,20.833333333333332,16.291666666666668
2026-07-23 15:00:00,15,3,0,19,5,9,198,27,9,18,6,71,23.0,21.0,18.0,26.0,6.0,5.0,5.0,7.0,28.0,24.0,25.0,31.0,11.0,11.0,9.0,13.0,17.0,17.0,15.0,19.0,7.0,4.0,5.0,6.0,21.0,16.0
2026-07-23 16:00:00,16,3,0,16,4,11,198,17,5,12,5,69,19.0,18.0,25.0,19.0,5.0,5.0,7.0,5.0,27.0,22.0,32.0,31.0,9.0,9.0,11.0,10.0,18.0,15.0,17.0,17.0,6.0,4.0,4.0,6.0,19.5,15.875
2026-07-23 17:00:00,17,3,0,18,5,12,198,29,10,21,6,75,16.0,23.0,20.0,14.0,4.0,6.0,5.0,4.0,17.0,28.0,29.0,25.0,5.0,11.0,10.0,9.0,12.0,17.0,20.0,14.0,5.0,7.0,8.0,6.0,19.166666666666668,16.041666666666668
2026-07-23 18:00:00,18,3,0,23,7,15,198,32,10,22,7,76,18.0,19.0,21.0,14.0,5.0,5.0,5.0,4.0,29.0,27.0,24.0,25.0,10.0,9.0,11.0,7.0,21.0,18.0,17.0,14.0,6.0,6.0,4.0,6.0,19.5,16.416666666666668
2026-07-23 19:00:00,19,3,0,18,6,11,198,22,10,14,5,47,23.0,16.0,18.0,14.0,7.0,4.0,5.0,4.0,32.0,17.0,22.0,22.0,10.0,5.0,9.0,5.0,22.0,12.0,15.0,14.0,7.0,5.0,4.0,5.0,19.5,16.583333333333332
2026-07-23 20:00:00,20,3,0,19,6,9,198,27,10,14,8,48,18.0,18.0,23.0,12.0,6.0,5.0,6.0,4.0,22.0,29.0,28.0,15.0,10.0,10.0,11.0,4.0,14.0,21.0,17.0,8.0,5.0,6.0,7.0,5.0,18.833333333333332,16.875
2026-07-23 21:00:00,21,3,0,13,4,9,198,15,6,10,3,44,19.0,23.0,19.0,19.0,6.0,7.0,5.0,6.0,27.0,32.0,27.0,26.0,10.0,10.0,9.0,9.0,14.0,22.0,18.0,17.0,8.0,7.0,6.0,6.0,17.833333333333332,16.625
2026-07-23 22:00:00,22,3,0,18,6,14,198,26,11,17,5,48,13.0,18.0,16.0,16.0,4.0,6.0,4.0,5.0,15.0,22.0,17.0,25.0,6.0,10.0,5.0,9.0,10.0,14.0,12.0,14.0,3.0,5.0,5.0,5.0,18.166666666666668,16.708333333333332
2026-07-23 23:00:00,23,3,0,19,6,11,198,28,6,19,6,49,18.0,19.0,18.0,8.0,6.0,6.0,5.0,3.0,26.0,27.0,29.0,10.0,11.0,10.0,10.0,4.0,17.0,14.0,21.0,2.0,5.0,8.0,6.0,4.0,18.333333333333332,17.166666666666668
2026-07-24 00:00:00,0,4,0,12,4,10,198,17,7,13,5,46,19.0,13.0,23.0,11.0,6.0,4.0,7.0,4.0,28.0,15.0,32.0,21.0,6.0,6.0,10.0,8.0,19.0,10.0,22.0,14.0,6.0,3.0,7.0,6.0,16.5,17.208333333333332
2026-07-24 01:00:00,1,4,0,13,4,13,198,15,3,9,4,53,12.0,18.0,18.0,8.0,4.0,6.0,6.0,3.0,17.0,26.0,22.0,22.0,7.0,11.0,10.0,7.0,13.0,17.0,14.0,14.0,5.0,5.0,5.0,5.0,15.666666666666666,17.416666666666668
2026-07-24 02:00:00,2,4,0,13,4,15,198,20,7,17,4,45,13.0,19.0,19.0,14.0,4.0,6.0,6.0,5.0,15.0,28.0,27.0,24.0,3.0,6.0,10.0,9.0,9.0,19.0,14.0,16.0,4.0,6.0,8.0,5.0,14.666666666666666,17.375
2026-07-24 03:00:00,3,4,0,12,4,10,198,17,5,7,5,49,13.0,12.0,13.0,11.0,4.0,4.0,4.0,4.0,20.0,17.0,15.0,24.0,7.0,7.0,6.0,10.0,17.0,13.0,10.0,14.0,4.0,5.0,3.0,6.0,14.5,17.416666666666668
2026-07-24 04:00:00,4,4,0,20,6,9,198,26,10,17,5,51,12.0,13.0,18.0,13.0,4.0,4.0,6.0,4.0,17.0,15.0,26.0,19.0,5.0,3.0,11.0,7.0,7.0,9.0,17.0,10.0,5.0,4.0,5.0,4.0,14.833333333333334,17.708333333333332
2026-07-24 05:00:00,5,4,0,13,4,2,198,20,7,11,5,48,20.0,13.0,19.0,16.0,6.0,4.0,6.0,5.0,26.0,20.0,28.0,25.0,10.0,7.0,6.0,10.0,17.0,17.0,19.0,16.0,5.0,4.0,6.0,5.0,13.833333333333334,17.583333333333332
2026-07-24 06:00:00,6,4,0,27,8,10,198,34,14,17,6,47,13.0,12.0,12.0,14.0,4.0,4.0,4.0,4.0,20.0,17.0,17.0,18.0,7.0,5.0,7.0,7.0,11.0,7.0,13.0,14.0,5.0,5.0,5.0,5.0,16.333333333333332,18.125
2026-07-24 07:00:00,7,4,0,18,5,10,198,25,7,15,4,70,27.0,20.0,13.0,17.0,8.0,6.0,4.0,5.0,34.0,26.0,15.0,24.0,14.0,10.0,3.0,6.0,17.0,17.0,9.0,15.0,6.0,5.0,4.0,4.0,17.166666666666668,18.166666666666668
2026-07-24 08:00:00,8,4,0,15,4,7,198,17,7,8,5,78,18.0,13.0,13.0,20.0,5.0,4.0,4.0,6.0,25.0,20.0,20.0,27.0,7.0,7.0,7.0,8.0,15.0,11.0,17.0,18.0,4.0,5.0,4.0,5.0,17.5,17.958333333333332
2026-07-24 09:00:00,9,4,0,19,5,7,198,17,6,10,4,73,15.0,27.0,12.0,18.0,4.0,8.0,4.0,5.0,17.0,34.0,17.0,25.0,7.0,14.0,5.0,9.0,8.0,17.0,7.0,15.0,5.0,6.0,5.0,5.0,18.666666666666668,18.0
2026-07-24 10:00:00,10,4,0,15,4,7,198,20,4,12,5,76,19.0,18.0,20.0,25.0,5.0,5.0,6.0,7.0,17.0,25.0,26.0,32.0,6.0,7.0,10.0,11.0,10.0,15.0,17.0,17.0,4.0,4.0,5.0,4.0,17.833333333333332,17.583333333333332
2026-07-24 11:00:00,11,4,0,18,5,3,198,31,9,21,6,76,15.0,15.0,13.0,20.0,4.0,4.0,4.0,5.0,20.0,17.0,20.0,29.0,4.0,7.0,7.0,10.0,12.0,8.0,11.0,20.0,5.0,5.0,5.0,8.0,18.666666666666668,17.5
2026-07-24 12:00:00,12,4,0,18,5,9,198,32,10,17,6,72,18.0,19.0,27.0,21.0,5.0,5.0,8.0,5.0,31.0,17.0,34.0,24.0,9.0,6.0,14.0,11.0,21.0,10.0,17.0,17.0,6.0,4.0,6.0,4.0,17.166666666666668,17.375
2026-07-24 13:00:00,13,4,0,24,6,8,198,39,14,26,8,73,18.0,15.0,18.0,18.0,5.0,4.0,5.0,5.0,32.0,20.0,25.0,22.0,10.0,4.0,7.0,9.0,17.0,12.0,15.0,15.0,6.0,5.0,4.0,4.0,18.166666666666668,17.625
2026-07-24 14:00:00,14,4,0,23,6,18,198,29,10,18,6,78,24.0,18.0,15.0,23.0,6.0,5.0,4.0,6.0,39.0,31.0,17.0,28.0,14.0,9.0,7.0,11.0,26.0,21.0,8.0,17.0,8.0,6.0,5.0,7.0,19.5,17.625
2026-07-24 15:00:00,15,4,0,16,4,10,198,18,4,13,6,71,23.0,18.0,19.0,19.0,6.0,5.0,5.0,5.0,29.0,32.0,17.0,27.0,10.0,10.0,6.0,9.0,18.0,17.0,10.0,18.0,6.0,6.0,4.0,6.0,19.0,17.5
2026-07-24 16:00:00,16,4,0,20,6,9,198,20,7,12,6,80,16.0,24.0,15.0,16.0,4.0,6.0,4.0,4.0,18.0,39.0,20.0,17.0,4.0,14.0,4.0,5.0,13.0,26.0,12.0,12.0,6.0,8.0,5.0,5.0,19.833333333333332,17.666666666666668
2026-07-24 17:00:00,17,4,0,20,6,12,198,24,11,12,5,72,20.0,23.0,18.0,18.0,6.0,6.0,5.0,5.0,20.0,29.0,31.0,29.0,7.0,10.0,9.0,10.0,12.0,18.0,21.0,21.0,6.0,6.0,6.0,6.0,20.166666666666668,17.75
2026-07-24 18:00:00,18,4,0,22,7,7,198,27,10,14,5,70,20.0,16.0,18.0,23.0,6.0,4.0,5.0,7.0,24.0,18.0,32.0,32.0,11.0,4.0,10.0,10.0,12.0,13.0,17.0,22.0,5.0,6.0,6.0,7.0,20.833333333333332,17.708333333333332
2026-07-24 19:00:00,19,4,0,22,7,11,198,35,11,19,7,48,22.0,20.0,24.0,18.0,7.0,6.0,6.0,6.0,27.0,20.0,39.0,22.0,10.0,7.0,14.0,10.0,14.0,12.0,26.0,14.0,5.0,6.0,8.0,5.0,20.5,17.875
2026-07-24 20:00:00,20,4,0,12,4,8,198,21,8,14,5,55,22.0,20.0,23.0,19.0,7.0,6.0,6.0,6.0,35.0,24.0,29.0,27.0,11.0,11.0,10.0,10.0,19.0,12.0,18.0,14.0,7.0,5.0,6.0,8.0,18.666666666666668,17.583333333333332
2026-07-24 21:00:00,21,4,0,18,6,15,198,23,9,17,4,42,12.0,22.0,16.0,13.0,4.0,7.0,4.0,4.0,21.0,27.0,18.0,15.0,8.0,10.0,4.0,6.0,14.0,14.0,13.0,10.0,5.0,5.0,6.0,3.0,19.0,17.791666666666668
2026-07-24 22:00:00,22,4,0,11,4,13,198,13,4,7,4,48,18.0,22.0,20.0,18.0,6.0,7.0,6.0,6.0,23.0,35.0,20.0,26.0,9.0,11.0,7.0,11.0,17.0,19.0,12.0,17.0,4.0,7.0,6.0,5.0,17.5,17.5
2026-07-24 23:00:00,23,4,0,20,7,9,198,21,8,14,4,49,11.0,12.0,20.0,19.0,4.0,4.0,6.0,6.0,13.0,21.0,24.0,28.0,4.0,8.0,11.0,6.0,7.0,14.0,12.0,19.0,4.0,5.0,5.0,6.0,17.5,17.541666666666668
2026-07-25 00:00:00,0,5,1,18,6,9,198,19,6,9,2,48,20.0,18.0,22.0,12.0,7.0,6.0,7.0,4.0,21.0,23.0,27.0,17.0,8.0,9.0,10.0,7.0,14.0,17.0,14.0,13.0,4.0,4.0,5.0,5.0,16.833333333333332,17.791666666666668
2026-07-25 01:00:00,1,5,1,13,4,12,198,18,7,12,3,49,18.0,11.0,22.0,13.0,6.0,4.0,7.0,4.0,19.0,13.0,35.0,15.0,6.0,4.0,11.0,3.0,9.0,7.0,19.0,9.0,2.0,4.0,7.0,4.0,15.333333333333334,17.791666666666668
2026-07-25 02:00:00,2,5,1,17,6,16,198,17,6,12,1,46,13.0,20.0,12.0,13.0,4.0,7.0,4.0,4.0,18.0,21.0,21.0,20.0,7.0,8.0,8.0,7.0,12.0,14.0,14.0,17.0,3.0,4.0,5.0,4.0,16.166666666666668,17.958333333333332
2026-07-25 03:00:00,3,5,1,14,5,10,198,12,5,5,2,46,17.0,18.0,18.0,12.0,6.0,6.0,6.0,4.0,17.0,19.0,23.0,17.0,6.0,6.0,9.0,5.0,12.0,9.0,17.0,7.0,1.0,2.0,4.0,5.0,15.5,18.041666666666668
2026-07-25 04:00:00,4,5,1,12,4,6,198,16,4,10,2,48,14.0,13.0,11.0,20.0,5.0,4.0,4.0,6.0,12.0,18.0,13.0,26.0,5.0,7.0,4.0,10.0,5.0,12.0,7.0,17.0,2.0,3.0,4.0,5.0,15.666666666666666,17.708333333333332
2026-07-25 05:00:00,5,5,1,11,3,10,198,11,3,8,0,45,12.0,17.0,20.0,13.0,4.0,6.0,7.0,4.0,16.0,17.0,21.0,20.0,4.0,6.0,8.0,7.0,10.0,12.0,14.0,11.0,2.0,1.0,4.0,5.0,14.166666666666666,17.625
2026-07-25 06:00:00,6,5,1,12,4,8,198,9,5,0,1,48,11.0,14.0,18.0,27.0,3.0,5.0,6.0,8.0,11.0,12.0,19.0,34.0,3.0,5.0,6.0,14.0,8.0,5.0,9.0,17.0,0.0,2.0,2.0,6.0,13.166666666666666,17.0
2026-07-25 07:00:00,7,5,1,11,3,10,198,9,3,8,1,73,12.0,12.0,13.0,18.0,4.0,4.0,4.0,5.0,9.0,16.0,18.0,25.0,5.0,4.0,7.0,7.0,0.0,10.0,12.0,15.0,1.0,2.0,3.0,4.0,12.833333333333334,16.708333333333332
2026-07-25 08:00:00,8,5,1,22,6,4,198,22,8,14,1,73,11.0,11.0,17.0,15.0,3.0,3.0,6.0,4.0,9.0,11.0,17.0,17.0,3.0,3.0,6.0,7.0,8.0,8.0,12.0,8.0,1.0,0.0,1.0,5.0,13.666666666666666,17.0
2026-07-25 09:00:00,9,5,1,12,3,10,198,13,4,9,2,75,22.0,12.0,14.0,19.0,6.0,4.0,5.0,5.0,22.0,9.0,12.0,17.0,8.0,5.0,5.0,6.0,14.0,0.0,5.0,10.0,1.0,1.0,2.0,4.0,13.333333333333334,16.708333333333332
2026-07-25 10:00:00,10,5,1,19,5,11,198,24,9,14,2,69,12.0,11.0,12.0,15.0,3.0,3.0,4.0,4.0,13.0,9.0,16.0,20.0,4.0,3.0,4.0,4.0,9.0,8.0,10.0,12.0,2.0,1.0,2.0,5.0,14.5,16.875
2026-07-25 11:00:00,11,5,1,22,6,4,198,24,7,11,2,73,19.0,22.0,11.0,18.0,5.0,6.0,3.0,5.0,24.0,22.0,11.0,31.0,9.0,8.0,3.0,9.0,14.0,14.0,8.0,21.0,2.0,1.0,0.0,6.0,16.333333333333332,17.041666666666668
2026-07-25 12:00:00,12,5,1,22,6,5,198,22,7,15,3,81,22.0,12.0,12.0,18.0,6.0,3.0,4.0,5.0,24.0,13.0,9.0,32.0,7.0,4.0,5.0,10.0,11.0,9.0,0.0,17.0,2.0,2.0,1.0,6.0,18.0,17.208333333333332
2026-07-25 13:00:00,13,5,1,21,5,9,198,25,10,15,4,71,22.0,19.0,11.0,24.0,6.0,5.0,3.0,6.0,22.0,24.0,9.0,39.0,7.0,9.0,3.0,14.0,15.0,14.0,8.0,26.0,3.0,2.0,1.0,8.0,19.666666666666668,17.083333333333332
2026-07-25 14:00:00,14,5,1,27,7,9,198,30,12,19,4,78,21.0,22.0,22.0,23.0,5.0,6.0,6.0,6.0,25.0,24.0,22.0,29.0,10.0,7.0,8.0,10.0,15.0,11.0,14.0,18.0,4.0,2.0,1.0,6.0,20.5,17.25
2026-07-25 15:00:00,15,5,1,16,4,8,198,13,4,10,1,74,27.0,22.0,12.0,16.0,7.0,6.0,3.0,4.0,30.0,22.0,13.0,18.0,12.0,7.0,4.0,4.0,19.0,15.0,9.0,13.0,4.0,3.0,2.0,6.0,21.166666666666668,17.25
2026-07-25 16:00:00,16,5,1,14,4,12,198,14,8,10,3,72,16.0,21.0,19.0,20.0,4.0,5.0,5.0,6.0,13.0,25.0,24.0,20.0,4.0,10.0,9.0,7.0,10.0,15.0,14.0,12.0,1.0,4.0,2.0,6.0,20.333333333333332,17.0
2026-07-25 17:00:00,17,5,1,14,4,7,198,17,6,14,2,70,14.0,27.0,22.0,20.0,4.0,7.0,6.0,6.0,14.0,30.0,24.0,24.0,8.0,12.0,7.0,11.0,10.0,19.0,11.0,12.0,3.0,4.0,2.0,5.0,19.0,16.75
2026-07-25 18:00:00,18,5,1,14,4,10,198,20,5,13,3,74,14.0,16.0,22.0,22.0,4.0,4.0,6.0,7.0,17.0,13.0,22.0,27.0,6.0,4.0,7.0,10.0,14.0,10.0,15.0,14.0,2.0,1.0,3.0,5.0,17.666666666666668,16.416666666666668
2026-07-25 19:00:00,19,5,1,20,6,14,198,22,8,12,2,52,14.0,14.0,21.0,22.0,4.0,4.0,5.0,7.0,20.0,14.0,25.0,35.0,5.0,8.0,10.0,11.0,13.0,10.0,15.0,19.0,3.0,3.0,4.0,7.0,17.5,16.333333333333332
2026-07-25 20:00:00,20,5,1,19,6,10,198,24,8,15,2,47,20.0,14.0,27.0,12.0,6.0,4.0,7.0,4.0,22.0,17.0,30.0,21.0,8.0,6.0,12.0,8.0,12.0,14.0,19.0,14.0,2.0,2.0,4.0,5.0,16.166666666666668,16.625
2026-07-25 21:00:00,21,5,1,13,4,10,198,13,5,9,2,48,19.0,14.0,16.0,18.0,6.0,4.0,4.0,6.0,24.0,20.0,13.0,23.0,8.0,5.0,4.0,9.0,15.0,13.0,10.0,17.0,2.0,3.0,1.0,4.0,15.666666666666666,16.416666666666668
2026-07-25 22:00:00,22,5,1,11,4,17,198,18,6,13,2,51,13.0,20.0,14.0,11.0,4.0,6.0,4.0,4.0,13.0,22.0,14.0,13.0,5.0,8.0,8.0,4.0,9.0,12.0,10.0,7.0,2.0,2.0,3.0,4.0,15.166666666666666,16.416666666666668
2026-07-25 23:00:00,23,5,1,11,4,9,198,8,3,2,1,49,11.0,19.0,14.0,20.0,4.0,6.0,4.0,7.0,18.0,24.0,17.0,21.0,6.0,8.0,6.0,8.0,13.0,15.0,14.0,14.0,2.0,2.0,2.0,4.0,14.666666666666666,16.041666666666668
2026-07-26 00:00:00,0,6,1,18,6,10,198,16,5,10,2,43,11.0,13.0,14.0,18.0,4.0,4.0,4.0,6.0,8.0,13.0,20.0,19.0,3.0,5.0,5.0,6.0,2.0,9.0,13.0,9.0,1.0,2.0,3.0,2.0,15.333333333333334,16.041666666666668
2026-07-26 01:00:00,1,6,1,10,3,6,198,7,4,8,2,48,18.0,11.0,20.0,13.0,6.0,4.0,6.0,4.0,16.0,18.0,22.0,18.0,5.0,6.0,8.0,7.0,10.0,13.0,12.0,12.0,2.0,2.0,2.0,3.0,13.666666666666666,15.916666666666666
2026-07-26 02:00:00,2,6,1,6,2,8,198,9,1,5,3,53,10.0,11.0,19.0,17.0,3.0,4.0,6.0,6.0,7.0,8.0,24.0,17.0,4.0,3.0,8.0,6.0,8.0,2.0,15.0,12.0,2.0,1.0,2.0,1.0,11.5,15.458333333333334
2026-07-26 03:00:00,3,6,1,9,3,9,198,11,2,9,3,48,6.0,18.0,13.0,14.0,2.0,6.0,4.0,5.0,9.0,16.0,13.0,12.0,1.0,5.0,5.0,5.0,5.0,10.0,9.0,5.0,3.0,2.0,2.0,2.0,10.833333333333334,15.25
2026-07-26 04:00:00,4,6,1,12,4,10,198,13,5,9,1,40,9.0,10.0,11.0,12.0,3.0,3.0,4.0,4.0,11.0,7.0,18.0,16.0,2.0,4.0,6.0,4.0,9.0,8.0,13.0,10.0,3.0,2.0,2.0,2.0,11.0,15.25
2026-07-26 05:00:00,5,6,1,17,5,4,198,19,9,14,2,49,12.0,6.0,11.0,11.0,4.0,2.0,4.0,3.0,13.0,9.0,8.0,11.0,5.0,1.0,3.0,3.0,9.0,5.0,2.0,8.0,1.0,3.0,1.0,0.0,12.0,15.5
2026-07-26 06:00:00,6,6,1,12,4,5,198,12,4,6,3,47,17.0,9.0,18.0,12.0,5.0,3.0,6.0,4.0,19.0,11.0,16.0,9.0,9.0,2.0,5.0,5.0,14.0,9.0,10.0,0.0,2.0,3.0,2.0,1.0,11.0,15.5
2026-07-26 07:00:00,7,6,1,11,3,3,198,13,5,6,3,69,12.0,12.0,10.0,11.0,4.0,4.0,3.0,3.0,12.0,13.0,7.0,9.0,4.0,5.0,4.0,3.0,6.0,9.0,8.0,8.0,3.0,1.0,2.0,1.0,11.166666666666666,15.5
2026-07-26 08:00:00,8,6,1,19,5,11,198,18,8,11,2,69,11.0,17.0,6.0,22.0,3.0,5.0,2.0,6.0,13.0,19.0,9.0,22.0,5.0,9.0,1.0,8.0,6.0,14.0,5.0,14.0,3.0,2.0,3.0,1.0,13.333333333333334,15.375
2026-07-26 09:00:00,9,6,1,20,5,7,198,15,7,6,2,77,19.0,12.0,9.0,12.0,5.0,4.0,3.0,3.0,18.0,12.0,11.0,13.0,8.0,4.0,2.0,4.0,11.0,6.0,9.0,9.0,2.0,3.0,3.0,2.0,15.166666666666666,15.708333333333334
2026-07-26 10:00:00,10,6,1,22,6,0,198,21,7,12,3,72,20.0,11.0,12.0,19.0,5.0,3.0,4.0,5.0,15.0,13.0,13.0,24.0,7.0,5.0,5.0,9.0,6.0,6.0,9.0,14.0,2.0,3.0,1.0,2.0,16.833333333333332,15.833333333333334
2026-07-26 11:00:00,11,6,1,18,5,8,198,15,4,10,1,71,22.0,19.0,17.0,22.0,6.0,5.0,5.0,6.0,21.0,18.0,19.0,24.0,7.0,8.0,9.0,7.0,12.0,11.0,14.0,11.0,3.0,2.0,2.0,2.0,17.0,15.666666666666666
2026-07-26 12:00:00,12,6,1,24,6,12,198,28,6,21,2,74,18.0,20.0,12.0,22.0,5.0,5.0,4.0,6.0,15.0,15.0,12.0,22.0,4.0,7.0,4.0,7.0,10.0,6.0,6.0,15.0,1.0,2.0,3.0,3.0,19.0,15.75
2026-07-26 13:00:00,13,6,1,22,6,9,198,24,8,16,3,72,24.0,22.0,11.0,21.0,6.0,6.0,3.0,5.0,28.0,21.0,13.0,25.0,6.0,7.0,5.0,10.0,21.0,12.0,6.0,15.0,2.0,3.0,3.0,4.0,20.833333333333332,15.791666666666666
2026-07-26 14:00:00,14,6,1,21,6,5,198,25,10,17,3,74,22.0,18.0,19.0,27.0,6.0,5.0,5.0,7.0,24.0,15.0,18.0,30.0,8.0,4.0,8.0,12.0,16.0,10.0,11.0,19.0,3.0,1.0,2.0,4.0,21.166666666666668,15.541666666666666
2026-07-26 15:00:00,15,6,1,15,4,12,198,12,3,10,2,73,21.0,24.0,20.0,16.0,6.0,6.0,5.0,4.0,25.0,28.0,15.0,13.0,10.0,6.0,7.0,4.0,17.0,21.0,6.0,10.0,3.0,2.0,2.0,1.0,20.333333333333332,15.5
2026-07-26 16:00:00,16,6,1,16,4,8,198,22,8,12,3,70,15.0,22.0,22.0,14.0,4.0,6.0,6.0,4.0,12.0,24.0,21.0,14.0,3.0,8.0,7.0,8.0,10.0,16.0,12.0,10.0,2.0,3.0,3.0,3.0,19.333333333333332,15.583333333333334
2026-07-26 17:00:00,17,6,1,22,6,11,198,26,7,16,2,72,16.0,21.0,18.0,14.0,4.0,6.0,5.0,4.0,22.0,25.0,15.0,17.0,8.0,10.0,4.0,6.0,12.0,17.0,10.0,14.0,3.0,3.0,1.0,2.0,20.0,15.916666666666666
2026-07-26 18:00:00,18,6,1,18,5,12,198,14,5,14,3,75,22.0,15.0,24.0,14.0,6.0,4.0,6.0,4.0,26.0,12.0,28.0,20.0,7.0,3.0,6.0,5.0,16.0,10.0,21.0,13.0,2.0,2.0,2.0,3.0,19.0,16.083333333333332
2026-07-26 19:00:00,19,6,1,16,5,13,198,15,6,9,2,48,18.0,16.0,22.0,20.0,5.0,4.0,6.0,6.0,14.0,22.0,24.0,22.0,5.0,8.0,8.0,8.0,14.0,12.0,16.0,12.0,3.0,3.0,3.0,2.0,18.0,15.916666666666666
2026-07-26 20:00:00,20,6,1,18,6,14,198,20,6,15,2,48,16.0,22.0,21.0,19.0,5.0,6.0,6.0,6.0,15.0,26.0,25.0,24.0,6.0,7.0,10.0,8.0,9.0,16.0,17.0,15.0,2.0,2.0,3.0,2.0,17.5,15.875
2026-07-26 21:00:00,21,6,1,23,8,11,198,25,9,17,2,54,18.0,18.0,15.0,13.0,6.0,5.0,4.0,4.0,20.0,14.0,12.0,13.0,6.0,5.0,3.0,5.0,15.0,14.0,10.0,9.0,2.0,3.0,2.0,2.0,18.833333333333332,16.291666666666668
2026-07-26 22:00:00,22,6,1,14,5,10,198,13,4,5,2,50,23.0,16.0,16.0,11.0,8.0,5.0,4.0,4.0,25.0,15.0,22.0,18.0,9.0,6.0,8.0,6.0,17.0,9.0,12.0,13.0,2.0,2.0,3.0,2.0,18.5,16.416666666666668
2026-07-26 23:00:00,23,6,1,16,5,8,198,16,7,11,2,51,14.0,18.0,22.0,11.0,5.0,6.0,6.0,4.0,13.0,20.0,26.0,8.0,4.0,6.0,7.0,3.0,5.0,15.0,16.0,2.0,2.0,2.0,2.0,1.0,17.5,16.625
2026-07-27 00:00:00,0,0,0,12,4,7,198,17,6,11,5,48,16.0,23.0,18.0,18.0,5.0,8.0,5.0,6.0,16.0,25.0,14.0,16.0,7.0,9.0,5.0,5.0,11.0,17.0,14.0,10.0,2.0,2.0,3.0,2.0,16.5,16.375
2026-07-27 01:00:00,1,0,0,15,5,12,198,20,7,13,4,49,12.0,14.0,16.0,10.0,4.0,5.0,5.0,3.0,17.0,13.0,15.0,7.0,6.0,4.0,6.0,4.0,11.0,5.0,9.0,8.0,5.0,2.0,2.0,2.0,16.333333333333332,16.583333333333332
2026-07-27 02:00:00,2,0,0,10,3,9,198,22,9,12,6,47,15.0,16.0,18.0,6.0,5.0,5.0,6.0,2.0,20.0,16.0,20.0,9.0,7.0,7.0,6.0,1.0,13.0,11.0,15.0,5.0,4.0,2.0,2.0,3.0,15.0,16.75
2026-07-27 03:00:00,3,0,0,13,4,6,198,19,7,10,6,50,10.0,12.0,23.0,9.0,3.0,4.0,8.0,3.0,22.0,17.0,25.0,11.0,9.0,6.0,9.0,2.0,12.0,11.0,17.0,9.0,6.0,5.0,2.0,3.0,13.333333333333334,16.916666666666668
2026-07-27 04:00:00,4,0,0,19,6,12,198,24,7,14,3,48,13.0,15.0,14.0,12.0,4.0,5.0,5.0,4.0,19.0,20.0,13.0,13.0,7.0,7.0,4.0,5.0,10.0,13.0,5.0,9.0,6.0,4.0,2.0,1.0,14.166666666666666,17.208333333333332
2026-07-27 05:00:00,5,0,0,16,5,12,198,18,6,11,4,49,19.0,10.0,16.0,17.0,6.0,3.0,5.0,5.0,24.0,22.0,16.0,19.0,7.0,9.0,7.0,9.0,14.0,12.0,11.0,14.0,3.0,6.0,2.0,2.0,14.166666666666666,17.166666666666668
2026-07-27 06:00:00,6,0,0,15,4,5,198,17,6,13,4,48,16.0,13.0,12.0,12.0,5.0,4.0,4.0,4.0,18.0,19.0,17.0,12.0,6.0,7.0,6.0,4.0,11.0,10.0,11.0,6.0,4.0,6.0,5.0,3.0,14.666666666666666,17.291666666666668
2026-07-27 07:00:00,7,0,0,12,3,8,198,19,6,15,4,74,15.0,19.0,15.0,11.0,4.0,6.0,5.0,3.0,17.0,24.0,20.0,13.0,6.0,7.0,7.0,5.0,13.0,14.0,13.0,6.0,4.0,3.0,4.0,3.0,14.166666666666666,17.333333333333332
2026-07-27 08:00:00,8,0,0,18,5,7,198,30,14,21,7,83,12.0,16.0,10.0,19.0,3.0,5.0,3.0,5.0,19.0,18.0,22.0,18.0,6.0,6.0,9.0,8.0,15.0,11.0,12.0,11.0,4.0,4.0,6.0,2.0,15.5,17.291666666666668
2026-07-27 09:00:00,9,0,0,16,4,5,198,25,9,17,5,72,18.0,15.0,13.0,20.0,5.0,4.0,4.0,5.0,30.0,17.0,19.0,15.0,14.0,6.0,7.0,7.0,21.0,13.0,10.0,6.0,7.0,4.0,6.0,2.0,16.0,17.125
2026-07-27 10:00:00,10,0,0,12,3,6,198,16,2,8,6,72,16.0,12.0,19.0,22.0,4.0,3.0,6.0,6.0,25.0,19.0,24.0,21.0,9.0,6.0,7.0,7.0,17.0,15.0,14.0,12.0,5.0,4.0,3.0,3.0,14.833333333333334,16.708333333333332
2026-07-27 11:00:00,11,0,0,22,6,5,198,28,9,17,6,76,12.0,18.0,16.0,18.0,3.0,5.0,5.0,5.0,16.0,30.0,18.0,15.0,2.0,14.0,6.0,4.0,8.0,21.0,11.0,10.0,6.0,7.0,4.0,1.0,15.833333333333334,16.875
2026-07-27 12:00:00,12,0,0,16,4,14,198,25,5,16,5,72,22.0,16.0,15.0,24.0,6.0,4.0,4.0,6.0,28.0,25.0,17.0,28.0,9.0,9.0,6.0,6.0,17.0,17.0,13.0,21.0,6.0,5.0,4.0,2.0,16.0,16.541666666666668
2026-07-27 13:00:00,13,0,0,18,5,10,198,24,8,14,5,73,16.0,12.0,12.0,22.0,4.0,3.0,3.0,6.0,25.0,16.0,19.0,24.0,5.0,2.0,6.0,8.0,16.0,8.0,15.0,16.0,5.0,6.0,4.0,3.0,17.0,16.375
2026-07-27 14:00:00,14,0,0,28,7,7,198,29,7,19,5,71,18.0,22.0,18.0,21.0,5.0,6.0,5.0,6.0,24.0,28.0,30.0,25.0,8.0,9.0,14.0,10.0,14.0,17.0,21.0,17.0,5.0,6.0,7.0,3.0,18.666666666666668,16.666666666666668
2026-07-27 15:00:00,15,0,0,26,7,5,198,32,10,21,5,75,28.0,16.0,16.0,15.0,7.0,4.0,4.0,4.0,29.0,25.0,25.0,12.0,7.0,5.0,9.0,3.0,19.0,16.0,17.0,10.0,5.0,5.0,5.0,2.0,20.333333333333332,17.125
2026-07-27 16:00:00,16,0,0,18,5,10,198,18,4,12,3,76,26.0,18.0,12.0,16.0,7.0,5.0,3.0,4.0,32.0,24.0,16.0,22.0,10.0,8.0,2.0,8.0,21.0,14.0,8.0,12.0,5.0,5.0,6.0,3.0,21.333333333333332,17.208333333333332
2026-07-27 17:00:00,17,0,0,12,3,10,198,26,9,18,6,73,18.0,28.0,22.0,22.0,5.0,7.0,6.0,6.0,18.0,29.0,28.0,26.0,4.0,7.0,9.0,7.0,12.0,19.0,17.0,16.0,3.0,5.0,6.0,2.0,19.666666666666668,16.791666666666668
2026-07-27 18:00:00,18,0,0,11,3,7,198,28,9,16,8,76,12.0,26.0,16.0,18.0,3.0,7.0,4.0,5.0,26.0,32.0,25.0,14.0,9.0,10.0,5.0,5.0,18.0,21.0,16.0,14.0,6.0,5.0,5.0,3.0,18.833333333333332,16.5
2026-07-27 19:00:00,19,0,0,15,5,12,198,25,9,17,6,42,11.0,18.0,18.0,16.0,3.0,5.0,5.0,5.0,28.0,18.0,24.0,15.0,9.0,4.0,8.0,6.0,16.0,12.0,14.0,9.0,8.0,3.0,5.0,2.0,18.333333333333332,16.458333333333332
2026-07-27 20:00:00,20,0,0,14,4,9,198,23,7,13,4,46,15.0,12.0,28.0,18.0,5.0,3.0,7.0,6.0,25.0,26.0,29.0,20.0,9.0,9.0,7.0,6.0,17.0,18.0,19.0,15.0,6.0,6.0,5.0,2.0,16.0,16.291666666666668
2026-07-27 21:00:00,21,0,0,12,4,9,198,17,4,9,4,47,14.0,11.0,26.0,23.0,4.0,3.0,7.0,8.0,23.0,28.0,32.0,25.0,7.0,9.0,10.0,9.0,13.0,16.0,21.0,17.0,4.0,8.0,5.0,2.0,13.666666666666666,15.833333333333334
2026-07-27 22:00:00,22,0,0,27,9,15,198,32,12,21,4,44,12.0,15.0,18.0,14.0,4.0,5.0,5.0,5.0,17.0,25.0,18.0,13.0,4.0,9.0,4.0,4.0,9.0,17.0,12.0,5.0,4.0,6.0,3.0,2.0,15.166666666666666,16.375
2026-07-27 23:00:00,23,0,0,12,4,10,198,21,10,15,4,43,27.0,14.0,12.0,16.0,9.0,4.0,3.0,5.0,32.0,23.0,26.0,16.0,12.0,7.0,9.0,7.0,21.0,13.0,18.0,11.0,4.0,4.0,6.0,2.0,15.166666666666666,16.208333333333332
2026-07-28 00:00:00,0,1,0,12,4,12,198,19,7,13,5,47,12.0,12.0,11.0,12.0,4.0,4.0,3.0,4.0,21.0,17.0,28.0,17.0,10.0,4.0,9.0,6.0,15.0,9.0,16.0,11.0,4.0,4.0,8.0,5.0,15.333333333333334,16.208333333333332
2026-07-28 01:00:00,1,1,0,11,4,7,198,17,5,11,5,50,12.0,27.0,15.0,15.0,4.0,9.0,5.0,5.0,19.0,32.0,25.0,20.0,7.0,12.0,9.0,7.0,13.0,21.0,17.0,13.0,5.0,4.0,6.0,4.0,14.666666666666666,16.041666666666668
2026-07-28 02:00:00,2,1,0,11,4,5,198,9,1,6,3,52,11.0,12.0,14.0,10.0,4.0,4.0,4.0,3.0,17.0,21.0,23.0,22.0,5.0,10.0,7.0,9.0,11.0,15.0,13.0,12.0,5.0,4.0,4.0,6.0,14.166666666666666,16.083333333333332
2026-07-28 03:00:00,3,1,0,16,5,12,198,22,6,14,5,46,11.0,12.0,12.0,13.0,4.0,4.0,4.0,4.0,9.0,19.0,17.0,19.0,1.0,7.0,4.0,7.0,6.0,13.0,9.0,10.0,3.0,5.0,4.0,6.0,14.833333333333334,16.208333333333332
2026-07-28 04:00:00,4,1,0,11,4,8,198,22,8,11,6,50,16.0,11.0,27.0,19.0,5.0,4.0,9.0,6.0,22.0,17.0,32.0,24.0,6.0,5.0,12.0,7.0,14.0,11.0,21.0,14.0,5.0,5.0,4.0,3.0,12.166666666666666,15.875
2026-07-28 05:00:00,5,1,0,10,3,5,198,22,9,11,6,50,11.0,11.0,12.0,16.0,4.0,4.0,4.0,5.0,22.0,9.0,21.0,18.0,8.0,1.0,10.0,6.0,11.0,6.0,15.0,11.0,6.0,3.0,4.0,4.0,11.833333333333334,15.625
2026-07-28 06:00:00,6,1,0,21,6,17,198,31,11,19,7,52,10.0,16.0,12.0,15.0,3.0,5.0,4.0,4.0,22.0,22.0,19.0,17.0,9.0,6.0,7.0,6.0,11.0,14.0,13.0,13.0,6.0,5.0,5.0,4.0,13.333333333333334,15.875
2026-07-28 07:00:00,7,1,0,10,3,7,198,14,6,9,4,73,21.0,11.0,11.0,12.0,6.0,4.0,4.0,3.0,31.0,22.0,17.0,19.0,11.0,8.0,5.0,6.0,19.0,11.0,11.0,15.0,7.0,6.0,5.0,4.0,13.166666666666666,15.791666666666666
2026-07-28 08:00:00,8,1,0,15,4,7,198,20,8,12,8,69,10.0,10.0,11.0,18.0,3.0,3.0,4.0,5.0,14.0,22.0,9.0,30.0,6.0,9.0,1.0,14.0,9.0,11.0,6.0,21.0,4.0,6.0,3.0,7.0,13.833333333333334,15.666666666666666
2026-07-28 09:00:00,9,1,0,23,6,5,198,27,10,18,5,74,15.0,21.0,16.0,16.0,4.0,6.0,5.0,4.0,20.0,31.0,22.0,25.0,8.0,11.0,6.0,9.0,12.0,19.0,14.0,17.0,8.0,7.0,5.0,5.0,15.0,15.958333333333334
2026-07-28 10:00:00,10,1,0,20,5,7,198,25,7,15,5,71,23.0,10.0,11.0,12.0,6.0,3.0,4.0,3.0,27.0,14.0,22.0,16.0,10.0,6.0,8.0,2.0,18.0,9.0,11.0,8.0,5.0,4.0,6.0,6.0,16.5,16.291666666666668
2026-07-28 11:00:00,11,1,0,14,4,8,198,21,7,14,6,72,20.0,15.0,10.0,22.0,5.0,4.0,3.0,6.0,25.0,20.0,22.0,28.0,7.0,8.0,9.0,9.0,15.0,12.0,11.0,17.0,5.0,8.0,6.0,6.0,17.166666666666668,15.958333333333334
2026-07-28 12:00:00,12,1,0,17,4,7,198,25,7,15,5,73,14.0,23.0,21.0,16.0,4.0,6.0,6.0,4.0,21.0,27.0,31.0,25.0,7.0,10.0,11.0,5.0,14.0,18.0,19.0,16.0,6.0,5.0,7.0,5.0,16.5,16.0
2026-07-28 13:00:00,13,1,0,13,3,2,198,27,9,20,6,73,17.0,20.0,10.0,18.0,4.0,5.0,3.0,5.0,25.0,25.0,14.0,24.0,7.0,7.0,6.0,8.0,15.0,15.0,9.0,14.0,5.0,5.0,4.0,5.0,17.0,15.791666666666666
2026-07-28 14:00:00,14,1,0,18,5,11,198,22,8,14,4,74,13.0,14.0,15.0,28.0,3.0,4.0,4.0,7.0,27.0,21.0,20.0,29.0,9.0,7.0,8.0,7.0,20.0,14.0,12.0,19.0,6.0,6.0,8.0,5.0,17.5,15.375
2026-07-28 15:00:00,15,1,0,11,3,9,198,19,9,16,6,76,18.0,17.0,23.0,26.0,5.0,4.0,6.0,7.0,22.0,25.0,27.0,32.0,8.0,7.0,10.0,10.0,14.0,15.0,18.0,21.0,4.0,5.0,5.0,5.0,15.5,14.75
2026-07-28 16:00:00,16,1,0,20,6,7,198,28,8,18,7,73,11.0,13.0,20.0,18.0,3.0,3.0,5.0,5.0,19.0,27.0,25.0,18.0,9.0,9.0,7.0,4.0,16.0,20.0,15.0,12.0,6.0,6.0,5.0,3.0,15.5,14.833333333333334
2026-07-28 17:00:00,17,1,0,21,6,11,198,28,10,17,6,75,20.0,18.0,14.0,12.0,6.0,5.0,4.0,3.0,28.0,22.0,21.0,26.0,8.0,8.0,7.0,9.0,18.0,14.0,14.0,18.0,7.0,4.0,6.0,6.0,16.666666666666668,15.208333333333334
2026-07-28 18:00:00,18,1,0,17,5,10,198,22,10,12,6,74,21.0,11.0,17.0,11.0,6.0,3.0,4.0,3.0,28.0,19.0,25.0,28.0,10.0,9.0,7.0,9.0,17.0,16.0,15.0,16.0,6.0,6.0,5.0,8.0,16.666666666666668,15.458333333333334
2026-07-28 19:00:00,19,1,0,25,8,5,198,32,12,17,6,51,17.0,20.0,13.0,15.0,5.0,6.0,3.0,5.0,22.0,28.0,27.0,25.0,10.0,8.0,9.0,9.0,12.0,18.0,20.0,17.0,6.0,7.0,6.0,6.0,18.666666666666668,15.875
2026-07-28 20:00:00,20,1,0,13,4,5,198,23,9,12,6,47,25.0,21.0,18.0,14.0,8.0,6.0,5.0,4.0,32.0,28.0,22.0,23.0,12.0,10.0,8.0,7.0,17.0,17.0,14.0,13.0,6.0,6.0,4.0,4.0,17.833333333333332,15.833333333333334
2026-07-28 21:00:00,21,1,0,20,7,7,198,23,9,13,3,48,13.0,17.0,11.0,12.0,4.0,5.0,3.0,4.0,23.0,22.0,19.0,17.0,9.0,10.0,9.0,4.0,12.0,12.0,16.0,9.0,6.0,6.0,6.0,4.0,19.333333333333332,16.166666666666668
2026-07-28 22:00:00,22,1,0,16,5,10,198,23,10,15,5,47,20.0,25.0,20.0,27.0,7.0,8.0,6.0,9.0,23.0,32.0,28.0,32.0,9.0,12.0,8.0,12.0,13.0,17.0,18.0,21.0,3.0,6.0,7.0,4.0,18.666666666666668,15.708333333333334
2026-07-28 23:00:00,23,1,0,13,4,6,198,19,5,11,4,48,16.0,13.0,21.0,12.0,5.0,4.0,6.0,4.0,23.0,23.0,28.0,21.0,10.0,9.0,10.0,10.0,15.0,12.0,17.0,15.0,5.0,6.0,6.0,4.0,17.333333333333332,15.75
2026-07-29 00:00:00,0,2,0,13,4,11,198,14,3,9,5,46,13.0,20.0,17.0,12.0,4.0,7.0,5.0,4.0,19.0,23.0,22.0,19.0,5.0,9.0,10.0,7.0,11.0,13.0,12.0,13.0,4.0,3.0,6.0,5.0,16.666666666666668,15.791666666666666
2026-07-29 01:00:00,1,2,0,14,5,12,198,22,7,16,5,45,13.0,16.0,25.0,11.0,4.0,5.0,8.0,4.0,14.0,23.0,32.0,17.0,3.0,10.0,12.0,5.0,9.0,15.0,17.0,11.0,5.0,5.0,6.0,5.0,14.833333333333334,15.916666666666666
2026-07-29 02:00:00,2,2,0,9,3,11,198,11,1,7,3,50,14.0,13.0,13.0,11.0,5.0,4.0,4.0,4.0,22.0,19.0,23.0,9.0,7.0,5.0,9.0,1.0,16.0,11.0,12.0,6.0,5.0,4.0,6.0,3.0,14.166666666666666,15.833333333333334
2026-07-29 03:00:00,3,2,0,23,8,13,198,21,10,17,3,45,9.0,13.0,20.0,16.0,3.0,4.0,7.0,5.0,11.0,14.0,23.0,22.0,1.0,3.0,9.0,6.0,7.0,9.0,13.0,14.0,3.0,5.0,3.0,5.0,14.666666666666666,16.125
2026-07-29 04:00:00,4,2,0,15,5,6,198,13,7,6,2,47,23.0,14.0,16.0,11.0,8.0,5.0,5.0,4.0,21.0,22.0,23.0,22.0,10.0,7.0,10.0,8.0,17.0,16.0,15.0,11.0,3.0,5.0,5.0,6.0,14.5,16.291666666666668
2026-07-29 05:00:00,5,2,0,15,5,10,198,21,7,13,4,51,15.0,9.0,13.0,10.0,5.0,3.0,4.0,3.0,13.0,11.0,19.0,22.0,7.0,1.0,5.0,9.0,6.0,7.0,11.0,11.0,2.0,3.0,4.0,6.0,14.833333333333334,16.5
2026-07-29 06:00:00,6,2,0,12,4,10,198,20,6,11,6,47,15.0,23.0,13.0,21.0,5.0,8.0,4.0,6.0,21.0,21.0,14.0,31.0,7.0,10.0,3.0,11.0,13.0,17.0,9.0,19.0,4.0,3.0,5.0,7.0,14.666666666666666,16.125
2026-07-29 07:00:00,7,2,0,15,4,10,198,16,5,12,5,76,12.0,15.0,14.0,10.0,4.0,5.0,5.0,3.0,20.0,13.0,22.0,14.0,6.0,7.0,7.0,6.0,11.0,6.0,16.0,9.0,6.0,2.0,5.0,4.0,14.833333333333334,16.333333333333332
2026-07-29 08:00:00,8,2,0,12,3,6,198,17,6,6,3,72,15.0,15.0,9.0,15.0,4.0,5.0,3.0,4.0,16.0,21.0,11.0,20.0,5.0,7.0,1.0,8.0,12.0,13.0,7.0,12.0,5.0,4.0,3.0,8.0,15.333333333333334,16.208333333333332
2026-07-29 09:00:00,9,2,0,14,4,8,198,16,6,7,5,71,12.0,12.0,23.0,23.0,3.0,4.0,8.0,6.0,17.0,20.0,21.0,27.0,6.0,6.0,10.0,10.0,6.0,11.0,17.0,18.0,3.0,6.0,3.0,5.0,13.833333333333334,15.833333333333334
2026-07-29 10:00:00,10,2,0,15,4,6,198,20,8,12,4,69,14.0,15.0,15.0,20.0,4.0,4.0,5.0,5.0,16.0,16.0,13.0,25.0,6.0,5.0,7.0,7.0,7.0,12.0,6.0,15.0,5.0,5.0,2.0,5.0,13.833333333333334,15.625
2026-07-29 11:00:00,11,2,0,25,7,11,198,29,10,21,4,78,15.0,12.0,15.0,14.0,4.0,3.0,5.0,4.0,20.0,17.0,21.0,21.0,8.0,6.0,7.0,7.0,12.0,6.0,13.0,14.0,4.0,3.0,4.0,6.0,15.5,16.083333333333332
2026-07-29 12:00:00,12,2,0,22,6,8,198,32,12,20,6,71,25.0,14.0,12.0,17.0,7.0,4.0,4.0,4.0,29.0,16.0,20.0,25.0,10.0,6.0,6.0,7.0,21.0,7.0,11.0,15.0,4.0,5.0,6.0,5.0,17.166666666666668,16.291666666666668
2026-07-29 13:00:00,13,2,0,19,5,5,198,28,10,15,4,76,22.0,15.0,15.0,13.0,6.0,4.0,4.0,3.0,32.0,20.0,16.0,27.0,12.0,8.0,5.0,9.0,20.0,12.0,12.0,20.0,6.0,4.0,5.0,6.0,17.833333333333332,16.541666666666668
2026-07-29 14:00:00,14,2,0,19,5,3,198,24,7,12,7,71,19.0,25.0,12.0,18.0,5.0,7.0,3.0,5.0,28.0,29.0,17.0,22.0,10.0,10.0,6.0,8.0,15.0,21.0,6.0,14.0,4.0,4.0,3.0,4.0,19.0,16.583333333333332
2026-07-29 15:00:00,15,2,0,22,6,9,198,29,12,21,6,78,19.0,22.0,14.0,11.0,5.0,6.0,4.0,3.0,24.0,32.0,16.0,19.0,7.0,12.0,6.0,9.0,12.0,20.0,7.0,16.0,7.0,6.0,5.0,6.0,20.333333333333332,17.041666666666668
2026-07-29 16:00:00,16,2,0,25,7,6,198,31,9,18,6,81,22.0,19.0,15.0,20.0,6.0,5.0,4.0,6.0,29.0,28.0,20.0,28.0,12.0,10.0,8.0,8.0,21.0,15.0,12.0,18.0,6.0,4.0,4.0,7.0,22.0,17.25
2026-07-29 17:00:00,17,2,0,23,7,8,198,29,10,16,5,69,25.0,19.0,25.0,21.0,7.0,5.0,7.0,6.0,31.0,24.0,29.0,28.0,9.0,7.0,10.0,10.0,18.0,12.0,21.0,17.0,6.0,7.0,4.0,6.0,21.666666666666668,17.333333333333332
2026-07-29 18:00:00,18,2,0,16,5,8,198,24,10,18,6,71,23.0,22.0,22.0,17.0,7.0,6.0,6.0,5.0,29.0,29.0,32.0,22.0,10.0,12.0,12.0,10.0,16.0,21.0,20.0,12.0,5.0,6.0,6.0,6.0,20.666666666666668,17.291666666666668
2026-07-29 19:00:00,19,2,0,23,7,12,198,29,9,20,6,50,16.0,25.0,19.0,25.0,5.0,7.0,5.0,8.0,24.0,31.0,28.0,32.0,10.0,9.0,10.0,12.0,18.0,18.0,15.0,17.0,6.0,6.0,4.0,6.0,21.333333333333332,17.208333333333332
2026-07-29 20:00:00,20,2,0,21,7,12,198,27,10,19,6,50,23.0,23.0,19.0,13.0,7.0,7.0,5.0,4.0,29.0,29.0,24.0,23.0,9.0,10.0,7.0,9.0,20.0,16.0,12.0,12.0,6.0,5.0,7.0,6.0,21.666666666666668,17.541666666666668
2026-07-29 21:00:00,21,2,0,16,5,8,198,20,8,10,6,50,21.0,16.0,22.0,20.0,7.0,5.0,6.0,7.0,27.0,24.0,29.0,23.0,10.0,10.0,12.0,9.0,19.0,18.0,21.0,13.0,6.0,6.0,6.0,3.0,20.666666666666668,17.375
2026-07-29 22:00:00,22,2,0,10,3,13,198,20,5,9,5,46,16.0,23.0,25.0,16.0,5.0,7.0,7.0,5.0,20.0,29.0,31.0,23.0,8.0,9.0,9.0,10.0,10.0,20.0,18.0,15.0,6.0,6.0,6.0,5.0,18.166666666666668,17.125
2026-07-29 23:00:00,23,2,0,22,7,9,198,29,10,18,5,54,10.0,21.0,23.0,13.0,3.0,7.0,7.0,4.0,20.0,27.0,29.0,19.0,5.0,10.0,10.0,5.0,9.0,19.0,16.0,11.0,5.0,6.0,5.0,4.0,18.0,17.5
2026-07-30 00:00:00,0,3,0,12,4,13,198,20,6,13,4,48,22.0,16.0,16.0,13.0,7.0,5.0,5.0,4.0,29.0,20.0,24.0,14.0,10.0,8.0,10.0,3.0,18.0,10.0,18.0,9.0,5.0,6.0,6.0,5.0,17.333333333333332,17.458333333333332
2026-07-30 01:00:00,1,3,0,14,5,11,198,18,5,12,4,44,12.0,10.0,23.0,14.0,4.0,3.0,7.0,5.0,20.0,20.0,29.0,22.0,6.0,5.0,9.0,7.0,13.0,9.0,20.0,16.0,4.0,5.0,6.0,5.0,15.833333333333334,17.458333333333332
2026-07-30 02:00:00,2,3,0,17,6,10,198,19,10,15,4,47,14.0,22.0,21.0,9.0,5.0,7.0,7.0,3.0,18.0,29.0,27.0,11.0,5.0,10.0,10.0,1.0,12.0,18.0,19.0,7.0,4.0,5.0,6.0,3.0,15.166666666666666,17.791666666666668
2026-07-30 03:00:00,3,3,0,14,5,12,198,15,4,6,4,44,17.0,12.0,16.0,23.0,6.0,4.0,5.0,8.0,19.0,20.0,20.0,21.0,10.0,6.0,8.0,10.0,15.0,13.0,10.0,17.0,4.0,4.0,6.0,3.0,14.833333333333334,17.416666666666668
2026-07-30 04:00:00,4,3,0,18,6,11,198,23,9,16,4,53,14.0,14.0,10.0,15.0,5.0,5.0,3.0,5.0,15.0,18.0,20.0,13.0,4.0,5.0,5.0,7.0,6.0,12.0,9.0,6.0,4.0,4.0,5.0,2.0,16.166666666666668,17.541666666666668
2026-07-30 05:00:00,5,3,0,20,6,11,198,22,7,11,5,46,18.0,17.0,22.0,15.0,6.0,6.0,7.0,5.0,23.0,19.0,29.0,21.0,9.0,10.0,10.0,7.0,16.0,15.0,18.0,13.0,4.0,4.0,5.0,4.0,15.833333333333334,17.75
2026-07-30 06:00:00,6,3,0,14,4,6,198,28,7,19,6,49,20.0,14.0,12.0,12.0,6.0,5.0,4.0,4.0,22.0,15.0,20.0,20.0,7.0,4.0,6.0,6.0,11.0,6.0,13.0,11.0,5.0,4.0,4.0,6.0,16.166666666666668,17.833333333333332
2026-07-30 07:00:00,7,3,0,18,5,13,198,22,8,13,6,73,14.0,18.0,14.0,15.0,4.0,6.0,5.0,4.0,28.0,23.0,18.0,16.0,7.0,9.0,5.0,5.0,19.0,16.0,12.0,12.0,6.0,4.0,4.0,5.0,16.833333333333332,17.958333333333332
2026-07-30 08:00:00,8,3,0,18,5,5,198,23,9,13,4,72,18.0,20.0,17.0,12.0,5.0,6.0,6.0,3.0,22.0,22.0,19.0,17.0,8.0,7.0,10.0,6.0,13.0,11.0,15.0,6.0,6.0,5.0,4.0,3.0,17.0,18.208333333333332
2026-07-30 09:00:00,9,3,0,9,2,5,198,23,9,13,6,68,18.0,14.0,14.0,14.0,5.0,4.0,5.0,4.0,23.0,28.0,15.0,16.0,9.0,7.0,4.0,6.0,13.0,19.0,6.0,7.0,4.0,6.0,4.0,5.0,16.166666666666668,18.0
2026-07-30 10:00:00,10,3,0,20,5,10,198,27,11,14,5,76,9.0,18.0,18.0,15.0,2.0,5.0,6.0,4.0,23.0,22.0,23.0,20.0,9.0,8.0,9.0,8.0,13.0,13.0,16.0,12.0,6.0,6.0,4.0,4.0,16.5,18.208333333333332
2026-07-30 11:00:00,11,3,0,26,7,7,198,33,16,21,6,78,20.0,18.0,20.0,25.0,5.0,5.0,6.0,7.0,27.0,23.0,22.0,29.0,11.0,9.0,7.0,10.0,14.0,13.0,11.0,21.0,5.0,4.0,5.0,4.0,17.5,18.25
2026-07-30 12:00:00,12,3,0,17,4,11,198,20,7,11,5,71,26.0,9.0,14.0,22.0,7.0,2.0,4.0,6.0,33.0,23.0,28.0,32.0,16.0,9.0,7.0,12.0,21.0,13.0,19.0,20.0,6.0,6.0,6.0,6.0,18.0,18.041666666666668
2026-07-30 13:00:00,13,3,0,25,7,11,198,27,8,18,6,69,17.0,20.0,18.0,19.0,4.0,5.0,5.0,5.0,20.0,27.0,22.0,28.0,7.0,11.0,8.0,10.0,11.0,14.0,13.0,15.0,5.0,5.0,6.0,4.0,19.166666666666668,18.291666666666668
2026-07-30 14:00:00,14,3,0,23,6,8,198,32,11,21,6,76,25.0,26.0,18.0,19.0,7.0,7.0,5.0,5.0,27.0,33.0,23.0,24.0,8.0,16.0,9.0,7.0,18.0,21.0,13.0,12.0,6.0,6.0,4.0,7.0,20.0,18.458333333333332
2026-07-30 15:00:00,15,3,0,16,4,7,198,25,8,19,4,69,23.0,17.0,9.0,22.0,6.0,4.0,2.0,6.0,32.0,20.0,23.0,29.0,11.0,7.0,9.0,12.0,21.0,11.0,13.0,21.0,6.0,5.0,6.0,6.0,21.166666666666668,18.208333333333332
2026-07-30 16:00:00,16,3,0,26,7,14,198,31,12,20,6,78,16.0,25.0,20.0,25.0,4.0,7.0,5.0,7.0,25.0,27.0,27.0,31.0,8.0,8.0,11.0,9.0,19.0,18.0,14.0,18.0,4.0,6.0,5.0,6.0,22.166666666666668,18.25
2026-07-30 17:00:00,17,3,0,24,7,5,198,29,8,19,7,71,26.0,23.0,26.0,23.0,7.0,6.0,7.0,7.0,31.0,32.0,33.0,29.0,12.0,11.0,16.0,10.0,20.0,21.0,21.0,16.0,6.0,6.0,6.0,5.0,21.833333333333332,18.291666666666668
2026-07-30 18:00:00,18,3,0,24,7,12,198,22,11,16,5,71,24.0,16.0,17.0,16.0,7.0,4.0,4.0,5.0,29.0,25.0,20.0,24.0,8.0,8.0,7.0,10.0,19.0,19.0,11.0,18.0,7.0,4.0,5.0,6.0,23.0,18.625
2026-07-30 19:00:00,19,3,0,21,7,13,198,27,11,15,7,49,24.0,26.0,25.0,23.0,7.0,7.0,7.0,7.0,22.0,31.0,27.0,29.0,11.0,12.0,8.0,9.0,16.0,20.0,18.0,20.0,5.0,6.0,6.0,6.0,22.333333333333332,18.541666666666668
2026-07-30 20:00:00,20,3,0,26,8,10,198,30,8,16,5,45,21.0,24.0,23.0,21.0,7.0,7.0,6.0,7.0,27.0,29.0,32.0,27.0,11.0,8.0,11.0,10.0,15.0,19.0,21.0,19.0,7.0,7.0,6.0,6.0,22.833333333333332,18.75
2026-07-30 21:00:00,21,3,0,9,3,11,198,23,6,15,6,46,26.0,24.0,16.0,16.0,8.0,7.0,4.0,5.0,30.0,22.0,25.0,20.0,8.0,11.0,8.0,8.0,16.0,16.0,19.0,10.0,5.0,5.0,4.0,6.0,21.666666666666668,18.458333333333332
2026-07-30 22:00:00,22,3,0,21,7,14,198,25,10,13,3,49,9.0,21.0,26.0,10.0,3.0,7.0,7.0,3.0,23.0,27.0,31.0,20.0,6.0,11.0,12.0,5.0,15.0,15.0,20.0,9.0,6.0,7.0,6.0,5.0,20.833333333333332,18.916666666666668
2026-07-30 23:00:00,23,3,0,19,6,8,198,29,12,23,7,41,21.0,26.0,24.0,22.0,7.0,8.0,7.0,7.0,25.0,30.0,29.0,29.0,10.0,8.0,8.0,10.0,13.0,16.0,19.0,18.0,3.0,5.0,7.0,5.0,20.0,18.791666666666668
2026-07-31 00:00:00,0,4,0,13,4,14,198,20,5,15,6,53,19.0,9.0,24.0,12.0,6.0,3.0,7.0,4.0,29.0,23.0,22.0,20.0,12.0,6.0,11.0,6.0,23.0,15.0,16.0,13.0,7.0,6.0,5.0,4.0,18.166666666666668,18.833333333333332
2026-07-31 01:00:00,1,4,0,24,8,15,198,25,10,20,4,48,13.0,21.0,21.0,14.0,4.0,7.0,7.0,5.0,20.0,25.0,27.0,18.0,5.0,10.0,11.0,5.0,15.0,13.0,15.0,12.0,6.0,3.0,7.0,4.0,18.666666666666668,19.25
2026-07-31 02:00:00,2,4,0,22,7,11,198,26,6,16,2,44,24.0,19.0,26.0,17.0,8.0,6.0,8.0,6.0,25.0,29.0,30.0,19.0,10.0,12.0,8.0,10.0,20.0,23.0,16.0,15.0,4.0,7.0,5.0,4.0,18.0,19.458333333333332
2026-07-31 03:00:00,3,4,0,16,5,10,198,23,8,15,5,45,22.0,13.0,9.0,14.0,7.0,4.0,3.0,5.0,26.0,20.0,23.0,15.0,6.0,5.0,6.0,4.0,16.0,15.0,15.0,6.0,2.0,6.0,6.0,4.0,19.166666666666668,19.541666666666668
2026-07-31 04:00:00,4,4,0,13,4,15,198,10,5,5,3,51,16.0,24.0,21.0,18.0,5.0,8.0,7.0,6.0,23.0,25.0,25.0,23.0,8.0,10.0,10.0,9.0,15.0,20.0,13.0,16.0,5.0,4.0,3.0,4.0,17.833333333333332,19.333333333333332
2026-07-31 05:00:00,5,4,0,18,6,9,198,22,7,15,5,50,13.0,22.0,19.0,20.0,4.0,7.0,6.0,6.0,10.0,26.0,29.0,22.0,5.0,6.0,12.0,7.0,5.0,16.0,23.0,11.0,3.0,2.0,7.0,5.0,17.666666666666668,19.25
2026-07-31 06:00:00,6,4,0,19,6,11,198,22,5,11,5,52,18.0,16.0,13.0,14.0,6.0,5.0,4.0,4.0,22.0,23.0,20.0,28.0,7.0,8.0,5.0,7.0,15.0,15.0,15.0,19.0,5.0,5.0,6.0,6.0,18.666666666666668,19.458333333333332
2026-07-31 07:00:00,7,4,0,15,4,12,198,18,6,6,4,72,19.0,13.0,24.0,18.0,6.0,4.0,8.0,5.0,22.0,10.0,25.0,22.0,5.0,5.0,10.0,8.0,11.0,5.0,20.0,13.0,5.0,3.0,4.0,6.0,17.166666666666668,19.333333333333332
2026-07-31 08:00:00,8,4,0,17,5,7,198,26,8,15,6,75,15.0,18.0,22.0,18.0,4.0,6.0,7.0,5.0,18.0,22.0,26.0,23.0,6.0,7.0,6.0,9.0,6.0,15.0,16.0,13.0,4.0,5.0,2.0,4.0,16.333333333333332,19.291666666666668
2026-07-31 09:00:00,9,4,0,17,5,17,198,24,9,12,6,75,17.0,19.0,16.0,9.0,5.0,6.0,5.0,2.0,26.0,22.0,23.0,23.0,8.0,5.0,8.0,9.0,15.0,11.0,15.0,13.0,6.0,5.0,5.0,6.0,16.5,19.625
2026-07-31 10:00:00,10,4,0,28,7,9,198,34,10,24,6,76,17.0,15.0,13.0,20.0,5.0,4.0,4.0,5.0,24.0,18.0,10.0,27.0,9.0,6.0,5.0,11.0,12.0,6.0,5.0,14.0,6.0,4.0,3.0,5.0,19.0,19.958333333333332
2026-07-31 11:00:00,11,4,0,19,5,9,198,29,8,22,5,77,28.0,17.0,18.0,26.0,7.0,5.0,6.0,7.0,34.0,26.0,22.0,33.0,10.0,8.0,7.0,16.0,24.0,15.0,15.0,21.0,6.0,6.0,5.0,6.0,19.166666666666668,19.666666666666668
2026-07-31 12:00:00,12,4,0,12,3,4,198,15,2,6,4,72,19.0,17.0,19.0,17.0,5.0,5.0,6.0,4.0,29.0,24.0,22.0,20.0,8.0,9.0,5.0,7.0,22.0,12.0,11.0,11.0,5.0,6.0,5.0,5.0,18.0,19.458333333333332
2026-07-31 13:00:00,13,4,0,16,4,5,198,31,10,22,7,74,12.0,28.0,15.0,25.0,3.0,7.0,4.0,7.0,15.0,34.0,18.0,27.0,2.0,10.0,6.0,8.0,6.0,24.0,6.0,18.0,4.0,6.0,4.0,6.0,18.166666666666668,19.083333333333332
2026-07-31 14:00:00,14,4,0,21,6,11,198,24,8,17,5,72,16.0,19.0,17.0,23.0,4.0,5.0,5.0,6.0,31.0,29.0,26.0,32.0,10.0,8.0,8.0,11.0,22.0,22.0,15.0,21.0,7.0,5.0,6.0,6.0,18.833333333333332,19.0
2026-07-31 15:00:00,15,4,0,18,5,9,198,22,6,11,4,74,21.0,12.0,17.0,16.0,6.0,3.0,5.0,4.0,24.0,15.0,24.0,25.0,8.0,2.0,9.0,8.0,17.0,6.0,12.0,19.0,5.0,4.0,6.0,4.0,19.0,19.083333333333332
2026-07-31 16:00:00,16,4,0,23,6,9,198,31,11,18,7,76,18.0,16.0,28.0,26.0,5.0,4.0,7.0,7.0,22.0,31.0,34.0,31.0,6.0,10.0,10.0,12.0,11.0,22.0,24.0,20.0,4.0,7.0,6.0,6.0,18.166666666666668,18.958333333333332
2026-07-31 17:00:00,17,4,0,24,7,9,198,34,13,20,8,69,23.0,21.0,19.0,24.0,6.0,6.0,5.0,7.0,31.0,24.0,29.0,29.0,11.0,8.0,8.0,8.0,18.0,17.0,22.0,19.0,7.0,5.0,5.0,7.0,19.0,18.958333333333332
2026-07-31 18:00:00,18,4,0,24,7,22,198,30,10,20,5,77,24.0,18.0,12.0,24.0,7.0,5.0,3.0,7.0,34.0,22.0,15.0,22.0,13.0,6.0,2.0,11.0,20.0,11.0,6.0,16.0,8.0,4.0,4.0,5.0,21.0,18.958333333333332
2026-07-31 19:00:00,19,4,0,21,7,10,198,33,12,18,8,45,24.0,23.0,16.0,21.0,7.0,6.0,4.0,7.0,30.0,31.0,31.0,27.0,10.0,11.0,10.0,11.0,20.0,18.0,22.0,15.0,5.0,7.0,7.0,7.0,21.833333333333332,18.958333333333332
2026-07-31 20:00:00,20,4,0,17,5,8,198,21,8,13,5,47,21.0,24.0,21.0,26.0,7.0,7.0,6.0,8.0,33.0,34.0,24.0,30.0,12.0,13.0,8.0,8.0,18.0,20.0,17.0,16.0,8.0,8.0,5.0,5.0,21.166666666666668,18.583333333333332
2026-07-31 21:00:00,21,4,0,15,5,8,198,18,4,10,5,52,17.0,24.0,18.0,9.0,5.0,7.0,5.0,3.0,21.0,30.0,22.0,23.0,8.0,10.0,6.0,6.0,13.0,20.0,11.0,15.0,5.0,5.0,4.0,6.0,20.666666666666668,18.833333333333332
2026-07-31 22:00:00,22,4,0,13,4,12,198,25,11,16,4,49,15.0,21.0,23.0,21.0,5.0,7.0,6.0,7.0,18.0,33.0,31.0,25.0,4.0,12.0,11.0,10.0,10.0,18.0,18.0,13.0,5.0,8.0,7.0,3.0,19.0,18.5
2026-07-31 23:00:00,23,4,0,11,4,9,198,18,5,11,6,49,13.0,17.0,24.0,19.0,4.0,5.0,7.0,6.0,25.0,21.0,34.0,29.0,11.0,8.0,13.0,12.0,16.0,13.0,20.0,23.0,4.0,5.0,8.0,7.0,16.833333333333332,18.166666666666668
2026-08-01 00:00:00,0,5,1,13,4,12,198,15,6,8,1,44,11.0,15.0,24.0,13.0,4.0,5.0,7.0,4.0,18.0,18.0,30.0,20.0,5.0,4.0,10.0,5.0,11.0,10.0,20.0,15.0,6.0,5.0,5.0,6.0,15.0,18.166666666666668
2026-08-01 01:00:00,1,5,1,8,3,17,198,7,4,4,3,45,13.0,13.0,21.0,24.0,4.0,4.0,7.0,8.0,15.0,25.0,33.0,25.0,6.0,11.0,12.0,10.0,8.0,16.0,18.0,20.0,1.0,4.0,8.0,4.0,12.833333333333334,17.5
2026-08-01 02:00:00,2,5,1,13,4,16,198,12,4,12,1,51,8.0,11.0,17.0,22.0,3.0,4.0,5.0,7.0,7.0,18.0,21.0,26.0,4.0,5.0,8.0,6.0,4.0,11.0,13.0,16.0,3.0,6.0,5.0,2.0,12.166666666666666,17.125
2026-08-01 03:00:00,3,5,1,13,4,12,198,12,5,7,1,46,13.0,13.0,15.0,16.0,4.0,4.0,5.0,5.0,12.0,15.0,18.0,23.0,4.0,6.0,4.0,8.0,12.0,8.0,10.0,15.0,1.0,1.0,5.0,5.0,11.833333333333334,17.0
2026-08-01 04:00:00,4,5,1,15,5,5,198,19,7,10,3,47,13.0,8.0,13.0,13.0,4.0,3.0,4.0,4.0,12.0,7.0,25.0,10.0,5.0,4.0,11.0,5.0,7.0,4.0,16.0,5.0,1.0,3.0,4.0,3.0,12.166666666666666,17.083333333333332
2026-08-01 05:00:00,5,5,1,10,3,8,198,4,0,4,2,51,15.0,13.0,11.0,18.0,5.0,4.0,4.0,6.0,19.0,12.0,18.0,22.0,7.0,4.0,5.0,7.0,10.0,12.0,11.0,15.0,3.0,1.0,6.0,5.0,12.0,16.75
2026-08-01 06:00:00,6,5,1,15,4,13,198,17,5,10,2,45,10.0,13.0,13.0,19.0,3.0,4.0,4.0,6.0,4.0,12.0,15.0,22.0,0.0,5.0,6.0,5.0,4.0,7.0,8.0,11.0,2.0,1.0,1.0,5.0,12.333333333333334,16.583333333333332
2026-08-01 07:00:00,7,5,1,14,4,6,198,14,4,6,3,75,15.0,15.0,8.0,15.0,4.0,5.0,3.0,4.0,17.0,19.0,7.0,18.0,5.0,7.0,4.0,6.0,10.0,10.0,4.0,6.0,2.0,3.0,3.0,4.0,13.333333333333334,16.541666666666668
2026-08-01 08:00:00,8,5,1,21,6,9,198,26,8,21,4,74,14.0,10.0,13.0,17.0,4.0,3.0,4.0,5.0,14.0,4.0,12.0,26.0,4.0,0.0,4.0,8.0,6.0,4.0,12.0,15.0,3.0,2.0,1.0,6.0,14.666666666666666,16.708333333333332
2026-08-01 09:00:00,9,5,1,16,4,7,198,16,4,9,3,74,21.0,15.0,13.0,17.0,6.0,4.0,4.0,5.0,26.0,17.0,12.0,24.0,8.0,5.0,5.0,9.0,21.0,10.0,7.0,12.0,4.0,2.0,1.0,6.0,15.166666666666666,16.666666666666668
2026-08-01 10:00:00,10,5,1,22,6,8,198,20,9,12,2,72,16.0,14.0,15.0,28.0,4.0,4.0,5.0,7.0,16.0,14.0,19.0,34.0,4.0,4.0,7.0,10.0,9.0,6.0,10.0,24.0,3.0,3.0,3.0,6.0,16.333333333333332,16.416666666666668
2026-08-01 11:00:00,11,5,1,20,5,5,198,20,9,13,2,72,22.0,21.0,10.0,19.0,6.0,6.0,3.0,5.0,20.0,26.0,4.0,29.0,9.0,8.0,0.0,8.0,12.0,21.0,4.0,22.0,2.0,4.0,2.0,5.0,18.0,16.458333333333332
2026-08-01 12:00:00,12,5,1,15,4,3,198,15,7,13,3,71,20.0,16.0,15.0,12.0,5.0,4.0,4.0,3.0,20.0,16.0,17.0,15.0,9.0,4.0,5.0,2.0,13.0,9.0,10.0,6.0,2.0,3.0,2.0,4.0,18.0,16.583333333333332
2026-08-01 13:00:00,13,5,1,21,5,7,198,22,9,10,3,75,15.0,22.0,14.0,16.0,4.0,6.0,4.0,4.0,15.0,20.0,14.0,31.0,7.0,9.0,4.0,10.0,13.0,12.0,6.0,22.0,3.0,2.0,3.0,7.0,19.166666666666668,16.791666666666668
2026-08-01 14:00:00,14,5,1,20,5,7,198,17,5,11,2,72,21.0,20.0,21.0,21.0,5.0,5.0,6.0,6.0,22.0,20.0,26.0,24.0,9.0,9.0,8.0,8.0,10.0,13.0,21.0,17.0,3.0,2.0,4.0,5.0,19.0,16.75
2026-08-01 15:00:00,15,5,1,15,4,8,198,12,3,12,3,77,20.0,15.0,16.0,18.0,5.0,4.0,4.0,5.0,17.0,15.0,16.0,22.0,5.0,7.0,4.0,6.0,11.0,13.0,9.0,11.0,2.0,3.0,3.0,4.0,18.833333333333332,16.625
2026-08-01 16:00:00,16,5,1,18,5,9,198,23,7,15,3,73,15.0,21.0,22.0,23.0,4.0,5.0,6.0,6.0,12.0,22.0,20.0,31.0,3.0,9.0,9.0,11.0,12.0,10.0,12.0,18.0,3.0,3.0,2.0,7.0,18.166666666666668,16.416666666666668
2026-08-01 17:00:00,17,5,1,9,3,8,198,5,3,1,1,71,18.0,20.0,20.0,24.0,5.0,5.0,5.0,7.0,23.0,17.0,20.0,34.0,7.0,5.0,9.0,13.0,15.0,11.0,13.0,20.0,3.0,2.0,2.0,8.0,16.333333333333332,15.791666666666666
2026-08-01 18:00:00,18,5,1,21,6,12,198,21,8,12,2,73,9.0,15.0,15.0,24.0,3.0,4.0,4.0,7.0,5.0,12.0,15.0,30.0,3.0,3.0,7.0,10.0,1.0,12.0,13.0,20.0,1.0,3.0,3.0,5.0,17.333333333333332,15.666666666666666
2026-08-01 19:00:00,19,5,1,14,4,12,198,18,6,12,2,47,21.0,18.0,21.0,21.0,6.0,5.0,5.0,7.0,21.0,23.0,22.0,33.0,8.0,7.0,9.0,12.0,12.0,15.0,10.0,18.0,2.0,3.0,3.0,8.0,16.166666666666668,15.375
2026-08-01 20:00:00,20,5,1,13,4,6,198,13,7,11,2,51,14.0,9.0,20.0,17.0,4.0,3.0,5.0,5.0,18.0,5.0,17.0,21.0,6.0,3.0,5.0,8.0,12.0,1.0,11.0,13.0,2.0,1.0,2.0,5.0,15.0,15.208333333333334
2026-08-01 21:00:00,21,5,1,14,5,14,198,16,6,9,4,47,13.0,21.0,15.0,15.0,4.0,6.0,4.0,5.0,13.0,21.0,12.0,18.0,7.0,8.0,3.0,4.0,11.0,12.0,12.0,10.0,2.0,2.0,3.0,5.0,14.833333333333334,15.166666666666666
2026-08-01 22:00:00,22,5,1,19,6,10,198,20,6,14,2,47,14.0,14.0,18.0,13.0,5.0,4.0,5.0,4.0,16.0,18.0,23.0,25.0,6.0,6.0,7.0,11.0,9.0,12.0,15.0,16.0,4.0,2.0,3.0,4.0,15.0,15.416666666666666
2026-08-01 23:00:00,23,5,1,12,4,5,198,15,4,6,1,52,19.0,13.0,9.0,11.0,6.0,4.0,3.0,4.0,20.0,13.0,5.0,18.0,6.0,7.0,3.0,5.0,14.0,11.0,1.0,11.0,2.0,2.0,1.0,6.0,15.5,15.458333333333334
2026-08-02 00:00:00,0,6,1,17,6,10,198,14,6,6,2,50,12.0,14.0,21.0,13.0,4.0,5.0,6.0,4.0,15.0,16.0,21.0,15.0,4.0,6.0,8.0,6.0,6.0,9.0,12.0,8.0,1.0,4.0,2.0,1.0,14.833333333333334,15.625
2026-08-02 01:00:00,1,6,1,10,3,5,198,11,5,6,2,53,17.0,19.0,14.0,8.0,6.0,6.0,4.0,3.0,14.0,20.0,18.0,7.0,6.0,6.0,6.0,4.0,6.0,14.0,12.0,4.0,2.0,2.0,2.0,3.0,14.166666666666666,15.708333333333334
2026-08-02 02:00:00,2,6,1,13,4,12,198,9,4,8,2,52,10.0,12.0,13.0,13.0,3.0,4.0,4.0,4.0,11.0,15.0,13.0,12.0,5.0,4.0,7.0,4.0,6.0,6.0,11.0,12.0,2.0,1.0,2.0,1.0,14.166666666666666,15.708333333333334
2026-08-02 03:00:00,3,6,1,18,6,10,198,18,9,11,2,45,13.0,17.0,14.0,13.0,4.0,6.0,5.0,4.0,9.0,14.0,16.0,12.0,4.0,6.0,6.0,5.0,8.0,6.0,9.0,7.0,2.0,2.0,4.0,1.0,14.833333333333334,15.916666666666666
2026-08-02 04:00:00,4,6,1,12,4,7,198,15,8,10,3,51,18.0,10.0,19.0,15.0,6.0,3.0,6.0,5.0,18.0,11.0,20.0,19.0,9.0,5.0,6.0,7.0,11.0,6.0,14.0,10.0,2.0,2.0,2.0,3.0,13.666666666666666,15.791666666666666
2026-08-02 05:00:00,5,6,1,18,6,7,198,16,7,10,2,53,12.0,13.0,12.0,10.0,4.0,4.0,4.0,3.0,15.0,9.0,15.0,4.0,8.0,4.0,4.0,0.0,10.0,8.0,6.0,4.0,3.0,2.0,1.0,2.0,14.666666666666666,16.125
2026-08-02 06:00:00,6,6,1,14,4,8,198,17,5,13,4,53,18.0,18.0,17.0,15.0,6.0,6.0,6.0,4.0,16.0,18.0,14.0,17.0,7.0,9.0,6.0,5.0,10.0,11.0,6.0,10.0,2.0,2.0,2.0,2.0,14.166666666666666,16.083333333333332
2026-08-02 07:00:00,7,6,1,23,7,8,198,20,5,11,3,77,14.0,12.0,10.0,14.0,4.0,4.0,3.0,4.0,17.0,15.0,11.0,14.0,5.0,8.0,5.0,4.0,13.0,10.0,6.0,6.0,4.0,3.0,2.0,3.0,16.333333333333332,16.458333333333332
2026-08-02 08:00:00,8,6,1,24,7,10,198,22,7,15,1,77,23.0,18.0,13.0,21.0,7.0,6.0,4.0,6.0,20.0,16.0,9.0,26.0,5.0,7.0,4.0,8.0,11.0,10.0,8.0,21.0,3.0,2.0,2.0,4.0,18.166666666666668,16.583333333333332
2026-08-02 09:00:00,9,6,1,18,5,5,198,25,10,14,4,73,24.0,14.0,18.0,16.0,7.0,4.0,6.0,4.0,22.0,17.0,18.0,16.0,7.0,5.0,9.0,4.0,15.0,13.0,11.0,9.0,1.0,4.0,2.0,3.0,18.166666666666668,16.666666666666668
2026-08-02 10:00:00,10,6,1,18,5,3,198,17,9,15,3,71,18.0,23.0,12.0,22.0,5.0,7.0,4.0,6.0,25.0,20.0,15.0,20.0,10.0,5.0,8.0,9.0,14.0,11.0,10.0,12.0,4.0,3.0,3.0,2.0,19.166666666666668,16.5
2026-08-02 11:00:00,11,6,1,14,4,13,198,13,5,6,2,73,18.0,24.0,18.0,20.0,5.0,7.0,6.0,5.0,17.0,22.0,16.0,20.0,9.0,7.0,7.0,9.0,15.0,15.0,10.0,13.0,3.0,1.0,2.0,2.0,18.5,16.25
2026-08-02 12:00:00,12,6,1,22,6,4,198,27,11,15,4,69,14.0,18.0,14.0,15.0,4.0,5.0,4.0,4.0,13.0,25.0,17.0,15.0,5.0,10.0,5.0,7.0,6.0,14.0,13.0,13.0,2.0,4.0,4.0,3.0,19.833333333333332,16.541666666666668
2026-08-02 13:00:00,13,6,1,19,5,9,198,28,9,18,5,78,22.0,18.0,23.0,21.0,6.0,5.0,7.0,5.0,27.0,17.0,20.0,22.0,11.0,9.0,5.0,9.0,15.0,15.0,11.0,10.0,4.0,3.0,3.0,3.0,19.166666666666668,16.458333333333332
2026-08-02 14:00:00,14,6,1,22,6,8,198,19,8,12,3,73,19.0,14.0,24.0,20.0,5.0,4.0,7.0,5.0,28.0,13.0,22.0,17.0,9.0,5.0,7.0,5.0,18.0,6.0,15.0,11.0,5.0,2.0,1.0,2.0,18.833333333333332,16.541666666666668
2026-08-02 15:00:00,15,6,1,18,5,10,198,18,8,12,2,78,22.0,22.0,18.0,15.0,6.0,6.0,5.0,4.0,19.0,27.0,25.0,12.0,8.0,11.0,10.0,3.0,12.0,15.0,14.0,12.0,3.0,4.0,4.0,3.0,18.833333333333332,16.666666666666668
2026-08-02 16:00:00,16,6,1,18,5,10,198,20,4,13,2,70,18.0,19.0,18.0,18.0,5.0,5.0,5.0,5.0,18.0,28.0,17.0,23.0,8.0,9.0,9.0,7.0,12.0,18.0,15.0,15.0,2.0,5.0,3.0,3.0,18.833333333333332,16.666666666666668
2026-08-02 17:00:00,17,6,1,23,7,6,198,24,8,13,3,77,18.0,22.0,14.0,9.0,5.0,6.0,4.0,3.0,20.0,19.0,13.0,5.0,4.0,8.0,5.0,3.0,13.0,12.0,6.0,1.0,2.0,3.0,2.0,1.0,20.333333333333332,17.25
2026-08-02 18:00:00,18,6,1,17,5,11,198,14,7,12,4,73,23.0,18.0,22.0,21.0,7.0,5.0,6.0,6.0,24.0,18.0,27.0,21.0,8.0,8.0,11.0,8.0,13.0,12.0,15.0,12.0,3.0,2.0,4.0,2.0,19.5,17.083333333333332
2026-08-02 19:00:00,19,6,1,11,3,7,198,16,6,12,3,44,17.0,18.0,19.0,14.0,5.0,5.0,5.0,4.0,14.0,20.0,28.0,18.0,7.0,4.0,9.0,6.0,12.0,13.0,18.0,12.0,4.0,2.0,5.0,2.0,18.166666666666668,16.958333333333332
2026-08-02 20:00:00,20,6,1,16,5,18,198,22,6,16,2,53,11.0,23.0,22.0,13.0,3.0,7.0,6.0,4.0,16.0,24.0,19.0,13.0,6.0,8.0,8.0,7.0,12.0,13.0,12.0,11.0,3.0,3.0,3.0,2.0,17.166666666666668,17.083333333333332
2026-08-02 21:00:00,21,6,1,18,6,8,198,22,4,13,4,51,16.0,17.0,18.0,14.0,5.0,5.0,5.0,5.0,22.0,14.0,18.0,16.0,6.0,7.0,8.0,6.0,16.0,12.0,12.0,9.0,2.0,4.0,2.0,4.0,17.166666666666668,17.25
2026-08-02 22:00:00,22,6,1,14,5,10,198,12,4,8,2,49,18.0,11.0,18.0,19.0,6.0,3.0,5.0,6.0,22.0,16.0,20.0,20.0,4.0,6.0,4.0,6.0,13.0,12.0,13.0,14.0,4.0,3.0,2.0,2.0,16.5,17.041666666666668
2026-08-02 23:00:00,23,6,1,10,3,9,198,12,4,8,3,48,14.0,16.0,23.0,12.0,5.0,5.0,7.0,4.0,12.0,22.0,24.0,15.0,4.0,6.0,8.0,4.0,8.0,16.0,13.0,6.0,2.0,2.0,3.0,1.0,14.333333333333334,16.958333333333332
2026-08-03 00:00:00,0,0,0,16,5,10,198,26,7,18,4,49,10.0,18.0,17.0,17.0,3.0,6.0,5.0,6.0,12.0,22.0,14.0,14.0,4.0,4.0,7.0,6.0,8.0,13.0,12.0,6.0,3.0,4.0,4.0,2.0,14.166666666666666,16.916666666666668
2026-08-03 01:00:00,1,0,0,15,5,12,198,24,8,17,5,49,16.0,14.0,11.0,10.0,5.0,5.0,3.0,3.0,26.0,12.0,16.0,11.0,7.0,4.0,6.0,5.0,18.0,8.0,12.0,6.0,4.0,2.0,3.0,2.0,14.833333333333334,17.125
2026-08-03 02:00:00,2,0,0,24,8,11,198,29,11,18,4,46,15.0,10.0,16.0,13.0,5.0,3.0,5.0,4.0,24.0,12.0,22.0,9.0,8.0,4.0,6.0,4.0,17.0,8.0,16.0,8.0,5.0,3.0,2.0,2.0,16.166666666666668,17.583333333333332
2026-08-03 03:00:00,3,0,0,21,7,4,198,26,10,13,4,47,24.0,16.0,18.0,18.0,8.0,5.0,6.0,6.0,29.0,26.0,22.0,18.0,11.0,7.0,4.0,9.0,18.0,18.0,13.0,11.0,4.0,4.0,4.0,2.0,16.666666666666668,17.708333333333332
2026-08-03 04:00:00,4,0,0,17,5,6,198,19,3,15,4,54,21.0,15.0,14.0,12.0,7.0,5.0,5.0,4.0,26.0,24.0,12.0,15.0,10.0,8.0,4.0,8.0,13.0,17.0,8.0,10.0,4.0,5.0,2.0,3.0,17.166666666666668,17.916666666666668
2026-08-03 05:00:00,5,0,0,19,6,6,198,26,7,17,6,56,17.0,24.0,10.0,18.0,5.0,8.0,3.0,6.0,19.0,29.0,12.0,16.0,3.0,11.0,4.0,7.0,15.0,18.0,8.0,10.0,4.0,4.0,3.0,2.0,18.666666666666668,17.958333333333332
2026-08-03 06:00:00,6,0,0,19,6,3,198,23,8,13,4,53,19.0,21.0,16.0,14.0,6.0,7.0,5.0,4.0,26.0,26.0,26.0,17.0,7.0,10.0,7.0,5.0,17.0,13.0,18.0,13.0,6.0,4.0,4.0,4.0,19.166666666666668,18.166666666666668
2026-08-03 07:00:00,7,0,0,18,5,4,198,24,9,16,4,75,19.0,17.0,15.0,23.0,6.0,5.0,5.0,7.0,23.0,19.0,24.0,20.0,8.0,3.0,8.0,5.0,13.0,15.0,17.0,11.0,4.0,4.0,5.0,3.0,19.666666666666668,17.958333333333332
2026-08-03 08:00:00,8,0,0,18,5,8,198,32,11,17,7,73,18.0,19.0,24.0,24.0,5.0,6.0,8.0,7.0,24.0,26.0,29.0,22.0,9.0,7.0,11.0,7.0,16.0,17.0,18.0,15.0,4.0,6.0,4.0,1.0,18.666666666666668,17.708333333333332
2026-08-03 09:00:00,9,0,0,27,7,7,198,37,13,25,6,72,18.0,19.0,21.0,18.0,5.0,6.0,7.0,5.0,32.0,23.0,26.0,25.0,11.0,8.0,10.0,10.0,17.0,13.0,13.0,14.0,7.0,4.0,4.0,4.0,19.666666666666668,18.083333333333332
2026-08-03 10:00:00,10,0,0,26,7,16,198,23,8,11,3,72,27.0,18.0,17.0,18.0,7.0,5.0,5.0,5.0,37.0,24.0,19.0,17.0,13.0,9.0,3.0,9.0,25.0,16.0,15.0,15.0,6.0,4.0,4.0,3.0,21.166666666666668,18.416666666666668
2026-08-03 11:00:00,11,0,0,21,5,14,198,27,9,16,5,72,26.0,18.0,19.0,14.0,7.0,5.0,6.0,4.0,23.0,32.0,26.0,13.0,8.0,11.0,7.0,5.0,11.0,17.0,17.0,6.0,3.0,7.0,6.0,2.0,21.5,18.708333333333332
2026-08-03 12:00:00,12,0,0,23,6,9,198,29,9,18,4,80,21.0,27.0,19.0,22.0,5.0,7.0,6.0,6.0,27.0,37.0,23.0,27.0,9.0,13.0,8.0,11.0,16.0,25.0,13.0,15.0,5.0,6.0,4.0,4.0,22.166666666666668,18.75
2026-08-03 13:00:00,13,0,0,35,9,7,198,40,15,27,5,79,23.0,26.0,18.0,19.0,6.0,7.0,5.0,5.0,29.0,23.0,24.0,28.0,9.0,8.0,9.0,9.0,18.0,11.0,16.0,18.0,4.0,3.0,4.0,5.0,25.0,19.416666666666668
2026-08-03 14:00:00,14,0,0,26,7,9,198,25,7,16,3,76,35.0,21.0,18.0,22.0,9.0,5.0,5.0,6.0,40.0,27.0,32.0,19.0,15.0,9.0,11.0,8.0,27.0,16.0,17.0,12.0,5.0,5.0,7.0,3.0,26.333333333333332,19.583333333333332
2026-08-03 15:00:00,15,0,0,25,7,9,198,40,15,26,6,71,26.0,23.0,27.0,18.0,7.0,6.0,7.0,5.0,25.0,29.0,37.0,18.0,7.0,9.0,13.0,8.0,16.0,18.0,25.0,12.0,3.0,4.0,6.0,2.0,26.0,19.875
2026-08-03 16:00:00,16,0,0,32,9,9,198,32,12,20,5,77,25.0,35.0,26.0,18.0,7.0,9.0,7.0,5.0,40.0,40.0,23.0,20.0,15.0,15.0,8.0,4.0,26.0,27.0,11.0,13.0,6.0,5.0,3.0,2.0,27.0,20.458333333333332
2026-08-03 17:00:00,17,0,0,25,7,13,198,28,10,17,6,73,32.0,26.0,21.0,23.0,9.0,7.0,5.0,7.0,32.0,25.0,27.0,24.0,12.0,7.0,9.0,8.0,20.0,16.0,16.0,13.0,5.0,3.0,5.0,3.0,27.666666666666668,20.541666666666668
2026-08-03 18:00:00,18,0,0,22,7,13,198,26,8,16,4,68,25.0,25.0,23.0,17.0,7.0,7.0,6.0,5.0,28.0,40.0,29.0,14.0,10.0,15.0,9.0,7.0,17.0,26.0,18.0,12.0,6.0,6.0,4.0,4.0,27.5,20.75
2026-08-03 19:00:00,19,0,0,22,7,11,198,34,9,21,5,49,22.0,32.0,35.0,11.0,7.0,9.0,9.0,3.0,26.0,32.0,40.0,16.0,8.0,12.0,15.0,6.0,16.0,20.0,27.0,12.0,4.0,5.0,5.0,3.0,25.333333333333332,21.208333333333332
2026-08-03 20:00:00,20,0,0,27,9,11,198,29,9,15,5,45,22.0,25.0,26.0,16.0,7.0,7.0,7.0,5.0,34.0,28.0,25.0,22.0,9.0,10.0,7.0,6.0,21.0,17.0,16.0,16.0,5.0,6.0,3.0,2.0,25.5,21.666666666666668
2026-08-03 21:00:00,21,0,0,19,6,20,198,27,9,15,7,46,27.0,22.0,25.0,18.0,9.0,7.0,7.0,6.0,29.0,26.0,40.0,22.0,9.0,8.0,15.0,4.0,15.0,16.0,26.0,13.0,5.0,4.0,6.0,4.0,24.5,21.708333333333332
2026-08-03 22:00:00,22,0,0,14,5,15,198,25,5,16,6,47,19.0,22.0,32.0,14.0,6.0,7.0,9.0,5.0,27.0,34.0,32.0,12.0,9.0,9.0,12.0,4.0,15.0,21.0,20.0,8.0,7.0,5.0,5.0,2.0,21.5,21.708333333333332
2026-08-03 23:00:00,23,0,0,15,5,12,198,21,7,13,5,47,14.0,27.0,25.0,10.0,5.0,9.0,7.0,3.0,25.0,29.0,28.0,12.0,5.0,9.0,10.0,4.0,16.0,15.0,17.0,8.0,6.0,5.0,6.0,3.0,19.833333333333332,21.916666666666668
2026-08-04 00:00:00,0,1,0,11,4,20,198,15,7,9,4,48,15.0,19.0,22.0,16.0,5.0,6.0,7.0,5.0,21.0,27.0,26.0,26.0,7.0,9.0,8.0,7.0,13.0,15.0,16.0,18.0,5.0,7.0,4.0,4.0,18.0,21.708333333333332
2026-08-04 01:00:00,1,1,0,8,3,12,198,19,7,11,6,48,11.0,14.0,22.0,15.0,4.0,5.0,7.0,5.0,15.0,25.0,34.0,24.0,7.0,5.0,9.0,8.0,9.0,16.0,21.0,17.0,4.0,6.0,5.0,5.0,15.666666666666666,21.416666666666668
2026-08-04 02:00:00,2,1,0,9,3,9,198,14,4,7,3,42,8.0,15.0,27.0,24.0,3.0,5.0,9.0,8.0,19.0,21.0,29.0,29.0,7.0,7.0,9.0,11.0,11.0,13.0,15.0,18.0,6.0,5.0,5.0,4.0,12.666666666666666,20.791666666666668
2026-08-04 03:00:00,3,1,0,17,6,13,198,23,8,13,3,53,9.0,11.0,19.0,21.0,3.0,4.0,6.0,7.0,14.0,15.0,27.0,26.0,4.0,7.0,9.0,10.0,7.0,9.0,15.0,13.0,3.0,4.0,7.0,4.0,12.333333333333334,20.625
2026-08-04 04:00:00,4,1,0,11,4,13,198,20,6,12,4,45,17.0,8.0,14.0,17.0,6.0,3.0,5.0,5.0,23.0,19.0,25.0,19.0,8.0,7.0,5.0,3.0,13.0,11.0,16.0,15.0,3.0,6.0,6.0,4.0,11.833333333333334,20.375
2026-08-04 05:00:00,5,1,0,29,9,11,198,37,13,23,7,45,11.0,9.0,15.0,19.0,4.0,3.0,5.0,6.0,20.0,14.0,21.0,26.0,6.0,4.0,7.0,7.0,12.0,7.0,13.0,17.0,4.0,3.0,5.0,6.0,14.166666666666666,20.791666666666668
2026-08-04 06:00:00,6,1,0,24,7,3,198,28,12,18,4,47,29.0,17.0,11.0,19.0,9.0,6.0,4.0,6.0,37.0,23.0,15.0,23.0,13.0,8.0,7.0,8.0,23.0,13.0,9.0,13.0,7.0,3.0,4.0,4.0,16.333333333333332,21.0
2026-08-04 07:00:00,7,1,0,8,2,11,198,14,6,8,4,74,24.0,11.0,8.0,18.0,7.0,4.0,3.0,5.0,28.0,20.0,19.0,24.0,12.0,6.0,7.0,9.0,18.0,12.0,11.0,16.0,4.0,4.0,6.0,4.0,16.333333333333332,20.583333333333332
2026-08-04 08:00:00,8,1,0,20,6,7,198,24,9,13,3,78,8.0,29.0,9.0,18.0,2.0,9.0,3.0,5.0,14.0,37.0,14.0,32.0,6.0,13.0,4.0,11.0,8.0,23.0,7.0,17.0,4.0,7.0,3.0,7.0,18.166666666666668,20.666666666666668
2026-08-04 09:00:00,9,1,0,17,5,1,198,25,8,13,6,75,20.0,24.0,17.0,27.0,6.0,7.0,6.0,7.0,24.0,28.0,23.0,37.0,9.0,12.0,8.0,13.0,13.0,18.0,13.0,25.0,3.0,4.0,3.0,6.0,18.166666666666668,20.25
2026-08-04 10:00:00,10,1,0,22,6,2,198,29,11,23,6,76,17.0,8.0,11.0,26.0,5.0,2.0,4.0,7.0,25.0,14.0,20.0,23.0,8.0,6.0,6.0,8.0,13.0,8.0,12.0,11.0,6.0,4.0,4.0,3.0,20.0,20.083333333333332
2026-08-04 11:00:00,11,1,0,18,5,13,198,29,7,16,6,75,22.0,20.0,29.0,21.0,6.0,6.0,9.0,5.0,29.0,24.0,37.0,27.0,11.0,9.0,13.0,9.0,23.0,13.0,23.0,16.0,6.0,3.0,7.0,5.0,18.166666666666668,19.958333333333332
2026-08-04 12:00:00,12,1,0,19,5,5,198,29,9,17,5,75,18.0,17.0,24.0,23.0,5.0,5.0,7.0,6.0,29.0,25.0,28.0,29.0,7.0,8.0,12.0,9.0,16.0,13.0,18.0,18.0,6.0,6.0,4.0,4.0,17.333333333333332,19.791666666666668
2026-08-04 13:00:00,13,1,0,20,5,14,198,21,8,14,5,75,19.0,22.0,8.0,35.0,5.0,6.0,2.0,9.0,29.0,29.0,14.0,40.0,9.0,11.0,6.0,15.0,17.0,23.0,8.0,27.0,5.0,6.0,4.0,5.0,19.333333333333332,19.166666666666668
2026-08-04 14:00:00,14,1,0,12,3,9,198,17,7,11,4,68,20.0,18.0,20.0,26.0,5.0,5.0,6.0,7.0,21.0,29.0,24.0,25.0,8.0,7.0,9.0,7.0,14.0,16.0,13.0,16.0,5.0,6.0,3.0,3.0,18.0,18.583333333333332
2026-08-04 15:00:00,15,1,0,18,5,4,198,23,9,15,6,73,12.0,19.0,17.0,25.0,3.0,5.0,5.0,7.0,17.0,29.0,25.0,40.0,7.0,9.0,8.0,15.0,11.0,17.0,13.0,26.0,4.0,5.0,6.0,6.0,18.166666666666668,18.291666666666668
2026-08-04 16:00:00,16,1,0,15,4,11,198,20,7,12,5,77,18.0,20.0,22.0,32.0,5.0,5.0,6.0,9.0,23.0,21.0,29.0,32.0,9.0,8.0,11.0,12.0,15.0,14.0,23.0,20.0,6.0,5.0,6.0,5.0,17.0,17.583333333333332
2026-08-04 17:00:00,17,1,0,19,6,11,198,24,8,15,4,86,15.0,12.0,18.0,25.0,4.0,3.0,5.0,7.0,20.0,17.0,29.0,28.0,7.0,7.0,7.0,10.0,12.0,11.0,16.0,17.0,5.0,4.0,6.0,6.0,17.166666666666668,17.333333333333332
2026-08-04 18:00:00,18,1,0,13,4,9,198,22,8,14,5,70,19.0,18.0,19.0,22.0,6.0,5.0,5.0,7.0,24.0,23.0,29.0,26.0,8.0,9.0,9.0,8.0,15.0,15.0,17.0,16.0,4.0,6.0,5.0,4.0,16.166666666666668,16.958333333333332
2026-08-04 19:00:00,19,1,0,23,7,7,198,28,8,17,5,49,13.0,15.0,20.0,22.0,4.0,4.0,5.0,7.0,22.0,20.0,21.0,34.0,8.0,7.0,8.0,9.0,14.0,12.0,14.0,21.0,5.0,5.0,5.0,5.0,16.666666666666668,17.0
2026-08-04 20:00:00,20,1,0,19,6,11,198,19,6,12,5,46,23.0,19.0,12.0,27.0,7.0,6.0,3.0,9.0,28.0,24.0,17.0,29.0,8.0,8.0,7.0,9.0,17.0,15.0,11.0,15.0,5.0,4.0,4.0,5.0,17.833333333333332,16.666666666666668
2026-08-04 21:00:00,21,1,0,16,5,13,198,19,7,14,5,54,19.0,13.0,18.0,19.0,6.0,4.0,5.0,6.0,19.0,22.0,23.0,27.0,6.0,8.0,9.0,9.0,12.0,14.0,15.0,15.0,5.0,5.0,6.0,7.0,17.5,16.541666666666668
2026-08-04 22:00:00,22,1,0,17,6,3,198,26,9,16,5,44,16.0,23.0,15.0,14.0,5.0,7.0,4.0,5.0,19.0,28.0,20.0,25.0,7.0,8.0,7.0,5.0,14.0,17.0,12.0,16.0,5.0,5.0,5.0,6.0,17.833333333333332,16.666666666666668
2026-08-04 23:00:00,23,1,0,17,6,12,198,13,2,8,4,50,17.0,19.0,19.0,15.0,6.0,6.0,6.0,5.0,26.0,19.0,24.0,21.0,9.0,6.0,8.0,7.0,16.0,12.0,15.0,13.0,5.0,5.0,4.0,5.0,17.5,16.75
2026-08-05 00:00:00,0,2,0,19,6,8,198,28,10,19,5,44,17.0,16.0,13.0,11.0,6.0,5.0,4.0,4.0,13.0,19.0,22.0,15.0,2.0,7.0,8.0,7.0,8.0,14.0,14.0,9.0,4.0,5.0,5.0,4.0,18.5,17.083333333333332
2026-08-05 01:00:00,1,2,0,10,3,13,198,15,6,11,3,47,19.0,17.0,23.0,8.0,6.0,6.0,7.0,3.0,28.0,26.0,28.0,19.0,10.0,9.0,8.0,7.0,19.0,16.0,17.0,11.0,5.0,5.0,5.0,6.0,16.333333333333332,17.166666666666668
2026-08-05 02:00:00,2,2,0,13,4,7,198,22,7,17,4,48,10.0,17.0,19.0,9.0,3.0,6.0,6.0,3.0,15.0,13.0,19.0,14.0,6.0,2.0,6.0,4.0,11.0,8.0,12.0,7.0,3.0,4.0,5.0,3.0,15.333333333333334,17.333333333333332
2026-08-05 03:00:00,3,2,0,17,6,8,198,21,11,10,4,51,13.0,19.0,16.0,17.0,4.0,6.0,5.0,6.0,22.0,28.0,19.0,23.0,7.0,10.0,7.0,8.0,17.0,19.0,14.0,13.0,4.0,5.0,5.0,3.0,15.5,17.333333333333332
2026-08-05 04:00:00,4,2,0,18,6,10,198,14,4,10,3,45,17.0,10.0,17.0,11.0,6.0,3.0,6.0,4.0,21.0,15.0,26.0,20.0,11.0,6.0,9.0,6.0,10.0,11.0,16.0,12.0,4.0,3.0,5.0,4.0,15.666666666666666,17.625
2026-08-05 05:00:00,5,2,0,18,6,11,198,25,8,17,5,50,18.0,13.0,17.0,29.0,6.0,4.0,6.0,9.0,14.0,22.0,13.0,37.0,4.0,7.0,2.0,13.0,10.0,17.0,8.0,23.0,3.0,4.0,4.0,7.0,15.833333333333334,17.166666666666668
2026-08-05 06:00:00,6,2,0,14,4,8,198,23,7,12,4,48,18.0,17.0,19.0,24.0,6.0,6.0,6.0,7.0,25.0,21.0,28.0,28.0,8.0,11.0,10.0,12.0,17.0,10.0,19.0,18.0,5.0,4.0,5.0,4.0,15.0,16.75
2026-08-05 07:00:00,7,2,0,17,5,9,198,26,9,17,5,75,14.0,18.0,10.0,8.0,4.0,6.0,3.0,2.0,23.0,14.0,15.0,14.0,7.0,4.0,6.0,6.0,12.0,10.0,11.0,8.0,4.0,3.0,3.0,4.0,16.166666666666668,17.125
2026-08-05 08:00:00,8,2,0,21,6,10,198,26,8,18,6,77,17.0,18.0,13.0,20.0,5.0,6.0,4.0,6.0,26.0,25.0,22.0,24.0,9.0,8.0,7.0,9.0,17.0,17.0,17.0,13.0,5.0,5.0,4.0,3.0,17.5,17.166666666666668
2026-08-05 09:00:00,9,2,0,22,6,0,198,29,8,16,6,70,21.0,14.0,17.0,17.0,6.0,4.0,6.0,5.0,26.0,23.0,21.0,25.0,8.0,7.0,11.0,8.0,18.0,12.0,10.0,13.0,6.0,4.0,4.0,6.0,18.333333333333332,17.375
2026-08-05 10:00:00,10,2,0,19,5,10,198,23,7,15,5,76,22.0,17.0,18.0,22.0,6.0,5.0,6.0,6.0,29.0,26.0,14.0,29.0,8.0,9.0,4.0,11.0,16.0,17.0,10.0,23.0,6.0,5.0,3.0,6.0,18.5,17.25
2026-08-05 11:00:00,11,2,0,25,7,8,198,27,9,18,5,72,19.0,21.0,18.0,18.0,5.0,6.0,6.0,5.0,23.0,26.0,25.0,29.0,7.0,8.0,8.0,7.0,15.0,18.0,17.0,16.0,5.0,6.0,5.0,6.0,19.666666666666668,17.541666666666668
2026-08-05 12:00:00,12,2,0,24,6,11,198,33,13,18,6,77,25.0,22.0,14.0,19.0,7.0,6.0,4.0,5.0,27.0,29.0,23.0,29.0,9.0,8.0,7.0,9.0,18.0,16.0,12.0,17.0,5.0,6.0,4.0,5.0,21.333333333333332,17.75
2026-08-05 13:00:00,13,2,0,25,7,10,198,28,13,17,6,75,24.0,19.0,17.0,20.0,6.0,5.0,5.0,5.0,33.0,23.0,26.0,21.0,13.0,7.0,9.0,8.0,18.0,15.0,17.0,14.0,6.0,5.0,5.0,5.0,22.666666666666668,17.958333333333332
2026-08-05 14:00:00,14,2,0,29,8,10,198,30,12,19,5,73,25.0,25.0,21.0,12.0,7.0,7.0,6.0,3.0,28.0,27.0,26.0,17.0,13.0,9.0,8.0,7.0,17.0,18.0,18.0,11.0,6.0,5.0,6.0,4.0,24.0,18.666666666666668
2026-08-05 15:00:00,15,2,0,22,6,10,198,24,7,13,5,72,29.0,24.0,22.0,18.0,8.0,6.0,6.0,5.0,30.0,33.0,29.0,23.0,12.0,13.0,8.0,9.0,19.0,18.0,16.0,15.0,5.0,6.0,6.0,6.0,24.0,18.833333333333332
2026-08-05 16:00:00,16,2,0,21,6,11,198,20,6,11,4,76,22.0,25.0,19.0,15.0,6.0,7.0,5.0,4.0,24.0,28.0,23.0,20.0,7.0,13.0,7.0,7.0,13.0,17.0,15.0,12.0,5.0,6.0,5.0,5.0,24.333333333333332,19.083333333333332
2026-08-05 17:00:00,17,2,0,19,6,10,198,27,9,16,6,78,21.0,29.0,25.0,19.0,6.0,8.0,7.0,6.0,20.0,30.0,27.0,24.0,6.0,12.0,9.0,8.0,11.0,19.0,18.0,15.0,4.0,5.0,5.0,4.0,23.333333333333332,19.083333333333332
2026-08-05 18:00:00,18,2,0,26,8,12,198,34,14,23,5,72,19.0,22.0,24.0,13.0,6.0,6.0,6.0,4.0,27.0,24.0,33.0,22.0,9.0,7.0,13.0,8.0,16.0,13.0,18.0,14.0,6.0,5.0,6.0,5.0,23.666666666666668,19.625
2026-08-05 19:00:00,19,2,0,28,9,10,198,35,12,23,7,45,26.0,21.0,25.0,23.0,8.0,6.0,7.0,7.0,34.0,20.0,28.0,28.0,14.0,6.0,13.0,8.0,23.0,11.0,17.0,17.0,5.0,4.0,6.0,5.0,24.166666666666668,19.833333333333332
2026-08-05 20:00:00,20,2,0,23,7,14,198,25,7,14,6,50,28.0,19.0,29.0,19.0,9.0,6.0,8.0,6.0,35.0,27.0,30.0,19.0,12.0,9.0,12.0,6.0,23.0,16.0,19.0,12.0,7.0,6.0,5.0,5.0,23.166666666666668,20.0
2026-08-05 21:00:00,21,2,0,22,7,12,198,31,10,21,6,44,23.0,26.0,22.0,16.0,7.0,8.0,6.0,5.0,25.0,34.0,24.0,19.0,7.0,14.0,7.0,7.0,14.0,23.0,13.0,14.0,6.0,5.0,5.0,5.0,23.166666666666668,20.25
2026-08-05 22:00:00,22,2,0,21,7,18,198,30,11,17,4,44,22.0,28.0,21.0,17.0,7.0,9.0,6.0,6.0,31.0,35.0,20.0,26.0,10.0,12.0,6.0,9.0,21.0,23.0,11.0,16.0,6.0,7.0,4.0,5.0,23.166666666666668,20.416666666666668
2026-08-05 23:00:00,23,2,0,14,5,12,198,20,8,9,6,45,21.0,23.0,19.0,17.0,7.0,7.0,6.0,6.0,30.0,25.0,27.0,13.0,11.0,7.0,9.0,2.0,17.0,14.0,16.0,8.0,4.0,6.0,6.0,4.0,22.333333333333332,20.291666666666668
2026-08-06 00:00:00,0,3,0,19,6,13,198,22,7,13,4,47,14.0,22.0,26.0,19.0,5.0,7.0,8.0,6.0,20.0,31.0,34.0,28.0,8.0,10.0,14.0,10.0,9.0,21.0,23.0,19.0,6.0,6.0,5.0,5.0,21.166666666666668,20.291666666666668
2026-08-06 01:00:00,1,3,0,20,7,11,198,27,10,19,5,44,19.0,21.0,28.0,10.0,6.0,7.0,9.0,3.0,22.0,30.0,35.0,15.0,7.0,11.0,12.0,6.0,13.0,17.0,23.0,11.0,4.0,4.0,7.0,3.0,19.833333333333332,20.708333333333332
2026-08-06 02:00:00,2,3,0,17,6,11,198,24,5,16,3,42,20.0,14.0,23.0,13.0,7.0,5.0,7.0,4.0,27.0,20.0,25.0,22.0,10.0,8.0,7.0,7.0,19.0,9.0,14.0,17.0,5.0,6.0,6.0,4.0,18.833333333333332,20.875
2026-08-06 03:00:00,3,3,0,13,4,14,198,16,6,10,4,45,17.0,19.0,22.0,17.0,6.0,6.0,7.0,6.0,24.0,22.0,31.0,21.0,5.0,7.0,10.0,11.0,16.0,13.0,21.0,10.0,3.0,4.0,6.0,4.0,17.333333333333332,20.708333333333332
2026-08-06 04:00:00,4,3,0,17,5,14,198,14,6,8,2,50,13.0,20.0,21.0,18.0,4.0,7.0,7.0,6.0,16.0,27.0,30.0,14.0,6.0,10.0,11.0,4.0,10.0,19.0,17.0,10.0,4.0,5.0,4.0,3.0,16.666666666666668,20.666666666666668
2026-08-06 05:00:00,5,3,0,18,6,12,198,24,7,14,4,44,17.0,17.0,14.0,18.0,5.0,6.0,5.0,6.0,14.0,24.0,20.0,25.0,6.0,5.0,8.0,8.0,8.0,16.0,9.0,17.0,2.0,3.0,6.0,5.0,17.333333333333332,20.666666666666668
2026-08-06 06:00:00,6,3,0,16,5,14,198,24,7,15,5,47,18.0,13.0,19.0,14.0,6.0,4.0,6.0,4.0,24.0,16.0,22.0,23.0,7.0,6.0,7.0,7.0,14.0,10.0,13.0,12.0,4.0,4.0,4.0,4.0,16.833333333333332,20.75
2026-08-06 07:00:00,7,3,0,21,6,9,198,25,6,13,4,80,16.0,17.0,20.0,17.0,5.0,5.0,7.0,5.0,24.0,14.0,27.0,26.0,7.0,6.0,10.0,9.0,15.0,8.0,19.0,17.0,5.0,2.0,5.0,5.0,17.0,20.916666666666668
2026-08-06 08:00:00,8,3,0,21,6,9,198,23,10,14,4,74,21.0,18.0,17.0,21.0,6.0,6.0,6.0,6.0,25.0,24.0,24.0,26.0,6.0,7.0,5.0,8.0,13.0,14.0,16.0,18.0,4.0,4.0,3.0,6.0,17.666666666666668,20.916666666666668
2026-08-06 09:00:00,9,3,0,21,6,9,198,31,9,19,6,75,21.0,16.0,13.0,22.0,6.0,5.0,4.0,6.0,23.0,24.0,16.0,29.0,10.0,7.0,6.0,8.0,14.0,15.0,10.0,16.0,4.0,5.0,4.0,6.0,19.0,20.875
2026-08-06 10:00:00,10,3,0,17,5,10,198,25,9,13,5,71,21.0,21.0,17.0,19.0,6.0,6.0,5.0,5.0,31.0,25.0,14.0,23.0,9.0,6.0,6.0,7.0,19.0,13.0,8.0,15.0,6.0,4.0,2.0,5.0,19.0,20.791666666666668
2026-08-06 11:00:00,11,3,0,15,4,3,198,19,7,10,5,80,17.0,21.0,18.0,25.0,5.0,6.0,6.0,7.0,25.0,23.0,24.0,27.0,9.0,10.0,7.0,9.0,13.0,14.0,14.0,18.0,5.0,4.0,4.0,5.0,18.5,20.375
2026-08-06 12:00:00,12,3,0,28,7,13,198,34,14,22,6,72,15.0,21.0,16.0,24.0,4.0,6.0,5.0,6.0,19.0,31.0,24.0,33.0,7.0,9.0,7.0,13.0,10.0,19.0,15.0,18.0,5.0,6.0,5.0,6.0,20.5,20.541666666666668
2026-08-06 13:00:00,13,3,0,26,7,11,198,32,11,20,8,73,28.0,17.0,21.0,25.0,7.0,5.0,6.0,7.0,34.0,25.0,25.0,28.0,14.0,9.0,6.0,13.0,22.0,13.0,13.0,17.0,6.0,5.0,4.0,6.0,21.333333333333332,20.583333333333332
2026-08-06 14:00:00,14,3,0,22,6,11,198,33,10,20,7,78,26.0,15.0,21.0,29.0,7.0,4.0,6.0,8.0,32.0,19.0,23.0,30.0,11.0,7.0,10.0,12.0,20.0,10.0,14.0,19.0,8.0,5.0,4.0,5.0,21.5,20.291666666666668
2026-08-06 15:00:00,15,3,0,20,5,8,198,28,10,16,7,73,22.0,28.0,21.0,22.0,6.0,7.0,6.0,6.0,33.0,34.0,31.0,24.0,10.0,14.0,9.0,7.0,20.0,22.0,19.0,13.0,7.0,6.0,6.0,5.0,21.333333333333332,20.208333333333332
2026-08-06 16:00:00,16,3,0,19,5,14,198,25,10,19,6,74,20.0,26.0,17.0,21.0,5.0,7.0,5.0,6.0,28.0,32.0,25.0,20.0,10.0,11.0,9.0,6.0,16.0,20.0,13.0,11.0,7.0,8.0,5.0,4.0,21.666666666666668,20.125
2026-08-06 17:00:00,17,3,0,23,7,16,198,30,10,17,6,73,19.0,22.0,15.0,19.0,5.0,6.0,4.0,6.0,25.0,33.0,19.0,27.0,10.0,10.0,7.0,9.0,19.0,20.0,10.0,16.0,6.0,7.0,5.0,6.0,23.0,20.291666666666668
2026-08-06 18:00:00,18,3,0,21,6,7,198,23,7,15,3,73,23.0,20.0,28.0,26.0,7.0,5.0,7.0,8.0,30.0,28.0,34.0,34.0,10.0,10.0,14.0,14.0,17.0,16.0,22.0,23.0,6.0,7.0,6.0,5.0,21.833333333333332,20.083333333333332
2026-08-06 19:00:00,19,3,0,17,5,10,198,26,6,15,5,49,21.0,19.0,26.0,28.0,6.0,5.0,7.0,9.0,23.0,25.0,32.0,35.0,7.0,10.0,11.0,12.0,15.0,19.0,20.0,23.0,3.0,6.0,8.0,7.0,20.333333333333332,19.625
2026-08-06 20:00:00,20,3,0,31,10,15,198,37,11,23,5,50,17.0,23.0,22.0,23.0,5.0,7.0,6.0,7.0,26.0,30.0,33.0,25.0,6.0,10.0,10.0,7.0,15.0,17.0,20.0,14.0,5.0,6.0,7.0,6.0,21.833333333333332,19.958333333333332
2026-08-06 21:00:00,21,3,0,24,8,11,198,25,10,16,3,46,31.0,21.0,20.0,22.0,10.0,6.0,5.0,7.0,37.0,23.0,28.0,31.0,11.0,7.0,10.0,10.0,23.0,15.0,16.0,21.0,5.0,3.0,7.0,6.0,22.5,20.041666666666668
2026-08-06 22:00:00,22,3,0,18,6,13,198,24,8,12,4,46,24.0,17.0,19.0,21.0,8.0,5.0,5.0,7.0,25.0,26.0,25.0,30.0,10.0,6.0,10.0,11.0,16.0,15.0,19.0,17.0,3.0,5.0,6.0,4.0,22.333333333333332,19.916666666666668
2026-08-06 23:00:00,23,3,0,9,3,13,198,14,4,9,3,46,18.0,31.0,23.0,14.0,6.0,10.0,7.0,5.0,24.0,37.0,30.0,20.0,8.0,11.0,10.0,8.0,12.0,23.0,17.0,9.0,4.0,5.0,6.0,6.0,20.0,19.708333333333332
2026-08-07 00:00:00,0,4,0,17,6,9,198,20,6,15,4,44,9.0,24.0,21.0,19.0,3.0,8.0,6.0,6.0,14.0,25.0,23.0,22.0,4.0,10.0,7.0,7.0,9.0,16.0,15.0,13.0,3.0,3.0,3.0,4.0,19.333333333333332,19.625
2026-08-07 01:00:00,1,4,0,22,7,15,198,27,9,20,5,43,17.0,18.0,17.0,20.0,6.0,6.0,5.0,7.0,20.0,24.0,26.0,27.0,6.0,8.0,6.0,10.0,15.0,12.0,15.0,19.0,4.0,4.0,5.0,5.0,20.166666666666668,19.708333333333332
2026-08-07 02:00:00,2,4,0,10,3,8,198,17,5,10,5,49,22.0,9.0,31.0,17.0,7.0,3.0,10.0,6.0,27.0,14.0,37.0,24.0,9.0,4.0,11.0,5.0,20.0,9.0,23.0,16.0,5.0,3.0,5.0,3.0,16.666666666666668,19.416666666666668
2026-08-07 03:00:00,3,4,0,13,4,6,198,21,7,13,5,51,10.0,17.0,24.0,13.0,3.0,6.0,8.0,4.0,17.0,20.0,25.0,16.0,5.0,6.0,10.0,6.0,10.0,15.0,16.0,10.0,5.0,4.0,3.0,4.0,14.833333333333334,19.416666666666668
2026-08-07 04:00:00,4,4,0,19,6,17,198,20,9,17,3,51,13.0,22.0,18.0,17.0,4.0,7.0,6.0,5.0,21.0,27.0,24.0,14.0,7.0,9.0,8.0,6.0,13.0,20.0,12.0,8.0,5.0,5.0,4.0,2.0,15.0,19.5
2026-08-07 05:00:00,5,4,0,14,4,13,198,14,7,11,2,41,19.0,10.0,9.0,18.0,6.0,3.0,3.0,6.0,20.0,17.0,14.0,24.0,9.0,5.0,4.0,7.0,17.0,10.0,9.0,14.0,3.0,5.0,3.0,4.0,15.833333333333334,19.333333333333332
2026-08-07 06:00:00,6,4,0,14,4,8,198,23,5,13,3,47,14.0,13.0,17.0,16.0,4.0,4.0,6.0,5.0,14.0,21.0,20.0,24.0,7.0,7.0,6.0,7.0,11.0,13.0,15.0,15.0,2.0,5.0,4.0,5.0,15.333333333333334,19.25
2026-08-07 07:00:00,7,4,0,20,6,7,198,25,9,14,3,71,14.0,19.0,22.0,21.0,4.0,6.0,7.0,6.0,23.0,20.0,27.0,25.0,5.0,9.0,9.0,6.0,13.0,17.0,20.0,13.0,3.0,3.0,5.0,4.0,15.0,19.208333333333332
2026-08-07 08:00:00,8,4,0,20,6,10,198,22,7,16,4,74,20.0,14.0,10.0,21.0,6.0,4.0,3.0,6.0,25.0,14.0,17.0,23.0,9.0,7.0,5.0,10.0,14.0,11.0,10.0,14.0,3.0,2.0,5.0,4.0,16.666666666666668,19.166666666666668
2026-08-07 09:00:00,9,4,0,23,6,14,198,30,10,17,5,73,20.0,14.0,13.0,21.0,6.0,4.0,4.0,6.0,22.0,23.0,21.0,31.0,7.0,5.0,7.0,9.0,16.0,13.0,13.0,19.0,4.0,3.0,5.0,6.0,18.333333333333332,19.25
2026-08-07 10:00:00,10,4,0,23,6,5,198,27,10,19,4,76,23.0,20.0,19.0,17.0,6.0,6.0,6.0,5.0,30.0,25.0,20.0,25.0,10.0,9.0,9.0,9.0,17.0,14.0,17.0,13.0,5.0,3.0,3.0,5.0,19.0,19.5
2026-08-07 11:00:00,11,4,0,19,5,8,198,28,9,18,6,74,23.0,20.0,14.0,15.0,6.0,6.0,4.0,4.0,27.0,22.0,14.0,19.0,10.0,7.0,7.0,7.0,19.0,16.0,11.0,10.0,4.0,4.0,2.0,5.0,19.833333333333332,19.666666666666668
2026-08-07 12:00:00,12,4,0,15,4,10,198,22,8,15,5,68,19.0,23.0,14.0,28.0,5.0,6.0,4.0,7.0,28.0,30.0,23.0,34.0,9.0,10.0,5.0,14.0,18.0,17.0,13.0,22.0,6.0,5.0,3.0,6.0,20.0,19.125
2026-08-07 13:00:00,13,4,0,31,8,12,198,40,14,24,6,71,15.0,23.0,20.0,26.0,4.0,6.0,6.0,7.0,22.0,27.0,25.0,32.0,8.0,10.0,9.0,11.0,15.0,19.0,14.0,20.0,5.0,4.0,3.0,8.0,21.833333333333332,19.333333333333332
2026-08-07 14:00:00,14,4,0,15,4,6,198,26,9,15,7,74,31.0,19.0,20.0,22.0,8.0,5.0,6.0,6.0,40.0,28.0,22.0,33.0,14.0,9.0,7.0,10.0,24.0,18.0,16.0,20.0,6.0,6.0,4.0,7.0,21.0,19.041666666666668
2026-08-07 15:00:00,15,4,0,26,7,15,198,30,9,22,5,74,15.0,15.0,23.0,20.0,4.0,4.0,6.0,5.0,26.0,22.0,30.0,28.0,9.0,8.0,10.0,10.0,15.0,15.0,17.0,16.0,7.0,5.0,5.0,7.0,21.5,19.291666666666668
2026-08-07 16:00:00,16,4,0,16,4,11,198,27,8,16,6,70,26.0,31.0,23.0,19.0,7.0,8.0,6.0,5.0,30.0,40.0,27.0,25.0,9.0,14.0,10.0,10.0,22.0,24.0,19.0,19.0,5.0,6.0,4.0,6.0,20.333333333333332,19.166666666666668
2026-08-07 17:00:00,17,4,0,25,7,10,198,32,9,19,6,69,16.0,15.0,19.0,23.0,4.0,4.0,5.0,7.0,27.0,26.0,28.0,30.0,8.0,9.0,9.0,10.0,16.0,15.0,18.0,17.0,6.0,7.0,6.0,6.0,21.333333333333332,19.25
2026-08-07 18:00:00,18,4,0,17,5,15,198,23,7,14,5,74,25.0,26.0,15.0,21.0,7.0,7.0,4.0,6.0,32.0,30.0,22.0,23.0,9.0,9.0,8.0,7.0,19.0,22.0,15.0,15.0,6.0,5.0,5.0,3.0,21.666666666666668,19.083333333333332
2026-08-07 19:00:00,19,4,0,20,6,11,198,28,12,18,6,44,17.0,16.0,31.0,17.0,5.0,4.0,8.0,5.0,23.0,27.0,40.0,26.0,7.0,8.0,14.0,6.0,14.0,16.0,24.0,15.0,5.0,6.0,6.0,5.0,19.833333333333332,19.208333333333332
2026-08-07 20:00:00,20,4,0,29,9,10,198,35,11,20,6,43,20.0,25.0,15.0,31.0,6.0,7.0,4.0,10.0,28.0,32.0,26.0,37.0,12.0,9.0,9.0,11.0,18.0,19.0,15.0,23.0,6.0,6.0,7.0,5.0,22.166666666666668,19.125
2026-08-07 21:00:00,21,4,0,18,6,19,198,22,6,13,4,47,29.0,17.0,26.0,24.0,9.0,5.0,7.0,8.0,35.0,23.0,30.0,25.0,11.0,7.0,9.0,10.0,20.0,14.0,22.0,16.0,6.0,5.0,5.0,3.0,20.833333333333332,18.875
2026-08-07 22:00:00,22,4,0,18,6,9,198,22,8,12,5,47,18.0,20.0,16.0,18.0,6.0,6.0,4.0,6.0,22.0,28.0,27.0,24.0,6.0,12.0,8.0,8.0,13.0,18.0,16.0,12.0,4.0,6.0,6.0,4.0,21.166666666666668,18.875
2026-08-07 23:00:00,23,4,0,17,6,13,198,21,7,15,5,45,18.0,29.0,25.0,9.0,6.0,9.0,7.0,3.0,22.0,35.0,32.0,14.0,8.0,11.0,9.0,4.0,12.0,20.0,19.0,9.0,5.0,6.0,6.0,3.0,19.833333333333332,19.208333333333332
2026-08-08 00:00:00,0,5,1,11,4,11,198,10,3,4,2,46,17.0,18.0,17.0,17.0,6.0,6.0,5.0,6.0,21.0,22.0,23.0,20.0,7.0,6.0,7.0,6.0,15.0,13.0,14.0,15.0,5.0,4.0,5.0,4.0,18.833333333333332,18.958333333333332
2026-08-08 01:00:00,1,5,1,12,4,14,198,11,6,3,3,48,11.0,18.0,20.0,22.0,4.0,6.0,6.0,7.0,10.0,22.0,28.0,27.0,3.0,8.0,12.0,9.0,4.0,12.0,18.0,20.0,2.0,5.0,6.0,5.0,17.5,18.541666666666668
2026-08-08 02:00:00,2,5,1,13,4,11,198,12,5,4,2,46,12.0,17.0,29.0,10.0,4.0,6.0,9.0,3.0,11.0,21.0,35.0,17.0,6.0,7.0,11.0,5.0,3.0,15.0,20.0,10.0,3.0,5.0,6.0,5.0,14.833333333333334,18.666666666666668
2026-08-08 03:00:00,3,5,1,15,5,7,198,19,6,9,4,48,13.0,11.0,18.0,13.0,4.0,4.0,6.0,4.0,12.0,10.0,22.0,21.0,5.0,3.0,6.0,7.0,4.0,4.0,13.0,13.0,2.0,2.0,4.0,5.0,14.333333333333334,18.75
2026-08-08 04:00:00,4,5,1,12,4,17,198,11,3,10,0,47,15.0,12.0,18.0,19.0,5.0,4.0,6.0,6.0,19.0,11.0,22.0,20.0,6.0,6.0,8.0,9.0,9.0,3.0,12.0,17.0,4.0,3.0,5.0,3.0,13.333333333333334,18.458333333333332
2026-08-08 05:00:00,5,5,1,13,4,9,198,14,4,9,2,49,12.0,13.0,17.0,14.0,4.0,4.0,6.0,4.0,11.0,12.0,21.0,14.0,3.0,5.0,7.0,7.0,10.0,4.0,15.0,11.0,0.0,2.0,5.0,2.0,12.666666666666666,18.416666666666668
2026-08-08 06:00:00,6,5,1,17,5,13,198,9,5,7,1,51,13.0,15.0,11.0,14.0,4.0,5.0,4.0,4.0,14.0,19.0,10.0,23.0,4.0,6.0,3.0,5.0,9.0,9.0,4.0,13.0,2.0,4.0,2.0,3.0,13.666666666666666,18.541666666666668
2026-08-08 07:00:00,7,5,1,11,3,11,198,19,6,13,3,77,17.0,12.0,12.0,20.0,5.0,4.0,4.0,6.0,9.0,11.0,11.0,25.0,5.0,3.0,6.0,9.0,7.0,10.0,3.0,14.0,1.0,0.0,3.0,3.0,13.5,18.166666666666668
2026-08-08 08:00:00,8,5,1,11,3,7,198,14,2,9,1,78,11.0,13.0,13.0,20.0,3.0,4.0,4.0,6.0,19.0,14.0,12.0,22.0,6.0,4.0,5.0,7.0,13.0,9.0,4.0,16.0,3.0,2.0,2.0,4.0,13.166666666666666,17.791666666666668
2026-08-08 09:00:00,9,5,1,20,5,8,198,23,8,14,3,77,11.0,17.0,15.0,23.0,3.0,5.0,5.0,6.0,14.0,9.0,19.0,30.0,2.0,5.0,6.0,10.0,9.0,7.0,9.0,17.0,1.0,1.0,4.0,5.0,14.0,17.666666666666668
2026-08-08 10:00:00,10,5,1,19,5,5,198,25,6,18,2,75,20.0,11.0,12.0,23.0,5.0,3.0,4.0,6.0,23.0,19.0,11.0,27.0,8.0,6.0,3.0,10.0,14.0,13.0,10.0,19.0,3.0,3.0,0.0,4.0,15.166666666666666,17.5
2026-08-08 11:00:00,11,5,1,21,5,11,198,18,10,11,2,73,19.0,11.0,13.0,19.0,5.0,3.0,4.0,5.0,25.0,14.0,14.0,28.0,6.0,2.0,4.0,9.0,18.0,9.0,9.0,18.0,2.0,1.0,2.0,6.0,16.5,17.583333333333332
2026-08-08 12:00:00,12,5,1,19,5,11,198,24,7,18,1,73,21.0,20.0,17.0,15.0,5.0,5.0,5.0,4.0,18.0,23.0,9.0,22.0,10.0,8.0,5.0,8.0,11.0,14.0,7.0,15.0,2.0,3.0,1.0,5.0,16.833333333333332,17.75
2026-08-08 13:00:00,13,5,1,26,7,8,198,23,8,16,2,71,19.0,19.0,11.0,31.0,5.0,5.0,3.0,8.0,24.0,25.0,19.0,40.0,7.0,6.0,6.0,14.0,18.0,18.0,13.0,24.0,1.0,2.0,3.0,6.0,19.333333333333332,17.541666666666668
2026-08-08 14:00:00,14,5,1,14,4,13,198,19,7,11,4,74,26.0,21.0,11.0,15.0,7.0,5.0,3.0,4.0,23.0,18.0,14.0,26.0,8.0,10.0,2.0,9.0,16.0,11.0,9.0,15.0,2.0,2.0,1.0,7.0,19.833333333333332,17.5
2026-08-08 15:00:00,15,5,1,21,6,5,198,19,6,11,3,76,14.0,19.0,20.0,26.0,4.0,5.0,5.0,7.0,19.0,24.0,23.0,30.0,7.0,7.0,8.0,9.0,11.0,18.0,14.0,22.0,4.0,1.0,3.0,5.0,20.0,17.291666666666668
2026-08-08 16:00:00,16,5,1,12,3,4,198,15,5,8,3,72,21.0,26.0,19.0,16.0,6.0,7.0,5.0,4.0,19.0,23.0,25.0,27.0,6.0,8.0,6.0,8.0,11.0,16.0,18.0,16.0,3.0,2.0,2.0,6.0,18.833333333333332,17.125
2026-08-08 17:00:00,17,5,1,13,4,11,198,19,7,14,4,74,12.0,14.0,21.0,25.0,3.0,4.0,5.0,7.0,15.0,19.0,18.0,32.0,5.0,7.0,10.0,9.0,8.0,11.0,11.0,19.0,3.0,4.0,2.0,6.0,17.5,16.625
2026-08-08 18:00:00,18,5,1,19,6,11,198,21,10,12,3,72,13.0,21.0,19.0,17.0,4.0,6.0,5.0,5.0,19.0,19.0,24.0,23.0,7.0,6.0,7.0,7.0,14.0,11.0,18.0,14.0,4.0,3.0,1.0,5.0,17.5,16.708333333333332
2026-08-08 19:00:00,19,5,1,20,6,11,198,23,9,13,2,49,19.0,12.0,26.0,20.0,6.0,3.0,7.0,6.0,21.0,15.0,23.0,28.0,10.0,5.0,8.0,12.0,12.0,8.0,16.0,18.0,3.0,3.0,2.0,6.0,16.5,16.708333333333332
2026-08-08 20:00:00,20,5,1,19,6,12,198,22,10,14,3,46,20.0,13.0,14.0,29.0,6.0,4.0,4.0,9.0,23.0,19.0,19.0,35.0,9.0,7.0,7.0,11.0,13.0,14.0,11.0,20.0,2.0,4.0,4.0,6.0,17.333333333333332,16.291666666666668
2026-08-08 21:00:00,21,5,1,14,5,15,198,14,4,8,2,46,19.0,19.0,21.0,18.0,6.0,6.0,6.0,6.0,22.0,21.0,19.0,22.0,10.0,10.0,6.0,6.0,14.0,12.0,11.0,13.0,3.0,3.0,3.0,4.0,16.166666666666668,16.125
2026-08-08 22:00:00,22,5,1,16,5,6,198,15,6,10,2,46,14.0,20.0,12.0,18.0,5.0,6.0,3.0,6.0,14.0,23.0,15.0,22.0,4.0,9.0,5.0,8.0,8.0,13.0,8.0,12.0,2.0,2.0,3.0,5.0,16.833333333333332,16.041666666666668
2026-08-08 23:00:00,23,5,1,13,4,13,198,15,5,13,1,50,16.0,19.0,13.0,17.0,5.0,6.0,4.0,6.0,15.0,22.0,19.0,21.0,6.0,10.0,7.0,7.0,10.0,14.0,14.0,15.0,2.0,3.0,4.0,5.0,16.833333333333332,15.875
2026-08-09 00:00:00,0,6,1,14,5,8,198,15,6,11,3,48,13.0,14.0,19.0,11.0,4.0,5.0,6.0,4.0,15.0,14.0,21.0,10.0,5.0,4.0,10.0,3.0,13.0,8.0,12.0,4.0,1.0,2.0,3.0,2.0,16.0,16.0
2026-08-09 01:00:00,1,6,1,16,5,7,198,20,9,12,2,47,14.0,16.0,20.0,12.0,5.0,5.0,6.0,4.0,15.0,15.0,23.0,11.0,6.0,6.0,9.0,6.0,11.0,10.0,13.0,3.0,3.0,2.0,2.0,3.0,15.333333333333334,16.166666666666668
2026-08-09 02:00:00,2,6,1,12,4,13,198,17,5,8,2,49,16.0,13.0,19.0,13.0,5.0,4.0,6.0,4.0,20.0,15.0,22.0,12.0,9.0,5.0,10.0,5.0,12.0,13.0,14.0,4.0,2.0,1.0,3.0,2.0,14.166666666666666,16.125
2026-08-09 03:00:00,3,6,1,16,5,9,198,10,3,5,1,47,12.0,14.0,14.0,15.0,4.0,5.0,5.0,5.0,17.0,15.0,14.0,19.0,5.0,6.0,4.0,6.0,8.0,11.0,8.0,9.0,2.0,3.0,2.0,4.0,14.5,16.166666666666668
2026-08-09 04:00:00,4,6,1,16,5,11,198,20,8,14,2,51,16.0,16.0,16.0,12.0,5.0,5.0,5.0,4.0,10.0,20.0,15.0,11.0,3.0,9.0,6.0,3.0,5.0,12.0,10.0,10.0,1.0,2.0,2.0,0.0,14.5,16.333333333333332
2026-08-09 05:00:00,5,6,1,18,6,5,198,23,5,12,1,45,16.0,12.0,13.0,13.0,5.0,4.0,4.0,4.0,20.0,17.0,15.0,14.0,8.0,5.0,5.0,4.0,14.0,8.0,13.0,9.0,2.0,2.0,1.0,2.0,15.333333333333334,16.541666666666668
2026-08-09 06:00:00,6,6,1,14,4,7,198,16,5,14,2,47,18.0,16.0,14.0,17.0,6.0,5.0,5.0,5.0,23.0,10.0,15.0,9.0,5.0,3.0,6.0,5.0,12.0,5.0,11.0,7.0,1.0,1.0,3.0,1.0,15.333333333333334,16.416666666666668
2026-08-09 07:00:00,7,6,1,13,4,6,198,18,6,11,3,70,14.0,16.0,16.0,11.0,4.0,5.0,5.0,3.0,16.0,20.0,20.0,19.0,5.0,8.0,9.0,6.0,14.0,14.0,12.0,13.0,2.0,2.0,2.0,3.0,14.833333333333334,16.5
2026-08-09 08:00:00,8,6,1,15,4,6,198,21,6,13,3,73,13.0,18.0,12.0,11.0,4.0,6.0,4.0,3.0,18.0,23.0,17.0,14.0,6.0,5.0,5.0,2.0,11.0,12.0,8.0,9.0,3.0,1.0,2.0,1.0,15.333333333333334,16.666666666666668
2026-08-09 09:00:00,9,6,1,16,4,8,198,16,7,9,2,69,15.0,14.0,16.0,20.0,4.0,4.0,5.0,5.0,21.0,16.0,10.0,23.0,6.0,5.0,3.0,8.0,13.0,14.0,5.0,14.0,3.0,2.0,1.0,3.0,15.333333333333334,16.5
2026-08-09 10:00:00,10,6,1,14,4,6,198,14,3,10,1,76,16.0,13.0,16.0,19.0,4.0,4.0,5.0,5.0,16.0,18.0,20.0,25.0,7.0,6.0,8.0,6.0,9.0,11.0,14.0,18.0,2.0,3.0,2.0,2.0,15.0,16.291666666666668
2026-08-09 11:00:00,11,6,1,17,4,10,198,19,6,9,5,76,14.0,15.0,18.0,21.0,4.0,4.0,6.0,5.0,14.0,21.0,23.0,18.0,3.0,6.0,5.0,10.0,10.0,13.0,12.0,11.0,1.0,3.0,1.0,2.0,14.833333333333334,16.125
2026-08-09 12:00:00,12,6,1,19,5,8,198,23,8,19,4,76,17.0,16.0,14.0,19.0,4.0,4.0,4.0,5.0,19.0,16.0,16.0,24.0,6.0,7.0,5.0,7.0,9.0,9.0,14.0,18.0,5.0,2.0,2.0,1.0,15.666666666666666,16.125
2026-08-09 13:00:00,13,6,1,22,6,7,198,25,11,18,3,74,19.0,14.0,13.0,26.0,5.0,4.0,4.0,7.0,23.0,14.0,18.0,23.0,8.0,3.0,6.0,8.0,19.0,10.0,11.0,16.0,4.0,1.0,3.0,2.0,17.166666666666668,15.958333333333334
2026-08-09 14:00:00,14,6,1,22,6,10,198,24,8,17,2,71,22.0,17.0,15.0,14.0,6.0,4.0,4.0,4.0,25.0,19.0,21.0,19.0,11.0,6.0,6.0,7.0,18.0,9.0,13.0,11.0,3.0,5.0,3.0,4.0,18.333333333333332,16.291666666666668
2026-08-09 15:00:00,15,6,1,15,4,5,198,19,8,9,2,72,22.0,19.0,16.0,21.0,6.0,5.0,4.0,6.0,24.0,23.0,16.0,19.0,8.0,8.0,7.0,6.0,17.0,19.0,9.0,11.0,2.0,4.0,2.0,3.0,18.166666666666668,16.041666666666668
2026-08-09 16:00:00,16,6,1,21,6,8,198,19,8,12,2,79,15.0,22.0,14.0,12.0,4.0,6.0,4.0,3.0,19.0,25.0,14.0,15.0,8.0,11.0,3.0,5.0,9.0,18.0,10.0,8.0,2.0,3.0,1.0,3.0,19.333333333333332,16.416666666666668
2026-08-09 17:00:00,17,6,1,18,5,10,198,21,7,15,4,78,21.0,22.0,17.0,13.0,6.0,6.0,4.0,4.0,19.0,24.0,19.0,19.0,8.0,8.0,6.0,7.0,12.0,17.0,9.0,14.0,2.0,2.0,5.0,4.0,19.5,16.625
2026-08-09 18:00:00,18,6,1,13,4,8,198,22,6,15,3,74,18.0,15.0,19.0,19.0,5.0,4.0,5.0,6.0,21.0,19.0,23.0,21.0,7.0,8.0,8.0,10.0,15.0,9.0,19.0,12.0,4.0,2.0,4.0,3.0,18.5,16.375
2026-08-09 19:00:00,19,6,1,13,4,12,198,14,3,7,2,46,13.0,21.0,22.0,20.0,4.0,6.0,6.0,6.0,22.0,19.0,25.0,23.0,6.0,8.0,11.0,9.0,15.0,12.0,18.0,13.0,3.0,2.0,3.0,2.0,17.0,16.083333333333332
2026-08-09 20:00:00,20,6,1,13,4,11,198,15,5,8,2,52,13.0,18.0,22.0,19.0,4.0,5.0,6.0,6.0,14.0,21.0,24.0,22.0,3.0,7.0,8.0,10.0,7.0,15.0,17.0,14.0,2.0,4.0,2.0,3.0,15.5,15.833333333333334
2026-08-09 21:00:00,21,6,1,17,6,10,198,19,6,11,3,46,13.0,13.0,15.0,14.0,4.0,4.0,4.0,5.0,15.0,22.0,19.0,14.0,5.0,6.0,8.0,4.0,8.0,15.0,9.0,8.0,2.0,3.0,2.0,2.0,15.833333333333334,15.958333333333334
2026-08-09 22:00:00,22,6,1,20,7,16,198,21,9,12,4,49,17.0,13.0,21.0,16.0,6.0,4.0,6.0,5.0,19.0,14.0,19.0,15.0,6.0,3.0,8.0,6.0,11.0,7.0,12.0,10.0,3.0,2.0,2.0,2.0,15.666666666666666,16.125
2026-08-09 23:00:00,23,6,1,13,4,9,198,23,9,17,4,52,20.0,13.0,18.0,13.0,7.0,4.0,5.0,4.0,21.0,15.0,21.0,15.0,9.0,5.0,7.0,5.0,12.0,8.0,15.0,13.0,4.0,2.0,4.0,1.0,14.833333333333334,16.125
2026-08-10 00:00:00,0,0,0,16,5,11,198,21,7,9,5,45,13.0,17.0,13.0,14.0,4.0,6.0,4.0,5.0,23.0,19.0,22.0,15.0,9.0,6.0,6.0,6.0,17.0,11.0,15.0,11.0,4.0,3.0,3.0,3.0,15.333333333333334,16.208333333333332
2026-08-10 01:00:00,1,0,0,14,5,12,198,15,4,11,4,50,16.0,20.0,13.0,16.0,5.0,7.0,4.0,5.0,21.0,21.0,14.0,20.0,7.0,9.0,3.0,9.0,9.0,12.0,7.0,12.0,5.0,4.0,2.0,2.0,15.5,16.125
2026-08-10 02:00:00,2,0,0,10,3,8,198,9,4,3,1,50,14.0,13.0,13.0,12.0,5.0,4.0,4.0,4.0,15.0,23.0,15.0,17.0,4.0,9.0,5.0,5.0,11.0,17.0,8.0,8.0,4.0,4.0,2.0,2.0,15.0,16.041666666666668
2026-08-10 03:00:00,3,0,0,14,5,8,198,14,4,7,5,48,10.0,16.0,17.0,16.0,3.0,5.0,6.0,5.0,9.0,21.0,19.0,10.0,4.0,7.0,6.0,3.0,3.0,9.0,11.0,5.0,1.0,5.0,3.0,1.0,14.5,15.958333333333334
2026-08-10 04:00:00,4,0,0,19,6,12,198,21,6,9,4,45,14.0,14.0,20.0,16.0,5.0,5.0,7.0,5.0,14.0,15.0,21.0,20.0,4.0,4.0,9.0,8.0,7.0,11.0,12.0,14.0,5.0,4.0,4.0,2.0,14.333333333333334,16.083333333333332
2026-08-10 05:00:00,5,0,0,21,7,9,198,22,6,13,4,46,19.0,10.0,13.0,18.0,6.0,3.0,4.0,6.0,21.0,9.0,23.0,23.0,6.0,4.0,9.0,5.0,9.0,3.0,17.0,12.0,4.0,1.0,4.0,1.0,15.666666666666666,16.208333333333332
2026-08-10 06:00:00,6,0,0,17,5,10,198,25,8,19,5,49,21.0,14.0,16.0,14.0,7.0,5.0,5.0,4.0,22.0,14.0,21.0,16.0,6.0,4.0,7.0,5.0,13.0,7.0,9.0,14.0,4.0,5.0,5.0,2.0,15.833333333333334,16.333333333333332
2026-08-10 07:00:00,7,0,0,22,6,7,198,22,9,14,3,70,17.0,19.0,14.0,13.0,5.0,6.0,5.0,4.0,25.0,21.0,15.0,18.0,8.0,6.0,4.0,6.0,19.0,9.0,11.0,11.0,5.0,4.0,4.0,3.0,17.166666666666668,16.708333333333332
2026-08-10 08:00:00,8,0,0,16,4,11,198,25,8,13,5,74,22.0,21.0,10.0,15.0,6.0,7.0,3.0,4.0,22.0,22.0,9.0,21.0,9.0,6.0,4.0,6.0,14.0,13.0,3.0,13.0,3.0,4.0,1.0,3.0,18.166666666666668,16.75
2026-08-10 09:00:00,9,0,0,14,4,5,198,26,8,18,6,76,16.0,17.0,14.0,16.0,4.0,5.0,5.0,4.0,25.0,25.0,14.0,16.0,8.0,8.0,4.0,7.0,13.0,19.0,7.0,9.0,5.0,5.0,5.0,2.0,18.166666666666668,16.666666666666668
2026-08-10 10:00:00,10,0,0,34,9,2,198,41,12,28,6,77,14.0,22.0,19.0,14.0,4.0,6.0,6.0,4.0,26.0,22.0,21.0,14.0,8.0,9.0,6.0,3.0,18.0,14.0,9.0,10.0,6.0,3.0,4.0,1.0,20.666666666666668,17.5
2026-08-10 11:00:00,11,0,0,25,7,7,198,31,11,19,6,70,34.0,16.0,21.0,17.0,9.0,4.0,7.0,4.0,41.0,25.0,22.0,19.0,12.0,8.0,6.0,6.0,28.0,13.0,13.0,9.0,6.0,5.0,4.0,5.0,21.333333333333332,17.833333333333332
2026-08-10 12:00:00,12,0,0,21,5,7,198,28,8,21,6,78,25.0,14.0,17.0,19.0,7.0,4.0,5.0,5.0,31.0,26.0,25.0,23.0,11.0,8.0,8.0,8.0,19.0,18.0,19.0,19.0,6.0,6.0,5.0,4.0,22.0,17.916666666666668
2026-08-10 13:00:00,13,0,0,23,6,11,198,23,8,16,5,79,21.0,34.0,22.0,22.0,5.0,9.0,6.0,6.0,28.0,41.0,22.0,25.0,8.0,12.0,9.0,11.0,21.0,28.0,14.0,18.0,6.0,6.0,3.0,3.0,22.166666666666668,17.958333333333332
2026-08-10 14:00:00,14,0,0,25,7,10,198,31,10,21,6,75,23.0,25.0,16.0,22.0,6.0,7.0,4.0,6.0,23.0,31.0,25.0,24.0,8.0,11.0,8.0,8.0,16.0,19.0,13.0,17.0,5.0,6.0,5.0,2.0,23.666666666666668,18.083333333333332
2026-08-10 15:00:00,15,0,0,19,5,10,198,24,9,13,6,71,25.0,21.0,14.0,15.0,7.0,5.0,4.0,4.0,31.0,28.0,26.0,19.0,10.0,8.0,8.0,8.0,21.0,21.0,18.0,9.0,6.0,6.0,6.0,2.0,24.5,18.25
2026-08-10 16:00:00,16,0,0,21,6,6,198,30,10,20,6,73,19.0,23.0,34.0,21.0,5.0,6.0,9.0,6.0,24.0,23.0,41.0,19.0,9.0,8.0,12.0,8.0,13.0,16.0,28.0,12.0,6.0,5.0,6.0,2.0,22.333333333333332,18.25
2026-08-10 17:00:00,17,0,0,20,6,8,198,37,12,23,7,74,21.0,25.0,25.0,18.0,6.0,7.0,7.0,5.0,30.0,31.0,31.0,21.0,10.0,10.0,11.0,7.0,20.0,21.0,19.0,15.0,6.0,6.0,6.0,4.0,21.5,18.333333333333332
2026-08-10 18:00:00,18,0,0,19,6,20,198,28,10,18,6,75,20.0,19.0,21.0,13.0,6.0,5.0,5.0,4.0,37.0,24.0,28.0,22.0,12.0,9.0,8.0,6.0,23.0,13.0,21.0,15.0,7.0,6.0,6.0,3.0,21.166666666666668,18.583333333333332
2026-08-10 19:00:00,19,0,0,19,6,10,198,22,11,12,7,48,19.0,21.0,23.0,13.0,6.0,6.0,6.0,4.0,28.0,30.0,23.0,14.0,10.0,10.0,8.0,3.0,18.0,20.0,16.0,7.0,6.0,6.0,5.0,2.0,20.5,18.833333333333332
2026-08-10 20:00:00,20,0,0,20,6,13,198,28,11,18,7,49,19.0,20.0,25.0,13.0,6.0,6.0,7.0,4.0,22.0,37.0,31.0,15.0,11.0,12.0,10.0,5.0,12.0,23.0,21.0,8.0,7.0,7.0,6.0,2.0,19.666666666666668,19.125
2026-08-10 21:00:00,21,0,0,22,7,14,198,28,10,16,5,48,20.0,19.0,19.0,17.0,6.0,6.0,5.0,6.0,28.0,28.0,24.0,19.0,11.0,10.0,9.0,6.0,18.0,18.0,13.0,11.0,7.0,6.0,6.0,3.0,20.166666666666668,19.333333333333332
2026-08-10 22:00:00,22,0,0,21,7,16,198,20,7,8,1,49,22.0,19.0,21.0,20.0,7.0,6.0,6.0,7.0,28.0,22.0,30.0,21.0,10.0,11.0,10.0,9.0,16.0,12.0,20.0,12.0,5.0,7.0,6.0,4.0,20.166666666666668,19.375
2026-08-10 23:00:00,23,0,0,20,7,13,198,25,8,17,6,47,21.0,20.0,20.0,13.0,7.0,6.0,6.0,4.0,20.0,28.0,37.0,23.0,7.0,11.0,12.0,9.0,8.0,18.0,23.0,17.0,1.0,7.0,7.0,4.0,20.166666666666668,19.666666666666668
2026-08-11 00:00:00,0,1,0,16,5,16,198,21,6,10,4,47,20.0,22.0,19.0,16.0,7.0,7.0,6.0,5.0,25.0,28.0,28.0,21.0,8.0,10.0,10.0,7.0,17.0,16.0,18.0,9.0,6.0,5.0,6.0,5.0,19.666666666666668,19.666666666666668
2026-08-11 01:00:00,1,1,0,11,4,10,198,12,3,8,4,46,16.0,21.0,19.0,14.0,5.0,7.0,6.0,5.0,21.0,20.0,22.0,15.0,6.0,7.0,11.0,4.0,10.0,8.0,12.0,11.0,4.0,1.0,7.0,4.0,18.333333333333332,19.541666666666668
2026-08-11 02:00:00,2,1,0,16,5,11,198,18,5,12,4,54,11.0,20.0,20.0,10.0,4.0,7.0,6.0,3.0,12.0,25.0,28.0,9.0,3.0,8.0,11.0,4.0,8.0,17.0,18.0,3.0,4.0,6.0,7.0,1.0,17.666666666666668,19.791666666666668
2026-08-11 03:00:00,3,1,0,18,6,10,198,24,9,16,4,52,16.0,16.0,22.0,14.0,5.0,5.0,7.0,5.0,18.0,21.0,28.0,14.0,5.0,6.0,10.0,4.0,12.0,10.0,16.0,7.0,4.0,4.0,5.0,5.0,17.0,19.958333333333332
2026-08-11 04:00:00,4,1,0,12,4,11,198,16,4,9,5,50,18.0,11.0,21.0,19.0,6.0,4.0,7.0,6.0,24.0,12.0,20.0,21.0,9.0,3.0,7.0,6.0,16.0,8.0,8.0,9.0,4.0,4.0,1.0,4.0,15.5,19.666666666666668
2026-08-11 05:00:00,5,1,0,9,3,15,198,14,7,9,3,52,12.0,16.0,20.0,21.0,4.0,5.0,7.0,7.0,16.0,18.0,25.0,22.0,4.0,5.0,8.0,6.0,9.0,12.0,17.0,13.0,5.0,4.0,6.0,4.0,13.666666666666666,19.166666666666668
2026-08-11 06:00:00,6,1,0,12,4,9,198,11,5,8,3,50,9.0,18.0,16.0,17.0,3.0,6.0,5.0,5.0,14.0,24.0,21.0,25.0,7.0,9.0,6.0,8.0,9.0,16.0,10.0,19.0,3.0,4.0,4.0,5.0,13.0,18.958333333333332
2026-08-11 07:00:00,7,1,0,13,4,9,198,25,8,17,5,75,12.0,12.0,11.0,22.0,4.0,4.0,4.0,6.0,11.0,16.0,12.0,22.0,5.0,4.0,3.0,9.0,8.0,9.0,8.0,14.0,3.0,5.0,4.0,3.0,13.333333333333334,18.583333333333332
2026-08-11 08:00:00,8,1,0,9,3,12,198,14,5,12,5,69,13.0,9.0,16.0,16.0,4.0,3.0,5.0,4.0,25.0,14.0,18.0,25.0,8.0,7.0,5.0,8.0,17.0,9.0,12.0,13.0,5.0,3.0,4.0,5.0,12.166666666666666,18.291666666666668
2026-08-11 09:00:00,9,1,0,20,5,8,198,27,8,17,6,73,9.0,12.0,18.0,14.0,3.0,4.0,6.0,4.0,14.0,11.0,24.0,26.0,5.0,5.0,9.0,8.0,12.0,8.0,16.0,18.0,5.0,3.0,4.0,6.0,12.5,18.541666666666668
2026-08-11 10:00:00,10,1,0,19,5,8,198,24,9,15,4,73,20.0,13.0,12.0,34.0,5.0,4.0,4.0,9.0,27.0,25.0,16.0,41.0,8.0,8.0,4.0,12.0,17.0,17.0,9.0,28.0,6.0,5.0,5.0,6.0,13.666666666666666,17.916666666666668
2026-08-11 11:00:00,11,1,0,15,4,12,198,18,8,9,4,71,19.0,9.0,9.0,25.0,5.0,3.0,3.0,7.0,24.0,14.0,14.0,31.0,9.0,5.0,7.0,11.0,15.0,12.0,9.0,19.0,4.0,5.0,3.0,6.0,14.666666666666666,17.5
2026-08-11 12:00:00,12,1,0,13,3,7,198,20,5,13,5,70,15.0,20.0,12.0,21.0,4.0,5.0,4.0,5.0,18.0,27.0,11.0,28.0,8.0,8.0,5.0,8.0,9.0,17.0,8.0,21.0,4.0,6.0,3.0,6.0,14.833333333333334,17.166666666666668
2026-08-11 13:00:00,13,1,0,23,6,8,198,31,8,21,6,75,13.0,19.0,13.0,23.0,3.0,5.0,4.0,6.0,20.0,24.0,25.0,23.0,5.0,9.0,8.0,8.0,13.0,15.0,17.0,16.0,5.0,4.0,5.0,5.0,16.5,17.166666666666668
2026-08-11 14:00:00,14,1,0,29,8,7,198,39,14,24,7,75,23.0,15.0,9.0,25.0,6.0,4.0,3.0,7.0,31.0,18.0,14.0,31.0,8.0,8.0,5.0,10.0,21.0,9.0,12.0,21.0,6.0,4.0,5.0,6.0,19.833333333333332,17.333333333333332
2026-08-11 15:00:00,15,1,0,34,9,9,198,38,14,25,4,70,29.0,13.0,20.0,19.0,8.0,3.0,5.0,5.0,39.0,20.0,27.0,24.0,14.0,5.0,8.0,9.0,24.0,13.0,17.0,13.0,7.0,5.0,6.0,6.0,22.166666666666668,17.958333333333332
2026-08-11 16:00:00,16,1,0,14,4,10,198,22,6,13,6,72,34.0,23.0,19.0,21.0,9.0,6.0,5.0,6.0,38.0,31.0,24.0,30.0,14.0,8.0,9.0,10.0,25.0,21.0,15.0,20.0,4.0,6.0,4.0,6.0,21.333333333333332,17.666666666666668
2026-08-11 17:00:00,17,1,0,16,5,12,198,20,6,14,4,77,14.0,29.0,15.0,20.0,4.0,8.0,4.0,6.0,22.0,39.0,18.0,37.0,6.0,14.0,8.0,12.0,13.0,24.0,9.0,23.0,6.0,7.0,4.0,7.0,21.5,17.5
2026-08-11 18:00:00,18,1,0,22,7,11,198,33,10,22,4,71,16.0,34.0,13.0,19.0,5.0,9.0,3.0,6.0,20.0,38.0,20.0,28.0,6.0,14.0,5.0,10.0,14.0,25.0,13.0,18.0,4.0,4.0,5.0,6.0,23.0,17.625
2026-08-11 19:00:00,19,1,0,17,5,10,198,27,8,19,6,49,22.0,14.0,23.0,19.0,7.0,4.0,6.0,6.0,33.0,22.0,31.0,22.0,10.0,6.0,8.0,11.0,22.0,13.0,21.0,12.0,4.0,6.0,6.0,7.0,22.0,17.541666666666668
2026-08-11 20:00:00,20,1,0,14,4,6,198,19,6,12,6,47,17.0,16.0,29.0,20.0,5.0,5.0,8.0,6.0,27.0,20.0,39.0,28.0,8.0,6.0,14.0,11.0,19.0,14.0,24.0,18.0,6.0,4.0,7.0,7.0,19.5,17.291666666666668
2026-08-11 21:00:00,21,1,0,12,4,17,198,19,6,10,5,50,14.0,22.0,34.0,22.0,4.0,7.0,9.0,7.0,19.0,33.0,38.0,28.0,6.0,10.0,14.0,10.0,12.0,22.0,25.0,16.0,6.0,4.0,4.0,5.0,15.833333333333334,16.875
2026-08-11 22:00:00,22,1,0,13,4,16,198,20,6,11,6,45,12.0,17.0,14.0,21.0,4.0,5.0,4.0,7.0,19.0,27.0,22.0,20.0,6.0,8.0,6.0,7.0,10.0,19.0,13.0,8.0,5.0,6.0,6.0,1.0,15.666666666666666,16.541666666666668
2026-08-11 23:00:00,23,1,0,25,8,18,198,28,9,19,4,48,13.0,14.0,16.0,20.0,4.0,4.0,5.0,7.0,20.0,19.0,20.0,25.0,6.0,6.0,6.0,8.0,11.0,12.0,14.0,17.0,6.0,6.0,4.0,6.0,17.166666666666668,16.75
2026-08-12 00:00:00,0,2,0,14,5,6,198,15,5,14,4,49,25.0,12.0,22.0,16.0,8.0,4.0,7.0,5.0,28.0,19.0,33.0,21.0,9.0,6.0,10.0,6.0,19.0,10.0,22.0,10.0,4.0,5.0,4.0,4.0,15.833333333333334,16.666666666666668
2026-08-12 01:00:00,1,2,0,8,3,11,198,17,6,10,7,49,14.0,13.0,17.0,11.0,5.0,4.0,5.0,4.0,15.0,20.0,27.0,12.0,5.0,6.0,8.0,3.0,14.0,11.0,19.0,8.0,4.0,6.0,6.0,4.0,14.333333333333334,16.541666666666668
2026-08-12 02:00:00,2,2,0,17,6,14,198,27,9,18,4,48,8.0,25.0,14.0,16.0,3.0,8.0,4.0,5.0,17.0,28.0,19.0,18.0,6.0,9.0,6.0,5.0,10.0,19.0,12.0,12.0,7.0,4.0,6.0,4.0,14.833333333333334,16.583333333333332
2026-08-12 03:00:00,3,2,0,14,5,8,198,22,9,13,5,49,17.0,14.0,12.0,18.0,6.0,5.0,4.0,6.0,27.0,15.0,19.0,24.0,9.0,5.0,6.0,9.0,18.0,14.0,10.0,16.0,4.0,4.0,5.0,4.0,15.166666666666666,16.416666666666668
2026-08-12 04:00:00,4,2,0,14,4,9,198,11,5,5,4,55,14.0,8.0,13.0,12.0,5.0,3.0,4.0,4.0,22.0,17.0,20.0,16.0,9.0,6.0,6.0,4.0,13.0,10.0,11.0,9.0,5.0,7.0,6.0,5.0,15.333333333333334,16.5
2026-08-12 05:00:00,5,2,0,14,4,4,198,21,5,12,3,56,14.0,17.0,25.0,9.0,4.0,6.0,8.0,3.0,11.0,27.0,28.0,14.0,5.0,9.0,9.0,7.0,5.0,18.0,19.0,9.0,4.0,4.0,4.0,3.0,13.5,16.708333333333332
2026-08-12 06:00:00,6,2,0,21,6,8,198,25,9,11,2,45,14.0,14.0,14.0,12.0,4.0,5.0,5.0,4.0,21.0,22.0,15.0,11.0,5.0,9.0,5.0,5.0,12.0,13.0,14.0,8.0,3.0,5.0,4.0,3.0,14.666666666666666,17.083333333333332
2026-08-12 07:00:00,7,2,0,18,5,15,198,21,8,16,4,66,21.0,14.0,8.0,13.0,6.0,4.0,3.0,4.0,25.0,11.0,17.0,25.0,9.0,5.0,6.0,8.0,11.0,5.0,10.0,17.0,2.0,4.0,7.0,5.0,16.333333333333332,17.291666666666668
2026-08-12 08:00:00,8,2,0,18,5,11,198,28,9,13,6,75,18.0,14.0,17.0,9.0,5.0,4.0,6.0,3.0,21.0,21.0,27.0,14.0,8.0,5.0,9.0,5.0,16.0,12.0,18.0,12.0,4.0,3.0,4.0,5.0,16.5,17.666666666666668
2026-08-12 09:00:00,9,2,0,18,5,3,198,23,6,14,6,74,18.0,21.0,14.0,20.0,5.0,6.0,5.0,5.0,28.0,25.0,22.0,27.0,9.0,9.0,9.0,8.0,13.0,11.0,13.0,17.0,6.0,2.0,5.0,6.0,17.166666666666668,17.583333333333332
2026-08-12 10:00:00,10,2,0,27,7,7,198,32,11,17,6,76,18.0,18.0,14.0,19.0,5.0,5.0,4.0,5.0,23.0,21.0,11.0,24.0,6.0,8.0,5.0,9.0,14.0,16.0,5.0,15.0,6.0,4.0,4.0,4.0,19.333333333333332,17.916666666666668
2026-08-12 11:00:00,11,2,0,25,7,6,198,33,11,19,4,74,27.0,18.0,14.0,15.0,7.0,5.0,4.0,4.0,32.0,28.0,21.0,18.0,11.0,9.0,5.0,8.0,17.0,13.0,12.0,9.0,6.0,6.0,3.0,4.0,21.166666666666668,18.333333333333332
2026-08-12 12:00:00,12,2,0,17,5,5,198,26,7,19,7,73,25.0,18.0,21.0,13.0,7.0,5.0,6.0,3.0,33.0,23.0,25.0,20.0,11.0,6.0,9.0,5.0,19.0,14.0,11.0,13.0,4.0,6.0,2.0,5.0,20.5,18.5
2026-08-12 13:00:00,13,2,0,24,6,10,198,23,6,15,5,76,17.0,27.0,18.0,23.0,5.0,7.0,5.0,6.0,26.0,32.0,21.0,31.0,7.0,11.0,8.0,8.0,19.0,17.0,16.0,21.0,7.0,6.0,4.0,6.0,21.5,18.541666666666668
2026-08-12 14:00:00,14,2,0,33,9,15,198,38,13,22,6,77,24.0,25.0,18.0,29.0,6.0,7.0,5.0,8.0,23.0,33.0,28.0,39.0,6.0,11.0,9.0,14.0,15.0,19.0,13.0,24.0,5.0,4.0,6.0,7.0,24.0,18.708333333333332
2026-08-12 15:00:00,15,2,0,22,6,11,198,29,9,17,6,69,33.0,17.0,18.0,34.0,9.0,5.0,5.0,9.0,38.0,26.0,23.0,38.0,13.0,7.0,6.0,14.0,22.0,19.0,14.0,25.0,6.0,7.0,6.0,4.0,24.666666666666668,18.208333333333332
2026-08-12 16:00:00,16,2,0,23,7,12,198,33,11,19,6,71,22.0,24.0,27.0,14.0,6.0,6.0,7.0,4.0,29.0,23.0,32.0,22.0,9.0,6.0,11.0,6.0,17.0,15.0,17.0,13.0,6.0,5.0,6.0,6.0,24.0,18.583333333333332
2026-08-12 17:00:00,17,2,0,24,7,10,198,32,11,20,7,73,23.0,33.0,25.0,16.0,7.0,9.0,7.0,5.0,33.0,38.0,33.0,20.0,11.0,13.0,11.0,6.0,19.0,22.0,19.0,14.0,6.0,6.0,4.0,4.0,23.833333333333332,18.916666666666668
2026-08-12 18:00:00,18,2,0,31,9,15,198,34,10,21,5,73,24.0,22.0,17.0,22.0,7.0,6.0,5.0,7.0,32.0,29.0,26.0,33.0,11.0,9.0,7.0,10.0,20.0,17.0,19.0,22.0,7.0,6.0,7.0,4.0,26.166666666666668,19.291666666666668
2026-08-12 19:00:00,19,2,0,26,8,13,198,32,10,24,4,46,31.0,23.0,24.0,17.0,9.0,7.0,6.0,5.0,34.0,33.0,23.0,27.0,10.0,11.0,6.0,8.0,21.0,19.0,15.0,19.0,5.0,6.0,5.0,6.0,26.5,19.666666666666668
2026-08-12 20:00:00,20,2,0,21,7,9,198,27,10,13,5,48,26.0,24.0,33.0,14.0,8.0,7.0,9.0,4.0,32.0,32.0,38.0,19.0,10.0,11.0,13.0,6.0,24.0,20.0,22.0,12.0,4.0,7.0,6.0,6.0,24.5,19.958333333333332
2026-08-12 21:00:00,21,2,0,20,7,10,198,23,8,14,5,50,21.0,31.0,22.0,12.0,7.0,9.0,6.0,4.0,27.0,34.0,29.0,19.0,10.0,10.0,9.0,6.0,13.0,21.0,17.0,10.0,5.0,5.0,6.0,5.0,24.166666666666668,20.291666666666668
2026-08-12 22:00:00,22,2,0,22,7,19,198,36,10,22,8,52,20.0,26.0,23.0,13.0,7.0,8.0,7.0,4.0,23.0,32.0,33.0,20.0,8.0,10.0,11.0,6.0,14.0,24.0,19.0,11.0,5.0,4.0,6.0,6.0,24.0,20.666666666666668
2026-08-12 23:00:00,23,2,0,13,4,12,198,20,6,14,5,49,22.0,21.0,24.0,25.0,7.0,7.0,7.0,8.0,36.0,27.0,32.0,28.0,10.0,10.0,11.0,9.0,22.0,13.0,20.0,19.0,8.0,5.0,7.0,4.0,22.166666666666668,20.166666666666668
2026-08-13 00:00:00,0,3,0,14,5,14,198,19,5,12,4,44,13.0,20.0,31.0,14.0,4.0,7.0,9.0,5.0,20.0,23.0,34.0,15.0,6.0,8.0,10.0,5.0,14.0,14.0,21.0,14.0,5.0,5.0,5.0,4.0,19.333333333333332,20.166666666666668
2026-08-13 01:00:00,1,3,0,20,7,13,198,23,9,15,3,47,14.0,22.0,26.0,8.0,5.0,7.0,8.0,3.0,19.0,36.0,32.0,17.0,5.0,10.0,10.0,6.0,12.0,22.0,24.0,10.0,4.0,8.0,4.0,7.0,18.333333333333332,20.666666666666668
2026-08-13 02:00:00,2,3,0,17,6,17,198,15,6,10,2,47,20.0,13.0,21.0,17.0,7.0,4.0,7.0,6.0,23.0,20.0,27.0,27.0,9.0,6.0,10.0,9.0,15.0,14.0,13.0,18.0,3.0,5.0,5.0,4.0,17.666666666666668,20.666666666666668
2026-08-13 03:00:00,3,3,0,19,6,13,198,20,5,11,3,49,17.0,14.0,20.0,14.0,6.0,5.0,7.0,5.0,15.0,19.0,23.0,22.0,6.0,5.0,8.0,9.0,10.0,12.0,14.0,13.0,2.0,4.0,5.0,5.0,17.5,20.875
2026-08-13 04:00:00,4,3,0,13,4,12,198,18,7,14,4,48,19.0,20.0,22.0,14.0,6.0,7.0,7.0,4.0,20.0,23.0,36.0,11.0,5.0,9.0,10.0,5.0,11.0,15.0,22.0,5.0,3.0,3.0,8.0,4.0,16.0,20.833333333333332
2026-08-13 05:00:00,5,3,0,20,6,12,198,27,8,18,6,53,13.0,17.0,13.0,14.0,4.0,6.0,4.0,4.0,18.0,15.0,20.0,21.0,7.0,6.0,6.0,5.0,14.0,10.0,14.0,12.0,4.0,2.0,5.0,3.0,17.166666666666668,21.083333333333332
2026-08-13 06:00:00,6,3,0,16,5,10,198,28,12,19,6,46,20.0,19.0,14.0,21.0,6.0,6.0,5.0,6.0,27.0,20.0,19.0,25.0,8.0,5.0,5.0,9.0,18.0,11.0,12.0,11.0,6.0,3.0,4.0,2.0,17.5,20.875
2026-08-13 07:00:00,7,3,0,25,7,7,198,30,10,21,5,74,16.0,13.0,20.0,18.0,5.0,4.0,7.0,5.0,28.0,18.0,23.0,21.0,12.0,7.0,9.0,8.0,19.0,14.0,15.0,16.0,6.0,4.0,3.0,4.0,18.333333333333332,21.166666666666668
2026-08-13 08:00:00,8,3,0,18,5,8,198,25,7,16,4,80,25.0,20.0,17.0,18.0,7.0,6.0,6.0,5.0,30.0,27.0,15.0,28.0,10.0,8.0,6.0,9.0,21.0,18.0,10.0,13.0,5.0,6.0,2.0,6.0,18.5,21.166666666666668
2026-08-13 09:00:00,9,3,0,24,7,10,198,29,8,21,5,71,18.0,16.0,19.0,18.0,5.0,5.0,6.0,5.0,25.0,28.0,20.0,23.0,7.0,12.0,5.0,6.0,16.0,19.0,11.0,14.0,4.0,6.0,3.0,6.0,19.333333333333332,21.416666666666668
2026-08-13 10:00:00,10,3,0,28,8,8,198,35,12,22,5,73,24.0,25.0,13.0,27.0,7.0,7.0,4.0,7.0,29.0,30.0,18.0,32.0,8.0,10.0,7.0,11.0,21.0,21.0,14.0,17.0,5.0,5.0,4.0,6.0,21.833333333333332,21.458333333333332
2026-08-13 11:00:00,11,3,0,25,7,11,198,34,11,21,7,70,28.0,18.0,20.0,25.0,8.0,5.0,6.0,7.0,35.0,25.0,27.0,33.0,12.0,7.0,8.0,11.0,22.0,16.0,18.0,19.0,5.0,4.0,6.0,4.0,22.666666666666668,21.458333333333332
2026-08-13 12:00:00,12,3,0,22,6,5,198,27,9,17,5,73,25.0,24.0,16.0,17.0,7.0,7.0,5.0,5.0,34.0,29.0,28.0,26.0,11.0,8.0,12.0,7.0,21.0,21.0,19.0,19.0,7.0,5.0,6.0,7.0,23.666666666666668,21.666666666666668
2026-08-13 13:00:00,13,3,0,28,7,12,198,34,14,21,6,71,22.0,28.0,25.0,24.0,6.0,8.0,7.0,6.0,27.0,35.0,30.0,23.0,9.0,12.0,10.0,6.0,17.0,22.0,21.0,15.0,5.0,5.0,5.0,5.0,24.166666666666668,21.833333333333332
2026-08-13 14:00:00,14,3,0,23,6,7,198,23,7,13,4,76,28.0,25.0,18.0,33.0,7.0,7.0,5.0,9.0,34.0,34.0,25.0,38.0,14.0,11.0,7.0,13.0,21.0,21.0,16.0,22.0,6.0,7.0,4.0,6.0,25.0,21.416666666666668
2026-08-13 15:00:00,15,3,0,26,7,16,198,34,12,24,6,73,23.0,22.0,24.0,22.0,6.0,6.0,7.0,6.0,23.0,27.0,29.0,29.0,7.0,9.0,8.0,9.0,13.0,17.0,21.0,17.0,4.0,5.0,5.0,6.0,25.333333333333332,21.583333333333332
2026-08-13 16:00:00,16,3,0,29,8,15,198,36,14,23,7,70,26.0,28.0,28.0,23.0,7.0,7.0,8.0,7.0,34.0,34.0,35.0,33.0,12.0,14.0,12.0,11.0,24.0,21.0,22.0,19.0,6.0,6.0,5.0,6.0,25.5,21.833333333333332
2026-08-13 17:00:00,17,3,0,19,6,11,198,23,8,14,5,76,29.0,23.0,25.0,24.0,8.0,6.0,7.0,7.0,36.0,23.0,34.0,32.0,14.0,7.0,11.0,11.0,23.0,13.0,21.0,20.0,7.0,4.0,7.0,7.0,24.5,21.625
2026-08-13 18:00:00,18,3,0,16,5,16,198,25,6,16,5,74,19.0,26.0,22.0,31.0,6.0,7.0,6.0,9.0,23.0,34.0,27.0,34.0,8.0,12.0,9.0,10.0,14.0,24.0,17.0,21.0,5.0,6.0,5.0,5.0,23.5,21.0
2026-08-13 19:00:00,19,3,0,24,8,12,198,27,10,23,6,50,16.0,29.0,28.0,26.0,5.0,8.0,7.0,8.0,25.0,36.0,34.0,32.0,6.0,14.0,14.0,10.0,16.0,23.0,21.0,24.0,5.0,7.0,6.0,4.0,22.833333333333332,20.916666666666668
2026-08-13 20:00:00,20,3,0,22,7,14,198,24,7,13,4,44,24.0,19.0,23.0,21.0,8.0,6.0,6.0,7.0,27.0,23.0,23.0,27.0,10.0,8.0,7.0,10.0,23.0,14.0,13.0,13.0,6.0,5.0,4.0,5.0,22.666666666666668,20.958333333333332
2026-08-13 21:00:00,21,3,0,16,5,13,198,27,11,15,6,48,22.0,16.0,26.0,20.0,7.0,5.0,7.0,7.0,24.0,25.0,34.0,23.0,7.0,6.0,12.0,8.0,13.0,16.0,24.0,14.0,4.0,5.0,6.0,5.0,21.0,20.791666666666668
2026-08-13 22:00:00,22,3,0,25,9,14,198,29,9,15,4,49,16.0,24.0,29.0,22.0,5.0,8.0,8.0,7.0,27.0,27.0,36.0,36.0,11.0,10.0,14.0,10.0,15.0,23.0,23.0,22.0,6.0,6.0,7.0,8.0,20.333333333333332,20.916666666666668
2026-08-13 23:00:00,23,3,0,25,9,13,198,28,14,17,4,46,25.0,22.0,19.0,13.0,9.0,7.0,6.0,4.0,29.0,24.0,23.0,20.0,9.0,7.0,8.0,6.0,15.0,13.0,14.0,14.0,4.0,4.0,5.0,5.0,21.333333333333332,21.416666666666668
2026-08-14 00:00:00,0,4,0,22,8,16,198,25,11,16,3,43,25.0,16.0,16.0,14.0,9.0,5.0,5.0,5.0,28.0,27.0,25.0,19.0,14.0,11.0,6.0,5.0,17.0,15.0,16.0,12.0,4.0,6.0,5.0,4.0,22.333333333333332,21.75
2026-08-14 01:00:00,1,4,0,18,6,8,198,24,7,14,5,47,22.0,25.0,24.0,20.0,8.0,9.0,8.0,7.0,25.0,29.0,27.0,23.0,11.0,9.0,10.0,9.0,16.0,15.0,23.0,15.0,3.0,4.0,6.0,3.0,21.333333333333332,21.666666666666668
2026-08-14 02:00:00,2,4,0,14,5,10,198,19,7,11,7,51,18.0,25.0,22.0,17.0,6.0,9.0,7.0,6.0,24.0,28.0,24.0,15.0,7.0,14.0,7.0,6.0,14.0,17.0,13.0,10.0,5.0,4.0,4.0,2.0,20.0,21.541666666666668
2026-08-14 03:00:00,3,4,0,14,5,12,198,19,8,12,5,50,14.0,22.0,16.0,19.0,5.0,8.0,5.0,6.0,19.0,25.0,27.0,20.0,7.0,11.0,11.0,5.0,11.0,16.0,15.0,11.0,7.0,3.0,6.0,3.0,19.666666666666668,21.333333333333332
2026-08-14 04:00:00,4,4,0,19,6,13,198,26,10,15,3,46,14.0,18.0,25.0,13.0,5.0,6.0,9.0,4.0,19.0,24.0,29.0,18.0,8.0,7.0,9.0,7.0,12.0,14.0,15.0,14.0,5.0,5.0,4.0,4.0,18.666666666666668,21.583333333333332
2026-08-14 05:00:00,5,4,0,18,6,8,198,22,8,14,5,43,19.0,14.0,25.0,20.0,6.0,5.0,9.0,6.0,26.0,19.0,28.0,27.0,10.0,7.0,14.0,8.0,15.0,11.0,17.0,18.0,3.0,7.0,4.0,6.0,17.5,21.5
2026-08-14 06:00:00,6,4,0,12,4,14,198,16,7,12,4,46,18.0,14.0,22.0,16.0,6.0,5.0,8.0,5.0,22.0,19.0,25.0,28.0,8.0,8.0,11.0,12.0,14.0,12.0,16.0,19.0,5.0,5.0,3.0,6.0,15.833333333333334,21.333333333333332
2026-08-14 07:00:00,7,4,0,16,5,14,198,22,7,15,6,72,12.0,19.0,18.0,25.0,4.0,6.0,6.0,7.0,16.0,26.0,24.0,30.0,7.0,10.0,7.0,10.0,12.0,15.0,14.0,21.0,4.0,3.0,5.0,5.0,15.5,20.958333333333332
2026-08-14 08:00:00,8,4,0,17,5,11,198,24,8,17,6,74,16.0,18.0,14.0,18.0,5.0,6.0,5.0,5.0,22.0,22.0,19.0,25.0,7.0,8.0,7.0,7.0,15.0,14.0,11.0,16.0,6.0,5.0,7.0,4.0,16.0,20.916666666666668
2026-08-14 09:00:00,9,4,0,21,6,10,198,20,7,15,2,73,17.0,12.0,14.0,24.0,5.0,4.0,5.0,7.0,24.0,16.0,19.0,29.0,8.0,7.0,8.0,8.0,17.0,12.0,12.0,21.0,6.0,4.0,5.0,5.0,17.166666666666668,20.791666666666668
2026-08-14 10:00:00,10,4,0,26,7,11,198,30,12,19,4,71,21.0,16.0,19.0,28.0,6.0,5.0,6.0,8.0,20.0,22.0,26.0,35.0,7.0,7.0,10.0,12.0,15.0,15.0,15.0,22.0,2.0,6.0,3.0,5.0,18.333333333333332,20.708333333333332
2026-08-14 11:00:00,11,4,0,34,9,6,198,40,14,24,6,76,26.0,17.0,18.0,25.0,7.0,5.0,6.0,7.0,30.0,24.0,22.0,34.0,12.0,8.0,8.0,11.0,19.0,17.0,14.0,21.0,4.0,6.0,5.0,7.0,21.0,21.083333333333332
2026-08-14 12:00:00,12,4,0,25,7,13,198,34,12,20,6,73,34.0,21.0,12.0,22.0,9.0,6.0,4.0,6.0,40.0,20.0,16.0,27.0,14.0,7.0,7.0,9.0,24.0,15.0,12.0,17.0,6.0,2.0,4.0,5.0,23.166666666666668,21.208333333333332
2026-08-14 13:00:00,13,4,0,28,7,13,198,29,11,17,5,74,25.0,26.0,16.0,28.0,7.0,7.0,5.0,7.0,34.0,30.0,22.0,34.0,12.0,12.0,7.0,14.0,20.0,19.0,15.0,21.0,6.0,4.0,6.0,6.0,25.166666666666668,21.208333333333332
2026-08-14 14:00:00,14,4,0,29,8,5,198,32,8,19,5,68,28.0,34.0,17.0,23.0,7.0,9.0,5.0,6.0,29.0,40.0,24.0,23.0,11.0,14.0,8.0,7.0,17.0,24.0,17.0,13.0,5.0,6.0,6.0,4.0,27.166666666666668,21.458333333333332
2026-08-14 15:00:00,15,4,0,33,9,6,198,34,12,23,4,66,29.0,25.0,21.0,26.0,8.0,7.0,6.0,7.0,32.0,34.0,20.0,34.0,8.0,12.0,7.0,12.0,19.0,20.0,15.0,24.0,5.0,6.0,2.0,6.0,29.166666666666668,21.75
2026-08-14 16:00:00,16,4,0,21,6,10,198,29,10,19,6,69,33.0,28.0,26.0,29.0,9.0,7.0,7.0,8.0,34.0,29.0,30.0,36.0,12.0,11.0,12.0,14.0,23.0,17.0,19.0,23.0,4.0,5.0,4.0,7.0,28.333333333333332,21.416666666666668
2026-08-14 17:00:00,17,4,0,25,7,10,198,32,13,21,8,72,21.0,29.0,34.0,19.0,6.0,8.0,9.0,6.0,29.0,32.0,40.0,23.0,10.0,8.0,14.0,8.0,19.0,19.0,24.0,14.0,6.0,5.0,6.0,5.0,26.833333333333332,21.666666666666668
2026-08-14 18:00:00,18,4,0,20,6,18,198,30,8,16,6,75,25.0,33.0,25.0,16.0,7.0,9.0,7.0,5.0,32.0,34.0,34.0,25.0,13.0,12.0,12.0,6.0,21.0,23.0,20.0,16.0,8.0,4.0,6.0,5.0,26.0,21.833333333333332
2026-08-14 19:00:00,19,4,0,27,9,19,198,40,16,28,8,40,20.0,21.0,28.0,24.0,6.0,6.0,7.0,8.0,30.0,29.0,29.0,27.0,8.0,10.0,11.0,10.0,16.0,19.0,17.0,23.0,6.0,6.0,5.0,6.0,25.833333333333332,21.958333333333332
2026-08-14 20:00:00,20,4,0,20,7,12,198,24,9,14,6,52,27.0,25.0,29.0,22.0,9.0,7.0,8.0,7.0,40.0,32.0,32.0,24.0,16.0,13.0,8.0,7.0,28.0,21.0,19.0,13.0,8.0,8.0,5.0,4.0,24.333333333333332,21.875
2026-08-14 21:00:00,21,4,0,29,10,13,198,33,12,18,6,48,20.0,20.0,33.0,16.0,7.0,6.0,9.0,5.0,24.0,30.0,34.0,27.0,9.0,8.0,12.0,11.0,14.0,16.0,23.0,15.0,6.0,6.0,4.0,6.0,23.666666666666668,22.416666666666668
2026-08-14 22:00:00,22,4,0,23,8,18,198,30,13,18,7,51,29.0,27.0,21.0,25.0,10.0,9.0,6.0,9.0,33.0,40.0,29.0,29.0,12.0,16.0,10.0,9.0,18.0,28.0,19.0,15.0,6.0,8.0,6.0,4.0,24.0,22.333333333333332
2026-08-14 23:00:00,23,4,0,17,6,17,198,31,11,24,5,44,23.0,20.0,25.0,25.0,8.0,7.0,7.0,9.0,30.0,24.0,32.0,28.0,13.0,9.0,13.0,14.0,18.0,14.0,21.0,17.0,7.0,6.0,8.0,4.0,22.666666666666668,22.0
2026-08-15 00:00:00,0,5,1,18,6,12,198,17,7,10,2,49,17.0,29.0,20.0,22.0,6.0,10.0,6.0,8.0,31.0,33.0,30.0,25.0,11.0,12.0,8.0,11.0,24.0,18.0,16.0,16.0,5.0,6.0,6.0,3.0,22.333333333333332,21.833333333333332
2026-08-15 01:00:00,1,5,1,17,6,16,198,25,9,15,3,47,18.0,23.0,27.0,18.0,6.0,8.0,9.0,6.0,17.0,30.0,40.0,24.0,7.0,13.0,16.0,7.0,10.0,18.0,28.0,14.0,2.0,7.0,8.0,5.0,20.666666666666668,21.791666666666668
2026-08-15 02:00:00,2,5,1,16,5,10,198,15,5,9,3,49,17.0,17.0,20.0,14.0,6.0,6.0,7.0,5.0,25.0,31.0,24.0,19.0,9.0,11.0,9.0,7.0,15.0,24.0,14.0,11.0,3.0,5.0,6.0,7.0,20.0,21.875
2026-08-15 03:00:00,3,5,1,15,5,15,198,11,4,7,1,46,16.0,18.0,29.0,14.0,5.0,6.0,10.0,5.0,15.0,17.0,33.0,19.0,5.0,7.0,12.0,8.0,9.0,10.0,18.0,12.0,3.0,2.0,6.0,5.0,17.666666666666668,21.916666666666668
2026-08-15 04:00:00,4,5,1,19,6,11,198,16,5,8,1,48,15.0,17.0,23.0,19.0,5.0,6.0,8.0,6.0,11.0,25.0,30.0,26.0,4.0,9.0,13.0,10.0,7.0,15.0,18.0,15.0,1.0,3.0,7.0,3.0,17.0,21.916666666666668
2026-08-15 05:00:00,5,5,1,15,5,17,198,14,5,9,2,50,19.0,16.0,17.0,18.0,6.0,5.0,6.0,6.0,16.0,15.0,31.0,22.0,5.0,5.0,11.0,8.0,8.0,9.0,24.0,14.0,1.0,3.0,5.0,5.0,16.666666666666668,21.791666666666668
2026-08-15 06:00:00,6,5,1,13,4,14,198,15,2,11,3,45,15.0,15.0,18.0,12.0,5.0,5.0,6.0,4.0,14.0,11.0,17.0,16.0,5.0,4.0,7.0,7.0,9.0,7.0,10.0,12.0,2.0,1.0,2.0,4.0,15.833333333333334,21.833333333333332
2026-08-15 07:00:00,7,5,1,25,7,9,198,24,9,16,3,74,13.0,19.0,17.0,16.0,4.0,6.0,6.0,5.0,15.0,16.0,25.0,22.0,2.0,5.0,9.0,7.0,11.0,8.0,15.0,15.0,3.0,1.0,3.0,6.0,17.166666666666668,22.208333333333332
2026-08-15 08:00:00,8,5,1,25,7,10,198,20,7,10,1,67,25.0,15.0,16.0,17.0,7.0,5.0,5.0,5.0,24.0,14.0,15.0,24.0,9.0,5.0,5.0,8.0,16.0,9.0,9.0,17.0,3.0,2.0,3.0,6.0,18.666666666666668,22.541666666666668
2026-08-15 09:00:00,9,5,1,31,9,9,198,37,12,22,4,75,25.0,13.0,15.0,21.0,7.0,4.0,5.0,6.0,20.0,15.0,11.0,20.0,7.0,2.0,4.0,7.0,10.0,11.0,7.0,15.0,1.0,3.0,1.0,2.0,21.333333333333332,22.958333333333332
2026-08-15 10:00:00,10,5,1,19,5,6,198,23,8,13,2,79,31.0,25.0,19.0,26.0,9.0,7.0,6.0,7.0,37.0,24.0,16.0,30.0,12.0,9.0,5.0,12.0,22.0,16.0,8.0,19.0,4.0,3.0,1.0,4.0,21.333333333333332,22.666666666666668
2026-08-15 11:00:00,11,5,1,22,6,9,198,25,6,16,2,69,19.0,25.0,15.0,34.0,5.0,7.0,5.0,9.0,23.0,20.0,14.0,40.0,8.0,7.0,5.0,14.0,13.0,10.0,9.0,24.0,2.0,1.0,2.0,6.0,22.5,22.166666666666668
2026-08-15 12:00:00,12,5,1,19,5,14,198,21,10,16,2,73,22.0,31.0,13.0,25.0,6.0,9.0,4.0,7.0,25.0,37.0,15.0,34.0,6.0,12.0,2.0,12.0,16.0,22.0,11.0,20.0,2.0,4.0,3.0,6.0,23.5,21.916666666666668
2026-08-15 13:00:00,13,5,1,20,5,6,198,26,9,16,5,76,19.0,19.0,25.0,28.0,5.0,5.0,7.0,7.0,21.0,23.0,24.0,29.0,10.0,8.0,9.0,11.0,16.0,13.0,16.0,17.0,2.0,2.0,3.0,5.0,22.666666666666668,21.583333333333332
2026-08-15 14:00:00,14,5,1,29,8,6,198,28,10,17,3,73,20.0,22.0,25.0,29.0,5.0,6.0,7.0,8.0,26.0,25.0,20.0,32.0,9.0,6.0,7.0,8.0,16.0,16.0,10.0,19.0,5.0,2.0,1.0,5.0,23.333333333333332,21.583333333333332
2026-08-15 15:00:00,15,5,1,17,5,12,198,15,4,13,2,73,29.0,19.0,31.0,33.0,8.0,5.0,9.0,9.0,28.0,21.0,37.0,34.0,10.0,10.0,12.0,12.0,17.0,16.0,22.0,23.0,3.0,2.0,4.0,4.0,21.0,20.916666666666668
2026-08-15 16:00:00,16,5,1,33,9,15,198,34,12,23,3,72,17.0,20.0,19.0,21.0,5.0,5.0,5.0,6.0,15.0,26.0,23.0,29.0,4.0,9.0,8.0,10.0,13.0,16.0,13.0,19.0,2.0,5.0,2.0,6.0,23.333333333333332,21.416666666666668
2026-08-15 17:00:00,17,5,1,20,6,18,198,19,9,13,3,72,33.0,29.0,22.0,25.0,9.0,8.0,6.0,7.0,34.0,28.0,25.0,32.0,12.0,10.0,6.0,13.0,23.0,17.0,16.0,21.0,3.0,3.0,2.0,8.0,23.0,21.208333333333332
2026-08-15 18:00:00,18,5,1,19,6,10,198,17,8,14,2,74,20.0,17.0,19.0,20.0,6.0,5.0,5.0,6.0,19.0,15.0,21.0,30.0,9.0,4.0,10.0,8.0,13.0,13.0,16.0,16.0,3.0,2.0,2.0,6.0,23.0,21.166666666666668
2026-08-15 19:00:00,19,5,1,11,3,10,198,18,7,12,3,48,19.0,33.0,20.0,27.0,6.0,9.0,5.0,9.0,17.0,34.0,26.0,40.0,8.0,12.0,9.0,16.0,14.0,23.0,16.0,28.0,2.0,3.0,5.0,8.0,21.5,20.5
2026-08-15 20:00:00,20,5,1,14,4,11,198,21,8,9,2,44,11.0,20.0,29.0,20.0,3.0,6.0,8.0,7.0,18.0,19.0,28.0,24.0,7.0,9.0,10.0,9.0,12.0,13.0,17.0,14.0,3.0,3.0,3.0,6.0,19.0,20.25
2026-08-15 21:00:00,21,5,1,18,6,8,198,20,7,14,2,48,14.0,19.0,17.0,29.0,4.0,6.0,5.0,10.0,21.0,17.0,15.0,33.0,8.0,8.0,4.0,12.0,9.0,14.0,13.0,18.0,2.0,2.0,2.0,6.0,19.166666666666668,19.791666666666668
2026-08-15 22:00:00,22,5,1,22,7,16,198,22,6,10,0,53,18.0,11.0,33.0,23.0,6.0,3.0,9.0,8.0,20.0,18.0,34.0,30.0,7.0,7.0,12.0,13.0,14.0,12.0,23.0,18.0,2.0,3.0,3.0,7.0,17.333333333333332,19.75
2026-08-15 23:00:00,23,5,1,18,6,11,198,16,6,11,1,47,22.0,14.0,20.0,17.0,7.0,4.0,6.0,6.0,22.0,21.0,19.0,31.0,6.0,8.0,9.0,11.0,10.0,9.0,13.0,24.0,0.0,2.0,3.0,5.0,17.0,19.791666666666668
2026-08-16 00:00:00,0,6,1,15,5,16,198,16,5,6,4,44,18.0,18.0,19.0,18.0,6.0,6.0,6.0,6.0,16.0,20.0,17.0,17.0,6.0,7.0,8.0,7.0,11.0,14.0,14.0,10.0,1.0,2.0,2.0,2.0,16.333333333333332,19.666666666666668
2026-08-16 01:00:00,1,6,1,18,6,8,198,24,10,14,4,48,15.0,22.0,11.0,17.0,5.0,7.0,3.0,6.0,16.0,22.0,18.0,25.0,5.0,6.0,7.0,9.0,6.0,10.0,12.0,15.0,4.0,0.0,3.0,3.0,17.5,19.708333333333332
2026-08-16 02:00:00,2,6,1,12,4,14,198,15,6,9,2,46,18.0,18.0,14.0,16.0,6.0,6.0,4.0,5.0,24.0,16.0,21.0,15.0,10.0,6.0,8.0,5.0,14.0,11.0,9.0,9.0,4.0,1.0,2.0,3.0,17.166666666666668,19.541666666666668
2026-08-16 03:00:00,3,6,1,12,4,5,198,17,8,9,4,44,12.0,15.0,18.0,15.0,4.0,5.0,6.0,5.0,15.0,16.0,20.0,11.0,6.0,5.0,7.0,4.0,9.0,6.0,14.0,7.0,2.0,4.0,2.0,1.0,16.166666666666668,19.416666666666668
2026-08-16 04:00:00,4,6,1,17,5,10,198,17,8,10,2,48,12.0,18.0,22.0,19.0,4.0,6.0,7.0,6.0,17.0,24.0,22.0,16.0,8.0,10.0,6.0,5.0,9.0,14.0,10.0,8.0,4.0,4.0,0.0,1.0,15.333333333333334,19.333333333333332
2026-08-16 05:00:00,5,6,1,10,3,10,198,15,4,11,2,46,17.0,12.0,18.0,15.0,5.0,4.0,6.0,5.0,17.0,15.0,16.0,14.0,8.0,6.0,6.0,5.0,10.0,9.0,11.0,9.0,2.0,2.0,1.0,2.0,14.0,19.125
2026-08-16 06:00:00,6,6,1,14,4,12,198,12,2,6,2,46,10.0,12.0,15.0,13.0,3.0,4.0,5.0,4.0,15.0,17.0,16.0,15.0,4.0,8.0,5.0,2.0,11.0,9.0,6.0,11.0,2.0,4.0,4.0,3.0,13.833333333333334,19.166666666666668
2026-08-16 07:00:00,7,6,1,15,4,11,198,14,7,10,2,74,14.0,17.0,18.0,25.0,4.0,5.0,6.0,7.0,12.0,17.0,24.0,24.0,2.0,8.0,10.0,9.0,6.0,10.0,14.0,16.0,2.0,2.0,4.0,3.0,13.333333333333334,18.75
2026-08-16 08:00:00,8,6,1,20,6,6,198,17,8,9,2,69,15.0,10.0,12.0,25.0,4.0,3.0,4.0,7.0,14.0,15.0,15.0,20.0,7.0,4.0,6.0,7.0,10.0,11.0,9.0,10.0,2.0,2.0,2.0,1.0,14.666666666666666,18.541666666666668
2026-08-16 09:00:00,9,6,1,11,3,10,198,15,3,9,3,69,20.0,14.0,12.0,31.0,6.0,4.0,4.0,9.0,17.0,12.0,17.0,37.0,8.0,2.0,8.0,12.0,9.0,6.0,9.0,22.0,2.0,2.0,4.0,4.0,14.5,17.708333333333332
2026-08-16 10:00:00,10,6,1,20,5,6,198,17,8,11,2,76,11.0,15.0,17.0,19.0,3.0,4.0,5.0,5.0,15.0,14.0,17.0,23.0,3.0,7.0,8.0,8.0,9.0,10.0,10.0,13.0,3.0,2.0,2.0,2.0,15.0,17.75
2026-08-16 11:00:00,11,6,1,16,4,4,198,17,6,9,3,68,20.0,20.0,10.0,22.0,5.0,6.0,3.0,6.0,17.0,17.0,15.0,25.0,8.0,8.0,4.0,6.0,11.0,9.0,11.0,16.0,2.0,2.0,2.0,2.0,16.0,17.5
2026-08-16 12:00:00,12,6,1,22,6,10,198,23,8,12,4,71,16.0,11.0,14.0,19.0,4.0,3.0,4.0,5.0,17.0,15.0,12.0,21.0,6.0,3.0,2.0,10.0,9.0,9.0,6.0,16.0,3.0,3.0,2.0,2.0,17.333333333333332,17.625
2026-08-16 13:00:00,13,6,1,18,5,5,198,20,9,13,3,69,22.0,20.0,15.0,20.0,6.0,5.0,4.0,5.0,23.0,17.0,14.0,26.0,8.0,8.0,7.0,9.0,12.0,11.0,10.0,16.0,4.0,2.0,2.0,5.0,17.833333333333332,17.541666666666668
2026-08-16 14:00:00,14,6,1,21,6,7,198,17,8,13,2,73,18.0,16.0,20.0,29.0,5.0,4.0,6.0,8.0,20.0,17.0,17.0,28.0,9.0,6.0,8.0,10.0,13.0,9.0,9.0,17.0,3.0,3.0,2.0,3.0,18.0,17.208333333333332
2026-08-16 15:00:00,15,6,1,16,4,6,198,16,6,10,1,75,21.0,22.0,11.0,17.0,6.0,6.0,3.0,5.0,17.0,23.0,15.0,15.0,8.0,8.0,3.0,4.0,13.0,12.0,9.0,13.0,2.0,4.0,3.0,2.0,18.833333333333332,17.166666666666668
2026-08-16 16:00:00,16,6,1,27,8,14,198,32,12,19,3,74,16.0,18.0,20.0,33.0,4.0,5.0,5.0,9.0,16.0,20.0,17.0,34.0,6.0,9.0,8.0,12.0,10.0,13.0,11.0,23.0,1.0,3.0,2.0,3.0,20.0,16.916666666666668
2026-08-16 17:00:00,17,6,1,22,6,8,198,23,9,15,2,81,27.0,21.0,16.0,20.0,8.0,6.0,4.0,6.0,32.0,17.0,17.0,19.0,12.0,8.0,6.0,9.0,19.0,13.0,9.0,13.0,3.0,2.0,3.0,3.0,21.0,17.0
2026-08-16 18:00:00,18,6,1,12,4,13,198,20,6,13,3,77,22.0,16.0,22.0,19.0,6.0,4.0,6.0,6.0,23.0,16.0,23.0,17.0,9.0,6.0,8.0,8.0,15.0,10.0,12.0,14.0,2.0,1.0,4.0,2.0,19.333333333333332,16.708333333333332
2026-08-16 19:00:00,19,6,1,15,5,8,198,20,7,13,2,45,12.0,27.0,18.0,11.0,4.0,8.0,5.0,3.0,20.0,32.0,20.0,18.0,6.0,12.0,9.0,7.0,13.0,19.0,13.0,12.0,3.0,3.0,3.0,3.0,18.833333333333332,16.875
2026-08-16 20:00:00,20,6,1,14,4,9,198,23,6,9,5,44,15.0,22.0,21.0,14.0,5.0,6.0,6.0,4.0,20.0,23.0,17.0,21.0,7.0,9.0,8.0,8.0,13.0,15.0,13.0,9.0,2.0,2.0,2.0,2.0,17.666666666666668,16.875
2026-08-16 21:00:00,21,6,1,14,5,14,198,14,5,7,1,56,14.0,12.0,16.0,18.0,4.0,4.0,4.0,6.0,23.0,20.0,16.0,20.0,6.0,6.0,6.0,7.0,9.0,13.0,10.0,14.0,5.0,3.0,1.0,2.0,17.333333333333332,16.708333333333332
2026-08-16 22:00:00,22,6,1,14,5,11,198,12,4,6,0,51,14.0,15.0,27.0,22.0,5.0,5.0,8.0,7.0,14.0,20.0,32.0,22.0,5.0,7.0,12.0,6.0,7.0,13.0,19.0,10.0,1.0,2.0,3.0,0.0,15.166666666666666,16.375
2026-08-16 23:00:00,23,6,1,11,4,7,198,15,4,10,2,50,14.0,14.0,22.0,18.0,5.0,4.0,6.0,6.0,12.0,23.0,23.0,16.0,4.0,6.0,9.0,6.0,6.0,9.0,15.0,11.0,0.0,5.0,2.0,1.0,13.333333333333334,16.083333333333332
2026-08-17 00:00:00,0,0,0,16,5,16,198,19,7,12,4,48,11.0,14.0,12.0,15.0,4.0,5.0,4.0,5.0,15.0,14.0,20.0,16.0,4.0,5.0,6.0,5.0,10.0,7.0,13.0,6.0,2.0,1.0,3.0,4.0,14.0,16.125
2026-08-17 01:00:00,1,0,0,13,4,14,198,14,4,10,5,49,16.0,14.0,15.0,18.0,5.0,5.0,5.0,6.0,19.0,12.0,20.0,24.0,7.0,4.0,7.0,10.0,12.0,6.0,13.0,14.0,4.0,0.0,2.0,4.0,13.666666666666666,15.916666666666666
2026-08-17 02:00:00,2,0,0,18,6,7,198,25,9,16,5,44,13.0,11.0,14.0,12.0,4.0,4.0,4.0,4.0,14.0,15.0,23.0,15.0,4.0,4.0,6.0,6.0,10.0,10.0,9.0,9.0,5.0,2.0,5.0,2.0,14.333333333333334,16.166666666666668
2026-08-17 03:00:00,3,0,0,18,6,11,198,22,5,11,6,48,18.0,16.0,14.0,12.0,6.0,5.0,5.0,4.0,25.0,19.0,14.0,17.0,9.0,7.0,5.0,8.0,16.0,12.0,7.0,9.0,5.0,4.0,1.0,4.0,15.0,16.416666666666668
2026-08-17 04:00:00,4,0,0,14,4,10,198,14,5,12,3,48,18.0,13.0,14.0,17.0,6.0,4.0,5.0,5.0,22.0,14.0,12.0,17.0,5.0,4.0,4.0,8.0,11.0,10.0,6.0,10.0,6.0,5.0,0.0,2.0,15.0,16.291666666666668
2026-08-17 05:00:00,5,0,0,12,4,6,198,17,6,13,4,45,14.0,18.0,11.0,10.0,4.0,6.0,4.0,3.0,14.0,25.0,15.0,15.0,5.0,9.0,4.0,4.0,12.0,16.0,10.0,11.0,3.0,5.0,2.0,2.0,15.166666666666666,16.375
2026-08-17 06:00:00,6,0,0,16,5,6,198,22,7,11,5,46,12.0,18.0,16.0,14.0,4.0,6.0,5.0,4.0,17.0,22.0,19.0,12.0,6.0,5.0,7.0,2.0,13.0,11.0,12.0,6.0,4.0,6.0,4.0,2.0,15.166666666666666,16.458333333333332
2026-08-17 07:00:00,7,0,0,16,5,8,198,18,6,12,5,79,16.0,14.0,13.0,15.0,5.0,4.0,4.0,4.0,22.0,14.0,14.0,14.0,7.0,5.0,4.0,7.0,11.0,12.0,10.0,10.0,5.0,3.0,5.0,2.0,15.666666666666666,16.5
2026-08-17 08:00:00,8,0,0,16,4,3,198,26,6,15,7,74,16.0,12.0,18.0,20.0,5.0,4.0,6.0,6.0,18.0,17.0,25.0,17.0,6.0,6.0,9.0,8.0,12.0,13.0,16.0,9.0,5.0,4.0,5.0,2.0,15.333333333333334,16.333333333333332
2026-08-17 09:00:00,9,0,0,14,4,7,198,25,9,16,6,80,16.0,16.0,18.0,11.0,4.0,5.0,6.0,3.0,26.0,22.0,22.0,15.0,6.0,7.0,5.0,3.0,15.0,11.0,11.0,9.0,7.0,5.0,6.0,3.0,14.666666666666666,16.458333333333332
2026-08-17 10:00:00,10,0,0,15,4,7,198,18,7,13,5,69,14.0,16.0,14.0,20.0,4.0,5.0,4.0,5.0,25.0,18.0,14.0,17.0,9.0,6.0,5.0,8.0,16.0,12.0,12.0,11.0,6.0,5.0,3.0,2.0,14.833333333333334,16.25
2026-08-17 11:00:00,11,0,0,27,7,9,198,34,12,25,4,72,15.0,16.0,12.0,16.0,4.0,4.0,4.0,4.0,18.0,26.0,17.0,17.0,7.0,6.0,6.0,6.0,13.0,15.0,13.0,9.0,5.0,7.0,4.0,3.0,17.333333333333332,16.708333333333332
2026-08-17 12:00:00,12,0,0,24,6,7,198,24,10,16,5,69,27.0,14.0,16.0,22.0,7.0,4.0,5.0,6.0,34.0,25.0,22.0,23.0,12.0,9.0,7.0,8.0,25.0,16.0,11.0,12.0,4.0,6.0,5.0,4.0,18.666666666666668,16.791666666666668
2026-08-17 13:00:00,13,0,0,15,4,6,198,28,9,18,5,70,24.0,15.0,16.0,18.0,6.0,4.0,5.0,5.0,24.0,18.0,18.0,20.0,10.0,7.0,6.0,9.0,16.0,13.0,12.0,13.0,5.0,5.0,5.0,3.0,18.5,16.666666666666668
2026-08-17 14:00:00,14,0,0,20,5,8,198,26,9,15,6,72,15.0,27.0,16.0,21.0,4.0,7.0,4.0,6.0,28.0,34.0,26.0,17.0,9.0,12.0,6.0,8.0,18.0,25.0,15.0,13.0,5.0,4.0,7.0,2.0,19.166666666666668,16.625
2026-08-17 15:00:00,15,0,0,21,6,7,198,28,10,18,6,75,20.0,24.0,14.0,16.0,5.0,6.0,4.0,4.0,26.0,24.0,25.0,16.0,9.0,10.0,9.0,6.0,15.0,16.0,16.0,10.0,6.0,5.0,6.0,1.0,20.333333333333332,16.833333333333332
2026-08-17 16:00:00,16,0,0,19,5,13,198,17,7,13,4,75,21.0,15.0,15.0,27.0,6.0,4.0,4.0,8.0,28.0,28.0,18.0,32.0,10.0,9.0,7.0,12.0,18.0,18.0,13.0,19.0,6.0,5.0,5.0,3.0,21.0,16.5
2026-08-17 17:00:00,17,0,0,23,7,11,198,28,7,17,5,72,19.0,20.0,27.0,22.0,5.0,5.0,7.0,6.0,17.0,26.0,34.0,23.0,7.0,9.0,12.0,9.0,13.0,15.0,25.0,15.0,4.0,6.0,4.0,2.0,20.333333333333332,16.541666666666668
2026-08-17 18:00:00,18,0,0,15,4,6,198,24,7,13,6,67,23.0,21.0,24.0,12.0,7.0,6.0,6.0,4.0,28.0,28.0,24.0,20.0,7.0,10.0,10.0,6.0,17.0,18.0,16.0,13.0,5.0,6.0,5.0,3.0,18.833333333333332,16.666666666666668
2026-08-17 19:00:00,19,0,0,14,4,18,198,22,10,10,6,52,15.0,19.0,15.0,15.0,4.0,5.0,4.0,5.0,24.0,17.0,28.0,20.0,7.0,7.0,9.0,7.0,13.0,13.0,18.0,13.0,6.0,4.0,5.0,2.0,18.666666666666668,16.625
2026-08-17 20:00:00,20,0,0,16,5,12,198,22,4,15,6,47,14.0,23.0,20.0,14.0,4.0,7.0,5.0,4.0,22.0,28.0,26.0,23.0,10.0,7.0,9.0,6.0,10.0,17.0,15.0,9.0,6.0,5.0,6.0,5.0,18.0,16.708333333333332
2026-08-17 21:00:00,21,0,0,15,5,9,198,18,6,12,5,45,16.0,15.0,21.0,14.0,5.0,4.0,6.0,5.0,22.0,24.0,28.0,14.0,4.0,7.0,10.0,5.0,15.0,13.0,18.0,7.0,6.0,6.0,6.0,1.0,17.0,16.75
2026-08-17 22:00:00,22,0,0,18,6,11,198,29,12,17,6,49,15.0,14.0,19.0,14.0,5.0,4.0,5.0,5.0,18.0,22.0,17.0,12.0,6.0,10.0,7.0,4.0,12.0,10.0,13.0,6.0,5.0,6.0,4.0,0.0,16.833333333333332,16.916666666666668
2026-08-17 23:00:00,23,0,0,18,6,10,198,24,8,17,5,49,18.0,16.0,23.0,11.0,6.0,5.0,7.0,4.0,29.0,22.0,28.0,15.0,12.0,4.0,7.0,4.0,17.0,15.0,17.0,10.0,6.0,6.0,5.0,2.0,16.0,17.208333333333332
2026-08-18 00:00:00,0,1,0,19,6,12,198,28,9,17,4,47,18.0,15.0,15.0,16.0,6.0,5.0,4.0,5.0,24.0,18.0,24.0,19.0,8.0,6.0,7.0,7.0,17.0,12.0,13.0,12.0,5.0,5.0,6.0,4.0,16.666666666666668,17.333333333333332
2026-08-18 01:00:00,1,1,0,16,5,13,198,17,6,10,3,48,19.0,18.0,14.0,13.0,6.0,6.0,4.0,4.0,28.0,29.0,22.0,14.0,9.0,12.0,10.0,4.0,17.0,17.0,10.0,10.0,4.0,6.0,6.0,5.0,17.0,17.458333333333332
2026-08-18 02:00:00,2,1,0,11,4,7,198,17,5,11,5,45,16.0,18.0,16.0,18.0,5.0,6.0,5.0,6.0,17.0,24.0,22.0,25.0,6.0,8.0,4.0,9.0,10.0,17.0,15.0,16.0,3.0,5.0,6.0,5.0,16.166666666666668,17.166666666666668
2026-08-18 03:00:00,3,1,0,12,4,5,198,16,6,9,2,50,11.0,19.0,15.0,18.0,4.0,6.0,5.0,6.0,17.0,28.0,18.0,22.0,5.0,9.0,6.0,5.0,11.0,17.0,12.0,11.0,5.0,4.0,5.0,6.0,15.666666666666666,16.916666666666668
2026-08-18 04:00:00,4,1,0,11,4,7,198,11,3,7,4,45,12.0,16.0,18.0,14.0,4.0,5.0,6.0,4.0,16.0,17.0,29.0,14.0,6.0,6.0,12.0,5.0,9.0,10.0,17.0,12.0,2.0,3.0,6.0,3.0,14.5,16.791666666666668
2026-08-18 05:00:00,5,1,0,8,2,5,198,10,5,9,4,46,11.0,11.0,18.0,12.0,4.0,4.0,6.0,4.0,11.0,17.0,24.0,17.0,3.0,5.0,8.0,6.0,7.0,11.0,17.0,13.0,4.0,5.0,5.0,4.0,12.833333333333334,16.625
2026-08-18 06:00:00,6,1,0,16,5,10,198,22,10,11,3,50,8.0,12.0,19.0,16.0,2.0,4.0,6.0,5.0,10.0,16.0,28.0,22.0,5.0,6.0,9.0,7.0,9.0,9.0,17.0,11.0,4.0,2.0,4.0,5.0,12.333333333333334,16.625
2026-08-18 07:00:00,7,1,0,15,4,8,198,16,5,11,4,78,16.0,11.0,16.0,16.0,5.0,4.0,5.0,5.0,22.0,11.0,17.0,18.0,10.0,3.0,6.0,6.0,11.0,7.0,10.0,12.0,3.0,4.0,3.0,5.0,12.166666666666666,16.583333333333332
2026-08-18 08:00:00,8,1,0,17,5,10,198,19,5,12,6,79,15.0,8.0,11.0,16.0,4.0,2.0,4.0,4.0,16.0,10.0,17.0,26.0,5.0,5.0,5.0,6.0,11.0,9.0,11.0,15.0,4.0,4.0,5.0,7.0,13.166666666666666,16.625
2026-08-18 09:00:00,9,1,0,10,3,12,198,23,7,15,5,77,17.0,16.0,12.0,14.0,5.0,5.0,4.0,4.0,19.0,22.0,16.0,25.0,5.0,10.0,6.0,9.0,12.0,11.0,9.0,16.0,6.0,3.0,2.0,6.0,12.833333333333334,16.458333333333332
2026-08-18 10:00:00,10,1,0,16,4,8,198,18,6,13,5,73,10.0,15.0,11.0,15.0,3.0,4.0,4.0,4.0,23.0,16.0,11.0,18.0,7.0,5.0,3.0,7.0,15.0,11.0,7.0,13.0,5.0,4.0,4.0,5.0,13.666666666666666,16.5
2026-08-18 11:00:00,11,1,0,15,4,7,198,24,9,15,6,69,16.0,17.0,8.0,27.0,4.0,5.0,2.0,7.0,18.0,19.0,10.0,34.0,6.0,5.0,5.0,12.0,13.0,12.0,9.0,25.0,5.0,6.0,4.0,4.0,14.833333333333334,16.0
2026-08-18 12:00:00,12,1,0,14,4,6,198,22,6,15,6,78,15.0,10.0,16.0,24.0,4.0,3.0,5.0,6.0,24.0,23.0,22.0,24.0,9.0,7.0,10.0,10.0,15.0,15.0,11.0,16.0,6.0,5.0,3.0,5.0,14.5,15.583333333333334
2026-08-18 13:00:00,13,1,0,14,4,8,198,15,4,11,7,78,14.0,16.0,15.0,15.0,4.0,4.0,4.0,4.0,22.0,18.0,16.0,28.0,6.0,6.0,5.0,9.0,15.0,13.0,11.0,18.0,6.0,5.0,4.0,5.0,14.333333333333334,15.541666666666666
2026-08-18 14:00:00,14,1,0,28,7,10,198,33,12,19,6,72,14.0,15.0,17.0,20.0,4.0,4.0,5.0,5.0,15.0,24.0,19.0,26.0,4.0,9.0,5.0,9.0,11.0,15.0,12.0,15.0,7.0,6.0,6.0,6.0,16.166666666666668,15.875
2026-08-18 15:00:00,15,1,0,26,7,8,198,30,12,19,4,77,28.0,14.0,10.0,21.0,7.0,4.0,3.0,6.0,33.0,22.0,23.0,28.0,12.0,6.0,7.0,10.0,19.0,15.0,15.0,18.0,6.0,6.0,5.0,6.0,18.833333333333332,16.083333333333332
2026-08-18 16:00:00,16,1,0,17,5,6,198,27,8,16,7,73,26.0,14.0,16.0,19.0,7.0,4.0,4.0,5.0,30.0,15.0,18.0,17.0,12.0,4.0,6.0,7.0,19.0,11.0,13.0,13.0,4.0,7.0,5.0,4.0,19.0,16.0
2026-08-18 17:00:00,17,1,0,15,4,6,198,26,7,16,6,79,17.0,28.0,15.0,23.0,5.0,7.0,4.0,7.0,27.0,33.0,24.0,28.0,8.0,12.0,9.0,7.0,16.0,19.0,15.0,17.0,7.0,6.0,6.0,5.0,19.0,15.666666666666666
2026-08-18 18:00:00,18,1,0,26,8,10,198,29,15,17,5,72,15.0,26.0,14.0,15.0,4.0,7.0,4.0,4.0,26.0,30.0,22.0,24.0,7.0,12.0,6.0,7.0,16.0,19.0,15.0,13.0,6.0,4.0,6.0,6.0,21.0,16.125
2026-08-18 19:00:00,19,1,0,24,7,7,198,29,11,19,4,54,26.0,17.0,14.0,14.0,8.0,5.0,4.0,4.0,29.0,27.0,15.0,22.0,15.0,8.0,4.0,10.0,17.0,16.0,11.0,10.0,5.0,7.0,7.0,6.0,22.666666666666668,16.541666666666668
2026-08-18 20:00:00,20,1,0,14,4,8,198,20,6,13,6,50,24.0,15.0,28.0,16.0,7.0,4.0,7.0,5.0,29.0,26.0,33.0,22.0,11.0,7.0,12.0,4.0,19.0,16.0,19.0,15.0,4.0,6.0,6.0,6.0,20.333333333333332,16.458333333333332
2026-08-18 21:00:00,21,1,0,15,5,7,198,17,7,11,5,53,14.0,26.0,26.0,15.0,4.0,8.0,7.0,5.0,20.0,29.0,30.0,18.0,6.0,15.0,12.0,6.0,13.0,17.0,19.0,12.0,6.0,5.0,4.0,5.0,18.5,16.458333333333332
2026-08-18 22:00:00,22,1,0,16,5,15,198,20,7,12,6,47,15.0,24.0,17.0,18.0,5.0,7.0,5.0,6.0,17.0,29.0,27.0,29.0,7.0,11.0,8.0,12.0,11.0,19.0,16.0,17.0,5.0,4.0,7.0,6.0,18.333333333333332,16.375
2026-08-18 23:00:00,23,1,0,17,6,9,198,17,7,7,4,49,16.0,14.0,15.0,18.0,5.0,4.0,4.0,6.0,20.0,20.0,26.0,24.0,7.0,6.0,7.0,8.0,12.0,13.0,16.0,17.0,6.0,6.0,6.0,5.0,18.666666666666668,16.333333333333332
2026-08-19 00:00:00,0,2,0,12,4,9,198,20,7,12,4,45,17.0,15.0,26.0,19.0,6.0,5.0,8.0,6.0,17.0,17.0,29.0,28.0,7.0,7.0,15.0,9.0,7.0,11.0,17.0,17.0,4.0,5.0,5.0,4.0,16.333333333333332,16.041666666666668
2026-08-19 01:00:00,1,2,0,16,5,10,198,18,6,11,5,51,12.0,16.0,24.0,16.0,4.0,5.0,7.0,5.0,20.0,20.0,29.0,17.0,7.0,7.0,11.0,6.0,12.0,12.0,19.0,10.0,4.0,6.0,4.0,3.0,15.0,16.041666666666668
2026-08-19 02:00:00,2,2,0,14,5,13,198,21,7,14,5,51,16.0,17.0,14.0,11.0,5.0,6.0,4.0,4.0,18.0,17.0,20.0,17.0,6.0,7.0,6.0,5.0,11.0,7.0,13.0,11.0,5.0,4.0,6.0,5.0,15.0,16.166666666666668
2026-08-19 03:00:00,3,2,0,12,4,13,198,16,3,9,4,55,14.0,12.0,15.0,12.0,5.0,4.0,5.0,4.0,21.0,20.0,17.0,16.0,7.0,7.0,7.0,6.0,14.0,12.0,11.0,9.0,5.0,4.0,5.0,2.0,14.5,16.166666666666668
2026-08-19 04:00:00,4,2,0,5,2,6,198,12,7,5,5,49,12.0,16.0,16.0,11.0,4.0,5.0,5.0,4.0,16.0,18.0,20.0,11.0,3.0,6.0,7.0,3.0,9.0,11.0,12.0,7.0,4.0,5.0,6.0,4.0,12.666666666666666,15.916666666666666
2026-08-19 05:00:00,5,2,0,13,4,9,198,22,6,15,4,50,5.0,14.0,17.0,8.0,2.0,5.0,6.0,2.0,12.0,21.0,17.0,10.0,7.0,7.0,7.0,5.0,5.0,14.0,7.0,9.0,5.0,5.0,4.0,4.0,12.0,16.125
2026-08-19 06:00:00,6,2,0,11,3,8,198,17,4,10,5,47,13.0,12.0,12.0,16.0,4.0,4.0,4.0,5.0,22.0,16.0,20.0,22.0,6.0,3.0,7.0,10.0,15.0,9.0,12.0,11.0,4.0,4.0,4.0,3.0,11.833333333333334,15.916666666666666
2026-08-19 07:00:00,7,2,0,25,7,7,198,33,11,21,6,76,11.0,5.0,16.0,15.0,3.0,2.0,5.0,4.0,17.0,12.0,18.0,16.0,4.0,7.0,6.0,5.0,10.0,5.0,11.0,11.0,5.0,5.0,5.0,4.0,13.333333333333334,16.333333333333332
2026-08-19 08:00:00,8,2,0,21,6,9,198,26,7,16,5,73,25.0,13.0,14.0,17.0,7.0,4.0,5.0,5.0,33.0,22.0,21.0,19.0,11.0,6.0,7.0,5.0,21.0,15.0,14.0,12.0,6.0,4.0,5.0,6.0,14.5,16.5
2026-08-19 09:00:00,9,2,0,22,6,11,198,27,9,17,5,74,21.0,11.0,12.0,10.0,6.0,3.0,4.0,3.0,26.0,17.0,16.0,23.0,7.0,4.0,3.0,7.0,16.0,10.0,9.0,15.0,5.0,5.0,4.0,5.0,16.166666666666668,17.0
2026-08-19 10:00:00,10,2,0,21,6,6,198,37,13,22,7,75,22.0,25.0,5.0,16.0,6.0,7.0,2.0,4.0,27.0,33.0,12.0,18.0,9.0,11.0,7.0,6.0,17.0,21.0,5.0,13.0,5.0,6.0,5.0,5.0,18.833333333333332,17.208333333333332
2026-08-19 11:00:00,11,2,0,21,5,8,198,19,8,10,3,73,21.0,21.0,13.0,15.0,6.0,6.0,4.0,4.0,37.0,26.0,22.0,24.0,13.0,7.0,6.0,9.0,22.0,16.0,15.0,15.0,7.0,5.0,4.0,6.0,20.166666666666668,17.458333333333332
2026-08-19 12:00:00,12,2,0,12,3,4,198,28,10,18,8,74,21.0,22.0,11.0,14.0,5.0,6.0,3.0,4.0,19.0,27.0,17.0,22.0,8.0,9.0,4.0,6.0,10.0,17.0,10.0,15.0,3.0,5.0,5.0,6.0,20.333333333333332,17.375
2026-08-19 13:00:00,13,2,0,18,5,8,198,24,8,14,4,73,12.0,21.0,25.0,14.0,3.0,6.0,7.0,4.0,28.0,37.0,33.0,15.0,10.0,13.0,11.0,4.0,18.0,22.0,21.0,11.0,8.0,7.0,6.0,7.0,19.166666666666668,17.541666666666668
2026-08-19 14:00:00,14,2,0,19,5,3,198,23,8,15,5,73,18.0,21.0,21.0,28.0,5.0,5.0,6.0,7.0,24.0,19.0,26.0,33.0,8.0,8.0,7.0,12.0,14.0,10.0,16.0,19.0,4.0,3.0,5.0,6.0,18.833333333333332,17.166666666666668
2026-08-19 15:00:00,15,2,0,22,6,16,198,34,12,22,6,77,19.0,12.0,22.0,26.0,5.0,3.0,6.0,7.0,23.0,28.0,27.0,30.0,8.0,10.0,9.0,12.0,15.0,18.0,17.0,19.0,5.0,8.0,5.0,4.0,18.833333333333332,17.0
2026-08-19 16:00:00,16,2,0,19,5,10,198,21,5,12,6,75,22.0,18.0,21.0,17.0,6.0,5.0,6.0,5.0,34.0,24.0,37.0,27.0,12.0,8.0,13.0,8.0,22.0,14.0,22.0,16.0,6.0,4.0,7.0,7.0,18.5,17.083333333333332
2026-08-19 17:00:00,17,2,0,15,4,11,198,23,8,12,7,75,19.0,19.0,21.0,15.0,5.0,5.0,5.0,4.0,21.0,23.0,19.0,26.0,5.0,8.0,8.0,7.0,12.0,15.0,10.0,16.0,6.0,5.0,3.0,6.0,17.5,17.083333333333332
2026-08-19 18:00:00,18,2,0,16,5,17,198,17,4,15,4,70,15.0,22.0,12.0,26.0,4.0,6.0,3.0,8.0,23.0,34.0,28.0,29.0,8.0,12.0,10.0,15.0,12.0,22.0,18.0,17.0,7.0,6.0,8.0,5.0,18.166666666666668,16.666666666666668
2026-08-19 19:00:00,19,2,0,19,6,12,198,28,13,16,6,49,16.0,19.0,18.0,24.0,5.0,5.0,5.0,7.0,17.0,21.0,24.0,29.0,4.0,5.0,8.0,11.0,15.0,12.0,14.0,19.0,4.0,6.0,4.0,4.0,18.333333333333332,16.458333333333332
2026-08-19 20:00:00,20,2,0,15,5,6,198,18,6,12,5,50,19.0,15.0,19.0,14.0,6.0,4.0,5.0,4.0,28.0,23.0,23.0,20.0,13.0,8.0,8.0,6.0,16.0,12.0,15.0,13.0,6.0,7.0,5.0,6.0,17.666666666666668,16.5
2026-08-19 21:00:00,21,2,0,12,4,5,198,20,6,16,5,47,15.0,16.0,22.0,15.0,5.0,5.0,6.0,5.0,18.0,17.0,34.0,17.0,6.0,4.0,12.0,7.0,12.0,15.0,22.0,11.0,5.0,4.0,6.0,5.0,16.0,16.375
2026-08-19 22:00:00,22,2,0,19,6,13,198,24,7,16,5,54,12.0,19.0,19.0,16.0,4.0,6.0,5.0,5.0,20.0,28.0,21.0,20.0,6.0,13.0,5.0,7.0,16.0,16.0,12.0,12.0,5.0,6.0,6.0,6.0,16.0,16.5
2026-08-19 23:00:00,23,2,0,13,4,9,198,18,5,11,5,41,19.0,15.0,15.0,17.0,6.0,5.0,4.0,6.0,24.0,18.0,23.0,17.0,7.0,6.0,8.0,7.0,16.0,12.0,12.0,7.0,5.0,5.0,7.0,4.0,15.666666666666666,16.333333333333332
2026-08-20 00:00:00,0,3,0,12,4,8,198,18,10,11,4,50,13.0,12.0,16.0,12.0,4.0,4.0,5.0,4.0,18.0,20.0,17.0,20.0,5.0,6.0,4.0,7.0,11.0,16.0,15.0,12.0,5.0,5.0,4.0,4.0,15.0,16.333333333333332
2026-08-20 01:00:00,1,3,0,15,5,8,198,19,8,10,4,50,12.0,19.0,19.0,16.0,4.0,6.0,6.0,5.0,18.0,24.0,28.0,18.0,10.0,7.0,13.0,6.0,11.0,16.0,16.0,11.0,4.0,5.0,6.0,5.0,14.333333333333334,16.291666666666668
2026-08-20 02:00:00,2,3,0,12,4,12,198,15,3,11,5,50,15.0,13.0,15.0,14.0,5.0,4.0,5.0,5.0,19.0,18.0,18.0,21.0,8.0,5.0,6.0,7.0,10.0,11.0,12.0,14.0,4.0,5.0,5.0,5.0,13.833333333333334,16.208333333333332
2026-08-20 03:00:00,3,3,0,9,3,12,198,25,10,17,5,49,12.0,12.0,12.0,12.0,4.0,4.0,4.0,4.0,15.0,18.0,20.0,16.0,3.0,10.0,6.0,3.0,11.0,11.0,16.0,9.0,5.0,4.0,5.0,4.0,13.333333333333334,16.083333333333332
2026-08-20 04:00:00,4,3,0,9,3,8,198,13,6,7,4,50,9.0,15.0,19.0,5.0,3.0,5.0,6.0,2.0,25.0,19.0,24.0,12.0,10.0,8.0,7.0,7.0,17.0,10.0,16.0,5.0,5.0,4.0,5.0,5.0,11.666666666666666,16.25
2026-08-20 05:00:00,5,3,0,22,7,7,198,17,6,8,3,51,9.0,12.0,13.0,13.0,3.0,4.0,4.0,4.0,13.0,15.0,18.0,22.0,6.0,3.0,5.0,6.0,7.0,11.0,11.0,15.0,4.0,5.0,5.0,4.0,13.166666666666666,16.625
2026-08-20 06:00:00,6,3,0,26,8,9,198,28,10,15,5,46,22.0,9.0,12.0,11.0,7.0,3.0,4.0,3.0,17.0,25.0,18.0,17.0,6.0,10.0,10.0,4.0,8.0,17.0,11.0,10.0,3.0,5.0,4.0,5.0,15.5,17.25
2026-08-20 07:00:00,7,3,0,19,6,7,198,21,7,15,5,75,26.0,9.0,15.0,25.0,8.0,3.0,5.0,7.0,28.0,13.0,19.0,33.0,10.0,6.0,8.0,11.0,15.0,7.0,10.0,21.0,5.0,4.0,4.0,6.0,16.166666666666668,17.0
2026-08-20 08:00:00,8,3,0,23,6,7,198,32,14,20,6,73,19.0,22.0,12.0,21.0,6.0,7.0,4.0,6.0,21.0,17.0,15.0,26.0,7.0,6.0,3.0,7.0,15.0,8.0,11.0,16.0,5.0,3.0,5.0,5.0,18.0,17.083333333333332
2026-08-20 09:00:00,9,3,0,18,5,10,198,23,7,15,4,71,23.0,26.0,9.0,22.0,6.0,8.0,3.0,6.0,32.0,28.0,25.0,27.0,14.0,10.0,10.0,9.0,20.0,15.0,17.0,17.0,6.0,5.0,5.0,5.0,19.5,16.916666666666668
2026-08-20 10:00:00,10,3,0,17,5,9,198,21,7,11,3,76,18.0,19.0,9.0,21.0,5.0,6.0,3.0,6.0,23.0,21.0,13.0,37.0,7.0,7.0,6.0,13.0,15.0,15.0,7.0,22.0,4.0,5.0,4.0,7.0,20.833333333333332,16.75
2026-08-20 11:00:00,11,3,0,23,6,6,198,27,9,14,5,72,17.0,23.0,22.0,21.0,5.0,6.0,7.0,5.0,21.0,32.0,17.0,19.0,7.0,14.0,6.0,8.0,11.0,20.0,8.0,10.0,3.0,6.0,3.0,3.0,21.0,16.833333333333332
2026-08-20 12:00:00,12,3,0,30,8,4,198,33,9,22,5,70,23.0,18.0,26.0,12.0,6.0,5.0,8.0,3.0,27.0,23.0,28.0,28.0,9.0,7.0,10.0,10.0,14.0,15.0,15.0,18.0,5.0,4.0,5.0,8.0,21.666666666666668,17.583333333333332
2026-08-20 13:00:00,13,3,0,22,6,14,198,28,13,17,6,72,30.0,17.0,19.0,18.0,8.0,5.0,6.0,5.0,33.0,21.0,21.0,24.0,9.0,7.0,7.0,8.0,22.0,11.0,15.0,14.0,5.0,3.0,5.0,4.0,22.166666666666668,17.75
2026-08-20 14:00:00,14,3,0,10,3,14,198,17,4,12,5,72,22.0,23.0,23.0,19.0,6.0,6.0,6.0,5.0,28.0,27.0,32.0,23.0,13.0,9.0,14.0,8.0,17.0,14.0,20.0,15.0,6.0,5.0,6.0,5.0,20.0,17.375
2026-08-20 15:00:00,15,3,0,20,5,8,198,30,10,18,6,77,10.0,30.0,18.0,22.0,3.0,8.0,5.0,6.0,17.0,33.0,23.0,34.0,4.0,9.0,7.0,12.0,12.0,22.0,15.0,22.0,5.0,5.0,4.0,6.0,20.333333333333332,17.291666666666668
2026-08-20 16:00:00,16,3,0,19,5,12,198,26,6,16,5,74,20.0,22.0,17.0,19.0,5.0,6.0,5.0,5.0,30.0,28.0,21.0,21.0,10.0,13.0,7.0,5.0,18.0,17.0,11.0,12.0,6.0,6.0,3.0,6.0,20.666666666666668,17.291666666666668
2026-08-20 17:00:00,17,3,0,31,9,10,198,38,12,25,6,78,19.0,10.0,23.0,15.0,5.0,3.0,6.0,4.0,26.0,17.0,27.0,23.0,6.0,4.0,9.0,8.0,16.0,12.0,14.0,12.0,5.0,5.0,5.0,7.0,22.0,17.958333333333332
2026-08-20 18:00:00,18,3,0,19,6,11,198,28,10,19,6,72,31.0,20.0,30.0,16.0,9.0,5.0,8.0,5.0,38.0,30.0,33.0,17.0,12.0,10.0,9.0,4.0,25.0,18.0,22.0,15.0,6.0,6.0,5.0,4.0,20.166666666666668,18.083333333333332
2026-08-20 19:00:00,19,3,0,25,8,12,198,34,10,23,6,51,19.0,19.0,22.0,19.0,6.0,5.0,6.0,6.0,28.0,26.0,28.0,28.0,10.0,6.0,13.0,13.0,19.0,16.0,17.0,16.0,6.0,5.0,6.0,6.0,20.666666666666668,18.333333333333332
2026-08-20 20:00:00,20,3,0,15,5,14,198,22,8,13,5,57,25.0,31.0,10.0,15.0,8.0,9.0,3.0,5.0,34.0,38.0,17.0,18.0,10.0,12.0,4.0,6.0,23.0,25.0,12.0,12.0,6.0,6.0,5.0,5.0,21.5,18.333333333333332
2026-08-20 21:00:00,21,3,0,21,7,12,198,29,10,19,6,49,15.0,19.0,20.0,12.0,5.0,6.0,5.0,4.0,22.0,28.0,30.0,20.0,8.0,10.0,10.0,6.0,13.0,19.0,18.0,16.0,5.0,6.0,6.0,5.0,21.666666666666668,18.708333333333332
2026-08-20 22:00:00,22,3,0,17,6,6,198,25,10,18,4,51,21.0,25.0,19.0,19.0,7.0,8.0,5.0,6.0,29.0,34.0,26.0,24.0,10.0,10.0,6.0,7.0,19.0,23.0,16.0,16.0,6.0,6.0,5.0,5.0,21.333333333333332,18.625
2026-08-20 23:00:00,23,3,0,13,4,11,198,19,8,12,6,50,17.0,15.0,31.0,13.0,6.0,5.0,9.0,4.0,25.0,22.0,38.0,18.0,10.0,8.0,12.0,5.0,18.0,13.0,25.0,11.0,4.0,5.0,6.0,5.0,18.333333333333332,18.625
2026-08-21 00:00:00,0,4,0,13,4,12,198,15,4,8,4,44,13.0,21.0,19.0,12.0,4.0,7.0,6.0,4.0,19.0,29.0,28.0,18.0,8.0,10.0,10.0,10.0,12.0,19.0,19.0,11.0,6.0,6.0,6.0,4.0,17.333333333333332,18.666666666666668
2026-08-21 01:00:00,1,4,0,13,4,19,198,13,5,11,3,50,13.0,17.0,25.0,15.0,4.0,6.0,8.0,5.0,15.0,25.0,34.0,19.0,4.0,10.0,10.0,8.0,8.0,18.0,23.0,10.0,4.0,4.0,6.0,4.0,15.333333333333334,18.583333333333332
2026-08-21 02:00:00,2,4,0,12,4,9,198,18,6,10,4,49,13.0,13.0,15.0,12.0,4.0,4.0,5.0,4.0,13.0,19.0,22.0,15.0,5.0,8.0,8.0,3.0,11.0,12.0,13.0,11.0,3.0,6.0,5.0,5.0,14.833333333333334,18.583333333333332
2026-08-21 03:00:00,3,4,0,10,3,13,198,8,4,6,3,47,12.0,13.0,21.0,9.0,4.0,4.0,7.0,3.0,18.0,15.0,29.0,25.0,6.0,4.0,10.0,10.0,10.0,8.0,19.0,17.0,4.0,4.0,6.0,5.0,13.0,18.625
2026-08-21 04:00:00,4,4,0,15,5,6,198,23,8,14,5,45,10.0,13.0,17.0,9.0,3.0,4.0,6.0,3.0,8.0,13.0,25.0,13.0,4.0,5.0,10.0,6.0,6.0,11.0,18.0,7.0,3.0,3.0,4.0,4.0,12.666666666666666,18.875
2026-08-21 05:00:00,5,4,0,12,4,13,198,22,8,10,7,50,15.0,12.0,13.0,22.0,5.0,4.0,4.0,7.0,23.0,18.0,19.0,17.0,8.0,6.0,8.0,6.0,14.0,10.0,12.0,8.0,5.0,4.0,6.0,3.0,12.5,18.458333333333332
2026-08-21 06:00:00,6,4,0,15,4,12,198,23,7,17,4,45,12.0,10.0,13.0,26.0,4.0,3.0,4.0,8.0,22.0,8.0,15.0,28.0,8.0,4.0,4.0,10.0,10.0,6.0,8.0,15.0,7.0,3.0,4.0,5.0,12.833333333333334,18.0
2026-08-21 07:00:00,7,4,0,26,8,7,198,29,10,12,5,80,15.0,15.0,13.0,19.0,4.0,5.0,4.0,6.0,23.0,23.0,13.0,21.0,7.0,8.0,5.0,7.0,17.0,14.0,11.0,15.0,4.0,5.0,3.0,5.0,15.0,18.291666666666668
2026-08-21 08:00:00,8,4,0,17,5,7,198,19,9,8,3,74,26.0,12.0,12.0,23.0,8.0,4.0,4.0,6.0,29.0,22.0,18.0,32.0,10.0,8.0,6.0,14.0,12.0,10.0,10.0,20.0,5.0,7.0,4.0,6.0,15.833333333333334,18.041666666666668
2026-08-21 09:00:00,9,4,0,18,5,10,198,27,10,18,5,70,17.0,15.0,10.0,18.0,5.0,4.0,3.0,5.0,19.0,23.0,8.0,23.0,9.0,7.0,4.0,7.0,8.0,17.0,6.0,15.0,3.0,4.0,3.0,4.0,17.166666666666668,18.041666666666668
2026-08-21 10:00:00,10,4,0,15,4,8,198,24,9,16,4,72,18.0,26.0,15.0,17.0,5.0,8.0,5.0,5.0,27.0,29.0,23.0,21.0,10.0,10.0,8.0,7.0,18.0,12.0,14.0,11.0,5.0,5.0,5.0,3.0,17.166666666666668,17.958333333333332
2026-08-21 11:00:00,11,4,0,13,3,6,198,18,7,10,5,73,15.0,17.0,12.0,23.0,4.0,5.0,4.0,6.0,24.0,19.0,22.0,27.0,9.0,9.0,8.0,9.0,16.0,8.0,10.0,14.0,4.0,3.0,7.0,5.0,17.333333333333332,17.541666666666668
2026-08-21 12:00:00,12,4,0,22,6,6,198,26,9,16,4,81,13.0,18.0,15.0,30.0,3.0,5.0,4.0,8.0,18.0,27.0,23.0,33.0,7.0,10.0,7.0,9.0,10.0,18.0,17.0,22.0,5.0,5.0,4.0,5.0,18.5,17.208333333333332
2026-08-21 13:00:00,13,4,0,21,5,8,198,29,10,13,6,71,22.0,15.0,26.0,22.0,6.0,4.0,8.0,6.0,26.0,24.0,29.0,28.0,9.0,9.0,10.0,13.0,16.0,16.0,12.0,17.0,4.0,4.0,5.0,6.0,17.666666666666668,17.166666666666668
2026-08-21 14:00:00,14,4,0,24,6,6,198,33,9,22,7,74,21.0,13.0,17.0,10.0,5.0,3.0,5.0,3.0,29.0,18.0,19.0,17.0,10.0,7.0,9.0,4.0,13.0,10.0,8.0,12.0,6.0,5.0,3.0,5.0,18.833333333333332,17.75
2026-08-21 15:00:00,15,4,0,18,5,12,198,25,10,16,6,72,24.0,22.0,18.0,20.0,6.0,6.0,5.0,5.0,33.0,26.0,27.0,30.0,9.0,9.0,10.0,10.0,22.0,16.0,18.0,18.0,7.0,4.0,5.0,6.0,18.833333333333332,17.666666666666668
2026-08-21 16:00:00,16,4,0,14,4,9,198,24,4,15,5,75,18.0,21.0,15.0,19.0,5.0,5.0,4.0,5.0,25.0,29.0,24.0,26.0,10.0,10.0,9.0,6.0,16.0,13.0,16.0,16.0,6.0,6.0,4.0,5.0,18.666666666666668,17.458333333333332
2026-08-21 17:00:00,17,4,0,24,7,9,198,27,9,17,7,72,14.0,24.0,13.0,31.0,4.0,6.0,3.0,9.0,24.0,33.0,18.0,38.0,4.0,9.0,7.0,12.0,15.0,22.0,10.0,25.0,5.0,7.0,5.0,6.0,20.5,17.166666666666668
2026-08-21 18:00:00,18,4,0,17,5,8,198,22,9,15,5,71,24.0,18.0,22.0,19.0,7.0,5.0,6.0,6.0,27.0,25.0,26.0,28.0,9.0,10.0,9.0,10.0,17.0,16.0,16.0,19.0,7.0,6.0,4.0,6.0,19.666666666666668,17.083333333333332
2026-08-21 19:00:00,19,4,0,23,7,4,198,26,7,16,3,47,17.0,14.0,21.0,25.0,5.0,4.0,5.0,8.0,22.0,24.0,29.0,34.0,9.0,4.0,10.0,10.0,15.0,15.0,13.0,23.0,5.0,5.0,6.0,6.0,20.0,17.0
2026-08-21 20:00:00,20,4,0,23,7,14,198,31,11,15,6,47,23.0,24.0,24.0,15.0,7.0,7.0,6.0,5.0,26.0,27.0,33.0,22.0,7.0,9.0,9.0,8.0,16.0,17.0,22.0,13.0,3.0,7.0,7.0,5.0,19.833333333333332,17.333333333333332
2026-08-21 21:00:00,21,4,0,12,4,14,198,21,6,17,4,46,23.0,17.0,18.0,21.0,7.0,5.0,5.0,7.0,31.0,22.0,25.0,29.0,11.0,9.0,10.0,10.0,15.0,15.0,16.0,19.0,6.0,5.0,6.0,6.0,18.833333333333332,16.958333333333332
2026-08-21 22:00:00,22,4,0,11,4,9,198,23,7,17,6,46,12.0,23.0,14.0,17.0,4.0,7.0,4.0,6.0,21.0,26.0,24.0,25.0,6.0,7.0,4.0,10.0,17.0,16.0,15.0,18.0,4.0,3.0,5.0,4.0,18.333333333333332,16.708333333333332
2026-08-21 23:00:00,23,4,0,15,5,12,198,19,8,9,4,52,11.0,23.0,24.0,13.0,4.0,7.0,7.0,4.0,23.0,31.0,27.0,19.0,7.0,11.0,9.0,8.0,17.0,15.0,17.0,12.0,6.0,6.0,7.0,6.0,16.833333333333332,16.791666666666668
2026-08-22 00:00:00,0,5,1,9,3,6,198,17,6,10,3,47,15.0,12.0,17.0,13.0,5.0,4.0,5.0,4.0,19.0,21.0,22.0,15.0,8.0,6.0,9.0,4.0,9.0,17.0,15.0,8.0,4.0,4.0,5.0,4.0,15.5,16.625
2026-08-22 01:00:00,1,5,1,4,1,15,198,6,0,3,3,45,9.0,11.0,23.0,13.0,3.0,4.0,7.0,4.0,17.0,23.0,26.0,13.0,6.0,7.0,7.0,5.0,10.0,17.0,16.0,11.0,3.0,6.0,3.0,3.0,12.333333333333334,16.25
2026-08-22 02:00:00,2,5,1,13,4,9,198,16,4,12,1,47,4.0,15.0,23.0,12.0,1.0,5.0,7.0,4.0,6.0,19.0,31.0,18.0,0.0,8.0,11.0,6.0,3.0,9.0,15.0,10.0,3.0,4.0,6.0,4.0,10.666666666666666,16.291666666666668
2026-08-22 03:00:00,3,5,1,14,5,13,198,19,8,7,1,48,13.0,9.0,12.0,10.0,4.0,3.0,4.0,3.0,16.0,17.0,21.0,8.0,4.0,6.0,6.0,4.0,12.0,10.0,17.0,6.0,1.0,3.0,4.0,3.0,11.0,16.458333333333332
2026-08-22 04:00:00,4,5,1,19,6,12,198,23,9,13,2,44,14.0,4.0,11.0,15.0,5.0,1.0,4.0,5.0,19.0,6.0,23.0,23.0,8.0,0.0,7.0,8.0,7.0,3.0,17.0,14.0,1.0,3.0,6.0,5.0,12.333333333333334,16.625
2026-08-22 05:00:00,5,5,1,10,3,9,198,14,7,5,3,53,19.0,13.0,15.0,12.0,6.0,4.0,5.0,4.0,23.0,16.0,19.0,22.0,9.0,4.0,8.0,8.0,13.0,12.0,9.0,10.0,2.0,1.0,4.0,7.0,11.5,16.541666666666668
2026-08-22 06:00:00,6,5,1,16,5,4,198,14,8,8,1,51,10.0,14.0,9.0,15.0,3.0,5.0,3.0,4.0,14.0,19.0,17.0,23.0,7.0,8.0,6.0,7.0,5.0,7.0,10.0,17.0,3.0,1.0,3.0,4.0,12.666666666666666,16.583333333333332
2026-08-22 07:00:00,7,5,1,12,3,9,198,7,2,3,1,78,16.0,19.0,4.0,26.0,5.0,6.0,1.0,8.0,14.0,23.0,6.0,29.0,8.0,9.0,0.0,10.0,8.0,13.0,3.0,12.0,1.0,2.0,3.0,5.0,14.0,16.0
2026-08-22 08:00:00,8,5,1,16,4,7,198,20,10,13,3,75,12.0,10.0,13.0,17.0,3.0,3.0,4.0,5.0,7.0,14.0,16.0,19.0,2.0,7.0,4.0,9.0,3.0,5.0,12.0,8.0,1.0,3.0,1.0,3.0,14.5,15.958333333333334
2026-08-22 09:00:00,9,5,1,12,3,4,198,10,4,5,2,68,16.0,16.0,14.0,18.0,4.0,5.0,5.0,5.0,20.0,14.0,19.0,27.0,10.0,8.0,8.0,10.0,13.0,8.0,7.0,18.0,3.0,1.0,1.0,5.0,14.166666666666666,15.708333333333334
2026-08-22 10:00:00,10,5,1,20,5,12,198,18,5,10,2,79,12.0,12.0,19.0,15.0,3.0,3.0,6.0,4.0,10.0,7.0,23.0,24.0,4.0,2.0,9.0,9.0,5.0,3.0,13.0,16.0,2.0,1.0,2.0,4.0,14.333333333333334,15.916666666666666
2026-08-22 11:00:00,11,5,1,13,3,7,198,9,2,7,1,71,20.0,16.0,10.0,13.0,5.0,4.0,3.0,3.0,18.0,20.0,14.0,18.0,5.0,10.0,7.0,7.0,10.0,13.0,5.0,10.0,2.0,3.0,3.0,5.0,14.833333333333334,15.916666666666666
2026-08-22 12:00:00,12,5,1,20,5,12,198,24,5,16,5,72,13.0,12.0,16.0,22.0,3.0,3.0,5.0,6.0,9.0,10.0,14.0,26.0,2.0,4.0,8.0,9.0,7.0,5.0,8.0,16.0,1.0,2.0,1.0,4.0,15.5,15.833333333333334
2026-08-22 13:00:00,13,5,1,18,5,5,198,17,8,12,1,74,20.0,20.0,12.0,21.0,5.0,5.0,3.0,5.0,24.0,18.0,7.0,29.0,5.0,5.0,2.0,10.0,16.0,10.0,3.0,13.0,5.0,2.0,1.0,6.0,16.5,15.708333333333334
2026-08-22 14:00:00,14,5,1,16,4,11,198,18,9,11,2,78,18.0,13.0,16.0,24.0,5.0,3.0,4.0,6.0,17.0,9.0,20.0,33.0,8.0,2.0,10.0,9.0,12.0,7.0,13.0,22.0,1.0,1.0,3.0,7.0,16.5,15.375
2026-08-22 15:00:00,15,5,1,14,4,7,198,15,4,8,3,77,16.0,20.0,12.0,18.0,4.0,5.0,3.0,5.0,18.0,24.0,10.0,25.0,9.0,5.0,4.0,10.0,11.0,16.0,5.0,16.0,2.0,5.0,2.0,6.0,16.833333333333332,15.208333333333334
2026-08-22 16:00:00,16,5,1,14,4,8,198,22,7,13,4,77,14.0,18.0,20.0,14.0,4.0,5.0,5.0,4.0,15.0,17.0,18.0,24.0,4.0,8.0,5.0,4.0,8.0,12.0,10.0,15.0,3.0,1.0,2.0,5.0,15.833333333333334,15.208333333333334
2026-08-22 17:00:00,17,5,1,17,5,9,198,16,6,11,1,73,14.0,16.0,13.0,24.0,4.0,4.0,3.0,7.0,22.0,18.0,9.0,27.0,7.0,9.0,2.0,9.0,13.0,11.0,7.0,17.0,4.0,2.0,1.0,7.0,16.5,14.916666666666666
2026-08-22 18:00:00,18,5,1,16,5,10,198,18,5,7,4,73,17.0,14.0,20.0,17.0,5.0,4.0,5.0,5.0,16.0,15.0,24.0,22.0,6.0,4.0,5.0,9.0,11.0,8.0,16.0,15.0,1.0,3.0,5.0,5.0,15.833333333333334,14.875
2026-08-22 19:00:00,19,5,1,17,5,4,198,20,4,13,3,49,16.0,14.0,18.0,23.0,5.0,4.0,5.0,7.0,18.0,22.0,17.0,26.0,5.0,7.0,8.0,7.0,7.0,13.0,12.0,16.0,4.0,4.0,1.0,3.0,15.666666666666666,14.625
2026-08-22 20:00:00,20,5,1,15,5,10,198,24,8,15,3,48,17.0,17.0,16.0,23.0,5.0,5.0,4.0,7.0,20.0,16.0,18.0,31.0,4.0,6.0,9.0,11.0,13.0,11.0,11.0,15.0,3.0,1.0,2.0,6.0,15.5,14.291666666666666
2026-08-22 21:00:00,21,5,1,17,6,11,198,17,6,11,1,51,15.0,16.0,14.0,12.0,5.0,5.0,4.0,4.0,24.0,18.0,15.0,21.0,8.0,5.0,4.0,6.0,15.0,7.0,8.0,17.0,3.0,4.0,3.0,4.0,16.0,14.5
2026-08-22 22:00:00,22,5,1,14,5,12,198,16,5,10,3,50,17.0,17.0,14.0,11.0,6.0,5.0,4.0,4.0,17.0,20.0,22.0,23.0,6.0,4.0,7.0,7.0,11.0,13.0,13.0,17.0,1.0,3.0,4.0,6.0,16.0,14.625
2026-08-22 23:00:00,23,5,1,19,6,8,198,13,5,3,1,50,14.0,15.0,17.0,15.0,5.0,5.0,5.0,5.0,16.0,24.0,16.0,19.0,5.0,8.0,6.0,8.0,10.0,15.0,11.0,9.0,3.0,3.0,1.0,4.0,16.333333333333332,14.791666666666666
2026-08-23 00:00:00,0,6,1,13,4,10,198,15,7,8,3,40,19.0,17.0,16.0,9.0,6.0,6.0,5.0,3.0,13.0,17.0,18.0,17.0,5.0,6.0,5.0,6.0,3.0,11.0,7.0,10.0,1.0,1.0,4.0,3.0,15.833333333333334,14.958333333333334
2026-08-23 01:00:00,1,6,1,12,4,7,198,13,4,12,1,48,13.0,14.0,17.0,4.0,4.0,5.0,5.0,1.0,15.0,16.0,20.0,6.0,7.0,5.0,4.0,0.0,8.0,10.0,13.0,3.0,3.0,3.0,3.0,3.0,15.0,15.291666666666666
2026-08-23 02:00:00,2,6,1,13,4,8,198,13,5,8,2,48,12.0,19.0,15.0,13.0,4.0,6.0,5.0,4.0,13.0,13.0,24.0,16.0,4.0,5.0,8.0,4.0,12.0,3.0,15.0,12.0,1.0,1.0,3.0,1.0,14.666666666666666,15.291666666666666
2026-08-23 03:00:00,3,6,1,12,4,9,198,7,4,4,1,49,13.0,13.0,17.0,14.0,4.0,4.0,6.0,5.0,13.0,15.0,17.0,19.0,5.0,7.0,6.0,8.0,8.0,8.0,11.0,7.0,2.0,3.0,1.0,1.0,13.833333333333334,15.208333333333334
2026-08-23 04:00:00,4,6,1,6,2,8,198,4,2,3,1,46,12.0,12.0,14.0,19.0,4.0,4.0,5.0,6.0,7.0,13.0,16.0,23.0,4.0,4.0,5.0,9.0,4.0,12.0,10.0,13.0,1.0,1.0,3.0,2.0,12.5,14.666666666666666
2026-08-23 05:00:00,5,6,1,17,5,10,198,24,7,16,3,44,6.0,13.0,19.0,10.0,2.0,4.0,6.0,3.0,4.0,13.0,13.0,14.0,2.0,5.0,5.0,7.0,3.0,8.0,3.0,5.0,1.0,2.0,1.0,3.0,12.166666666666666,14.958333333333334
2026-08-23 06:00:00,6,6,1,10,3,9,198,18,6,12,3,49,17.0,12.0,13.0,16.0,5.0,4.0,4.0,5.0,24.0,7.0,15.0,14.0,7.0,4.0,7.0,8.0,16.0,4.0,8.0,8.0,3.0,1.0,3.0,1.0,11.666666666666666,14.708333333333334
2026-08-23 07:00:00,7,6,1,18,5,10,198,18,7,11,3,73,10.0,6.0,12.0,12.0,3.0,2.0,4.0,3.0,18.0,4.0,13.0,7.0,6.0,2.0,4.0,2.0,12.0,3.0,12.0,3.0,3.0,1.0,1.0,1.0,12.666666666666666,14.958333333333334
2026-08-23 08:00:00,8,6,1,16,4,7,198,16,4,11,0,76,18.0,17.0,13.0,16.0,5.0,5.0,4.0,4.0,18.0,24.0,13.0,20.0,7.0,7.0,5.0,10.0,11.0,16.0,8.0,13.0,3.0,3.0,2.0,3.0,13.166666666666666,14.958333333333334
2026-08-23 09:00:00,9,6,1,5,1,7,198,6,4,7,3,72,16.0,10.0,12.0,12.0,4.0,3.0,4.0,3.0,16.0,18.0,7.0,10.0,4.0,6.0,4.0,4.0,11.0,12.0,4.0,5.0,0.0,3.0,1.0,2.0,12.0,14.666666666666666
2026-08-23 10:00:00,10,6,1,22,6,5,198,31,13,21,5,78,5.0,18.0,6.0,20.0,1.0,5.0,2.0,5.0,6.0,18.0,4.0,18.0,4.0,7.0,2.0,5.0,7.0,11.0,3.0,10.0,3.0,3.0,1.0,2.0,14.666666666666666,14.75
2026-08-23 11:00:00,11,6,1,8,2,6,198,11,3,12,2,77,22.0,16.0,17.0,13.0,6.0,4.0,5.0,3.0,31.0,16.0,24.0,9.0,13.0,4.0,7.0,2.0,21.0,11.0,16.0,7.0,5.0,0.0,3.0,1.0,13.166666666666666,14.541666666666666
2026-08-23 12:00:00,12,6,1,23,6,3,198,29,10,17,4,75,8.0,5.0,10.0,20.0,2.0,1.0,3.0,5.0,11.0,6.0,18.0,24.0,3.0,4.0,6.0,5.0,12.0,7.0,12.0,16.0,2.0,3.0,3.0,5.0,15.333333333333334,14.666666666666666
2026-08-23 13:00:00,13,6,1,17,4,9,198,13,6,11,2,73,23.0,22.0,18.0,18.0,6.0,6.0,5.0,5.0,29.0,31.0,18.0,17.0,10.0,13.0,7.0,8.0,17.0,21.0,11.0,12.0,4.0,5.0,3.0,1.0,15.166666666666666,14.625
2026-08-23 14:00:00,14,6,1,18,5,6,198,19,6,10,1,77,17.0,8.0,16.0,16.0,4.0,2.0,4.0,4.0,13.0,11.0,16.0,18.0,6.0,3.0,4.0,9.0,11.0,12.0,11.0,11.0,2.0,2.0,0.0,2.0,15.5,14.708333333333334
2026-08-23 15:00:00,15,6,1,19,5,10,198,20,8,13,2,75,18.0,23.0,5.0,14.0,5.0,6.0,1.0,4.0,19.0,29.0,6.0,15.0,6.0,10.0,4.0,4.0,10.0,17.0,7.0,8.0,1.0,4.0,3.0,3.0,17.833333333333332,14.916666666666666
2026-08-23 16:00:00,16,6,1,16,4,8,198,23,8,16,4,75,19.0,17.0,22.0,14.0,5.0,4.0,6.0,4.0,20.0,13.0,31.0,22.0,8.0,6.0,13.0,7.0,13.0,11.0,21.0,13.0,2.0,2.0,5.0,4.0,16.833333333333332,15.0
2026-08-23 17:00:00,17,6,1,16,5,5,198,20,5,11,2,77,16.0,18.0,8.0,17.0,4.0,5.0,2.0,5.0,23.0,19.0,11.0,16.0,8.0,6.0,3.0,6.0,16.0,10.0,12.0,11.0,4.0,1.0,2.0,1.0,18.166666666666668,14.958333333333334
2026-08-23 18:00:00,18,6,1,18,5,10,198,19,7,12,2,78,16.0,19.0,23.0,16.0,5.0,5.0,6.0,5.0,20.0,20.0,29.0,18.0,5.0,8.0,10.0,5.0,11.0,13.0,17.0,7.0,2.0,2.0,4.0,4.0,17.333333333333332,15.041666666666666
2026-08-23 19:00:00,19,6,1,13,4,3,198,14,3,11,3,44,18.0,16.0,17.0,17.0,5.0,4.0,4.0,5.0,19.0,23.0,13.0,20.0,7.0,8.0,6.0,4.0,12.0,16.0,11.0,13.0,2.0,4.0,2.0,3.0,16.666666666666668,14.875
2026-08-23 20:00:00,20,6,1,15,5,18,198,18,8,10,2,45,13.0,16.0,18.0,15.0,4.0,5.0,5.0,5.0,14.0,20.0,19.0,24.0,3.0,5.0,6.0,8.0,11.0,11.0,10.0,15.0,3.0,2.0,1.0,3.0,16.166666666666668,14.875
2026-08-23 21:00:00,21,6,1,18,6,7,198,20,6,16,3,46,15.0,18.0,19.0,17.0,5.0,5.0,5.0,6.0,18.0,19.0,20.0,17.0,8.0,7.0,8.0,6.0,10.0,12.0,13.0,11.0,2.0,2.0,2.0,1.0,16.0,14.916666666666666
2026-08-23 22:00:00,22,6,1,12,4,7,198,11,4,4,2,43,18.0,13.0,16.0,14.0,6.0,4.0,4.0,5.0,20.0,14.0,23.0,16.0,6.0,3.0,8.0,5.0,16.0,11.0,16.0,10.0,3.0,3.0,4.0,3.0,15.333333333333334,14.833333333333334
2026-08-23 23:00:00,23,6,1,6,2,12,198,7,5,8,3,48,12.0,15.0,16.0,19.0,4.0,5.0,5.0,6.0,11.0,18.0,20.0,13.0,4.0,8.0,5.0,5.0,4.0,10.0,11.0,3.0,2.0,2.0,2.0,1.0,13.666666666666666,14.291666666666666
2026-08-24 00:00:00,0,0,0,20,7,5,198,19,8,14,4,50,6.0,18.0,18.0,13.0,2.0,6.0,5.0,4.0,7.0,20.0,19.0,15.0,5.0,6.0,7.0,7.0,8.0,16.0,12.0,8.0,3.0,3.0,2.0,3.0,14.0,14.583333333333334
2026-08-24 01:00:00,1,0,0,14,5,8,198,19,5,12,5,48,20.0,12.0,13.0,12.0,7.0,4.0,4.0,4.0,19.0,11.0,14.0,13.0,8.0,4.0,3.0,4.0,14.0,4.0,11.0,12.0,4.0,2.0,3.0,1.0,14.166666666666666,14.666666666666666
2026-08-24 02:00:00,2,0,0,12,4,14,198,19,5,11,3,46,14.0,6.0,15.0,13.0,5.0,2.0,5.0,4.0,19.0,7.0,18.0,13.0,5.0,5.0,8.0,5.0,12.0,8.0,10.0,8.0,5.0,3.0,2.0,2.0,13.666666666666666,14.625
2026-08-24 03:00:00,3,0,0,14,5,4,198,23,7,13,6,51,12.0,20.0,18.0,12.0,4.0,7.0,6.0,4.0,19.0,19.0,20.0,7.0,5.0,8.0,6.0,4.0,11.0,14.0,16.0,4.0,3.0,4.0,3.0,1.0,13.0,14.708333333333334
2026-08-24 04:00:00,4,0,0,8,3,4,198,12,5,7,4,48,14.0,14.0,12.0,6.0,5.0,5.0,4.0,2.0,23.0,19.0,11.0,4.0,7.0,5.0,4.0,2.0,13.0,12.0,4.0,3.0,6.0,5.0,2.0,1.0,12.333333333333334,14.791666666666666
2026-08-24 05:00:00,5,0,0,25,8,7,198,32,12,20,5,49,8.0,12.0,6.0,17.0,3.0,4.0,2.0,5.0,12.0,19.0,7.0,24.0,5.0,5.0,5.0,7.0,7.0,11.0,8.0,16.0,4.0,3.0,3.0,3.0,15.5,15.125
2026-08-24 06:00:00,6,0,0,17,5,8,198,19,5,14,4,51,25.0,14.0,20.0,10.0,8.0,5.0,7.0,3.0,32.0,23.0,19.0,18.0,12.0,7.0,8.0,6.0,20.0,13.0,14.0,12.0,5.0,6.0,4.0,3.0,15.0,15.416666666666666
2026-08-24 07:00:00,7,0,0,17,5,6,198,23,6,18,5,74,17.0,8.0,14.0,18.0,5.0,3.0,5.0,5.0,19.0,12.0,19.0,18.0,5.0,5.0,5.0,7.0,14.0,7.0,12.0,11.0,4.0,4.0,5.0,3.0,15.5,15.375
2026-08-24 08:00:00,8,0,0,18,5,10,198,22,8,14,4,80,17.0,25.0,12.0,16.0,5.0,8.0,4.0,4.0,23.0,32.0,19.0,16.0,6.0,12.0,5.0,4.0,18.0,20.0,11.0,11.0,5.0,5.0,3.0,0.0,16.5,15.458333333333334
2026-08-24 09:00:00,9,0,0,17,5,9,198,24,8,13,4,73,18.0,17.0,14.0,5.0,5.0,5.0,5.0,1.0,22.0,19.0,23.0,6.0,8.0,5.0,7.0,4.0,14.0,14.0,13.0,7.0,4.0,4.0,6.0,3.0,17.0,15.958333333333334
2026-08-24 10:00:00,10,0,0,20,5,9,198,17,9,9,3,80,17.0,17.0,8.0,22.0,5.0,5.0,3.0,6.0,24.0,23.0,12.0,31.0,8.0,6.0,5.0,13.0,13.0,18.0,7.0,21.0,4.0,5.0,4.0,5.0,19.0,15.875
2026-08-24 11:00:00,11,0,0,17,4,11,198,19,6,11,4,71,20.0,18.0,25.0,8.0,5.0,5.0,8.0,2.0,17.0,22.0,32.0,11.0,9.0,8.0,12.0,3.0,9.0,14.0,20.0,12.0,3.0,4.0,5.0,2.0,17.666666666666668,16.25
2026-08-24 12:00:00,12,0,0,27,7,4,198,27,12,15,5,76,17.0,17.0,17.0,23.0,4.0,5.0,5.0,6.0,19.0,24.0,19.0,29.0,6.0,8.0,5.0,10.0,11.0,13.0,14.0,17.0,4.0,4.0,4.0,4.0,19.333333333333332,16.416666666666668
2026-08-24 13:00:00,13,0,0,23,6,9,198,29,8,16,6,72,27.0,20.0,17.0,17.0,7.0,5.0,5.0,4.0,27.0,17.0,23.0,13.0,12.0,9.0,6.0,6.0,15.0,9.0,18.0,11.0,5.0,3.0,5.0,2.0,20.333333333333332,16.666666666666668
2026-08-24 14:00:00,14,0,0,16,4,8,198,29,7,22,7,77,23.0,17.0,18.0,18.0,6.0,4.0,5.0,5.0,29.0,19.0,22.0,19.0,8.0,6.0,8.0,6.0,16.0,11.0,14.0,10.0,6.0,4.0,4.0,1.0,20.0,16.583333333333332
2026-08-24 15:00:00,15,0,0,20,5,8,198,24,6,15,5,73,16.0,27.0,17.0,19.0,4.0,7.0,5.0,5.0,29.0,27.0,24.0,20.0,7.0,12.0,8.0,8.0,22.0,15.0,13.0,13.0,7.0,5.0,4.0,2.0,20.5,16.625
2026-08-24 16:00:00,16,0,0,22,6,9,198,26,11,14,5,75,20.0,23.0,20.0,16.0,5.0,6.0,5.0,4.0,24.0,29.0,17.0,23.0,6.0,8.0,9.0,8.0,15.0,16.0,9.0,16.0,5.0,6.0,3.0,4.0,20.833333333333332,16.875
2026-08-24 17:00:00,17,0,0,17,5,9,198,24,11,17,4,72,22.0,16.0,17.0,16.0,6.0,4.0,4.0,5.0,26.0,29.0,19.0,20.0,11.0,7.0,6.0,5.0,14.0,22.0,11.0,11.0,5.0,7.0,4.0,2.0,20.833333333333332,16.916666666666668
2026-08-24 18:00:00,18,0,0,15,4,13,198,26,7,14,6,77,17.0,20.0,27.0,18.0,5.0,5.0,7.0,5.0,24.0,24.0,27.0,19.0,11.0,6.0,12.0,7.0,17.0,15.0,15.0,12.0,4.0,5.0,5.0,2.0,18.833333333333332,16.791666666666668
2026-08-24 19:00:00,19,0,0,14,4,12,198,24,7,13,7,46,15.0,22.0,23.0,13.0,4.0,6.0,6.0,4.0,26.0,26.0,29.0,14.0,7.0,11.0,8.0,3.0,14.0,14.0,16.0,11.0,6.0,5.0,6.0,3.0,17.333333333333332,16.833333333333332
2026-08-24 20:00:00,20,0,0,16,5,15,198,26,7,15,6,53,14.0,17.0,16.0,15.0,4.0,5.0,4.0,5.0,24.0,24.0,29.0,18.0,7.0,11.0,7.0,8.0,13.0,17.0,22.0,10.0,7.0,4.0,7.0,2.0,17.333333333333332,16.875
2026-08-24 21:00:00,21,0,0,16,5,15,198,21,4,16,6,45,16.0,15.0,20.0,18.0,5.0,4.0,5.0,6.0,26.0,26.0,24.0,20.0,7.0,7.0,6.0,6.0,15.0,14.0,15.0,16.0,6.0,6.0,5.0,3.0,16.666666666666668,16.791666666666668
2026-08-24 22:00:00,22,0,0,21,7,10,198,30,11,18,5,44,16.0,14.0,22.0,12.0,5.0,4.0,6.0,4.0,21.0,24.0,26.0,11.0,4.0,7.0,11.0,4.0,16.0,13.0,14.0,4.0,6.0,7.0,5.0,2.0,16.5,17.166666666666668
2026-08-24 23:00:00,23,0,0,15,5,11,198,29,10,13,6,51,21.0,16.0,17.0,6.0,7.0,5.0,5.0,2.0,30.0,26.0,24.0,7.0,11.0,7.0,11.0,5.0,18.0,15.0,17.0,8.0,5.0,6.0,4.0,3.0,16.166666666666668,17.541666666666668
2026-08-25 00:00:00,0,1,0,13,4,14,198,21,7,15,5,46,15.0,16.0,15.0,20.0,5.0,5.0,4.0,7.0,29.0,21.0,26.0,19.0,10.0,4.0,7.0,8.0,13.0,16.0,14.0,14.0,6.0,6.0,6.0,4.0,15.833333333333334,17.25
2026-08-25 01:00:00,1,1,0,16,5,9,198,16,4,9,5,48,13.0,21.0,14.0,14.0,4.0,7.0,4.0,5.0,21.0,30.0,24.0,19.0,7.0,11.0,7.0,5.0,15.0,18.0,13.0,12.0,5.0,5.0,7.0,5.0,16.166666666666668,17.333333333333332
2026-08-25 02:00:00,2,1,0,21,7,12,198,23,11,11,4,47,16.0,15.0,16.0,12.0,5.0,5.0,5.0,4.0,16.0,29.0,26.0,19.0,4.0,10.0,7.0,5.0,9.0,13.0,15.0,11.0,5.0,6.0,6.0,3.0,17.0,17.708333333333332
2026-08-25 03:00:00,3,1,0,12,4,5,198,17,5,10,3,44,21.0,13.0,16.0,14.0,7.0,4.0,5.0,5.0,23.0,21.0,21.0,23.0,11.0,7.0,4.0,7.0,11.0,15.0,16.0,13.0,4.0,5.0,6.0,6.0,16.333333333333332,17.625
2026-08-25 04:00:00,4,1,0,11,4,8,198,15,6,10,4,48,12.0,16.0,21.0,8.0,4.0,5.0,7.0,3.0,17.0,16.0,30.0,12.0,5.0,4.0,11.0,5.0,10.0,9.0,18.0,7.0,3.0,5.0,5.0,4.0,14.666666666666666,17.75
2026-08-25 05:00:00,5,1,0,18,6,9,198,26,7,17,4,52,11.0,21.0,15.0,25.0,4.0,7.0,5.0,8.0,15.0,23.0,29.0,32.0,6.0,11.0,10.0,12.0,10.0,11.0,13.0,20.0,4.0,4.0,6.0,5.0,15.166666666666666,17.458333333333332
2026-08-25 06:00:00,6,1,0,14,4,12,198,22,7,17,5,51,18.0,12.0,13.0,17.0,6.0,4.0,4.0,5.0,26.0,17.0,21.0,19.0,7.0,5.0,7.0,5.0,17.0,10.0,15.0,14.0,4.0,3.0,5.0,4.0,15.333333333333334,17.333333333333332
2026-08-25 07:00:00,7,1,0,18,5,11,198,25,9,14,7,75,14.0,11.0,16.0,17.0,4.0,4.0,5.0,5.0,22.0,15.0,16.0,23.0,7.0,6.0,4.0,6.0,17.0,10.0,9.0,18.0,5.0,4.0,5.0,5.0,15.666666666666666,17.375
2026-08-25 08:00:00,8,1,0,21,6,7,198,26,9,16,5,77,18.0,18.0,21.0,18.0,5.0,6.0,7.0,5.0,25.0,26.0,23.0,22.0,9.0,7.0,11.0,8.0,14.0,17.0,11.0,14.0,7.0,4.0,4.0,4.0,15.666666666666666,17.5
2026-08-25 09:00:00,9,1,0,24,7,6,198,28,10,16,6,71,21.0,14.0,12.0,17.0,6.0,4.0,4.0,5.0,26.0,22.0,17.0,24.0,9.0,7.0,5.0,8.0,16.0,17.0,10.0,13.0,5.0,5.0,3.0,4.0,17.666666666666668,17.791666666666668
2026-08-25 10:00:00,10,1,0,28,7,13,198,32,12,17,5,73,24.0,18.0,11.0,20.0,7.0,5.0,4.0,5.0,28.0,25.0,15.0,17.0,10.0,9.0,6.0,9.0,16.0,14.0,10.0,9.0,6.0,7.0,4.0,3.0,20.5,18.125
2026-08-25 11:00:00,11,1,0,17,4,8,198,21,5,15,5,75,28.0,21.0,18.0,17.0,7.0,6.0,6.0,4.0,32.0,26.0,26.0,19.0,12.0,9.0,7.0,6.0,17.0,16.0,17.0,11.0,5.0,5.0,4.0,4.0,20.333333333333332,18.125
2026-08-25 12:00:00,12,1,0,19,5,2,198,26,9,17,4,74,17.0,24.0,14.0,27.0,4.0,7.0,4.0,7.0,21.0,28.0,22.0,27.0,5.0,10.0,7.0,12.0,15.0,16.0,17.0,15.0,5.0,6.0,5.0,5.0,21.166666666666668,17.791666666666668
2026-08-25 13:00:00,13,1,0,20,5,10,198,32,11,20,5,73,19.0,28.0,18.0,23.0,5.0,7.0,5.0,6.0,26.0,32.0,25.0,29.0,9.0,12.0,9.0,8.0,17.0,17.0,14.0,16.0,4.0,5.0,7.0,6.0,21.5,17.666666666666668
2026-08-25 14:00:00,14,1,0,17,5,5,198,20,7,13,6,70,20.0,17.0,21.0,16.0,5.0,4.0,6.0,4.0,32.0,21.0,26.0,29.0,11.0,5.0,9.0,7.0,20.0,15.0,16.0,22.0,5.0,5.0,5.0,7.0,20.833333333333332,17.708333333333332
2026-08-25 15:00:00,15,1,0,18,5,9,198,20,7,11,6,68,17.0,19.0,24.0,20.0,5.0,5.0,7.0,5.0,20.0,26.0,28.0,24.0,7.0,9.0,10.0,6.0,13.0,17.0,16.0,15.0,6.0,4.0,6.0,5.0,19.833333333333332,17.625
2026-08-25 16:00:00,16,1,0,15,4,10,198,24,6,13,7,76,18.0,20.0,28.0,22.0,5.0,5.0,7.0,6.0,20.0,32.0,32.0,26.0,7.0,11.0,12.0,11.0,11.0,20.0,17.0,14.0,6.0,5.0,5.0,5.0,17.666666666666668,17.333333333333332
2026-08-25 17:00:00,17,1,0,18,5,15,198,21,5,13,6,75,15.0,17.0,17.0,17.0,4.0,5.0,4.0,5.0,24.0,20.0,21.0,24.0,6.0,7.0,5.0,11.0,13.0,13.0,15.0,17.0,7.0,6.0,5.0,4.0,17.833333333333332,17.375
2026-08-25 18:00:00,18,1,0,20,6,16,198,26,6,18,5,77,18.0,18.0,19.0,15.0,5.0,5.0,5.0,4.0,21.0,20.0,26.0,26.0,5.0,7.0,9.0,7.0,13.0,11.0,17.0,14.0,6.0,6.0,4.0,6.0,18.0,17.583333333333332
2026-08-25 19:00:00,19,1,0,13,4,7,198,27,10,20,8,47,20.0,15.0,20.0,14.0,6.0,4.0,5.0,4.0,26.0,24.0,32.0,24.0,6.0,6.0,11.0,7.0,18.0,13.0,20.0,13.0,5.0,7.0,5.0,7.0,16.833333333333332,17.541666666666668
2026-08-25 20:00:00,20,1,0,19,6,12,198,29,11,20,5,46,13.0,18.0,17.0,16.0,4.0,5.0,5.0,5.0,27.0,21.0,20.0,26.0,10.0,5.0,7.0,7.0,20.0,13.0,13.0,15.0,8.0,6.0,6.0,6.0,17.166666666666668,17.666666666666668
2026-08-25 21:00:00,21,1,0,19,6,8,198,27,10,17,6,48,19.0,20.0,18.0,16.0,6.0,6.0,5.0,5.0,29.0,26.0,20.0,21.0,11.0,6.0,7.0,4.0,20.0,18.0,11.0,16.0,5.0,5.0,6.0,6.0,17.333333333333332,17.791666666666668
2026-08-25 22:00:00,22,1,0,16,5,10,198,20,7,13,4,51,19.0,13.0,15.0,21.0,6.0,4.0,4.0,7.0,27.0,27.0,24.0,30.0,10.0,10.0,6.0,11.0,17.0,20.0,13.0,18.0,6.0,8.0,7.0,5.0,17.5,17.583333333333332
2026-08-25 23:00:00,23,1,0,17,6,8,198,17,3,11,5,47,16.0,19.0,18.0,15.0,5.0,6.0,5.0,5.0,20.0,29.0,21.0,29.0,7.0,11.0,5.0,10.0,13.0,20.0,13.0,13.0,4.0,5.0,6.0,6.0,17.333333333333332,17.666666666666668
2026-08-26 00:00:00,0,2,0,14,5,8,198,20,5,10,5,50,17.0,19.0,20.0,13.0,6.0,6.0,6.0,4.0,17.0,27.0,26.0,21.0,3.0,10.0,6.0,7.0,11.0,17.0,18.0,15.0,5.0,6.0,5.0,5.0,16.333333333333332,17.708333333333332
2026-08-26 01:00:00,1,2,0,16,5,11,198,22,8,14,5,45,14.0,16.0,13.0,16.0,5.0,5.0,4.0,5.0,20.0,20.0,27.0,16.0,5.0,7.0,10.0,4.0,10.0,13.0,20.0,9.0,5.0,4.0,8.0,5.0,16.833333333333332,17.708333333333332
2026-08-26 02:00:00,2,2,0,13,4,12,198,16,6,7,2,48,16.0,17.0,19.0,21.0,5.0,6.0,6.0,7.0,22.0,17.0,29.0,23.0,8.0,3.0,11.0,11.0,14.0,11.0,20.0,11.0,5.0,5.0,5.0,4.0,15.833333333333334,17.375
2026-08-26 03:00:00,3,2,0,13,4,10,198,16,5,10,4,48,13.0,14.0,19.0,12.0,4.0,5.0,6.0,4.0,16.0,20.0,27.0,17.0,6.0,5.0,10.0,5.0,7.0,10.0,17.0,10.0,2.0,5.0,6.0,3.0,14.833333333333334,17.416666666666668
2026-08-26 04:00:00,4,2,0,17,5,10,198,23,8,18,6,52,13.0,16.0,16.0,11.0,4.0,5.0,5.0,4.0,16.0,22.0,20.0,15.0,5.0,8.0,7.0,6.0,10.0,14.0,13.0,10.0,4.0,5.0,4.0,4.0,15.0,17.666666666666668
2026-08-26 05:00:00,5,2,0,20,6,11,198,21,7,15,5,49,17.0,13.0,17.0,18.0,5.0,4.0,6.0,6.0,23.0,16.0,17.0,26.0,8.0,6.0,3.0,7.0,18.0,7.0,11.0,17.0,6.0,2.0,5.0,4.0,15.5,17.75
2026-08-26 06:00:00,6,2,0,8,2,8,198,8,3,3,5,53,20.0,13.0,14.0,14.0,6.0,4.0,5.0,4.0,21.0,16.0,20.0,22.0,7.0,5.0,5.0,7.0,15.0,10.0,10.0,17.0,5.0,4.0,5.0,5.0,14.5,17.5
2026-08-26 07:00:00,7,2,0,15,4,10,198,15,4,9,3,70,8.0,17.0,16.0,18.0,2.0,5.0,5.0,5.0,8.0,23.0,22.0,25.0,3.0,8.0,8.0,9.0,3.0,18.0,14.0,14.0,5.0,6.0,5.0,7.0,14.333333333333334,17.375
2026-08-26 08:00:00,8,2,0,18,5,9,198,17,7,9,4,74,15.0,20.0,13.0,21.0,4.0,6.0,4.0,6.0,15.0,21.0,16.0,26.0,4.0,7.0,6.0,9.0,9.0,15.0,7.0,16.0,3.0,5.0,2.0,5.0,15.166666666666666,17.25
2026-08-26 09:00:00,9,2,0,15,4,9,198,22,7,14,5,75,18.0,8.0,13.0,24.0,5.0,2.0,4.0,7.0,17.0,8.0,16.0,28.0,7.0,3.0,5.0,10.0,9.0,3.0,10.0,16.0,4.0,5.0,4.0,6.0,15.5,16.875
2026-08-26 10:00:00,10,2,0,25,7,4,198,30,8,21,6,76,15.0,15.0,17.0,28.0,4.0,4.0,5.0,7.0,22.0,15.0,23.0,32.0,7.0,4.0,8.0,12.0,14.0,9.0,18.0,17.0,5.0,3.0,6.0,5.0,16.833333333333332,16.75
2026-08-26 11:00:00,11,2,0,15,4,8,198,23,6,16,7,72,25.0,18.0,20.0,17.0,7.0,5.0,6.0,4.0,30.0,17.0,21.0,21.0,8.0,7.0,7.0,5.0,21.0,9.0,15.0,15.0,6.0,4.0,5.0,5.0,16.0,16.666666666666668
2026-08-26 12:00:00,12,2,0,18,5,10,198,21,7,18,5,79,15.0,15.0,8.0,19.0,4.0,4.0,2.0,5.0,23.0,22.0,8.0,26.0,6.0,7.0,3.0,9.0,16.0,14.0,3.0,17.0,7.0,5.0,5.0,4.0,17.666666666666668,16.625
2026-08-26 13:00:00,13,2,0,20,5,10,198,18,8,14,6,74,18.0,25.0,15.0,20.0,5.0,7.0,4.0,5.0,21.0,30.0,15.0,32.0,7.0,8.0,4.0,11.0,18.0,21.0,9.0,20.0,5.0,6.0,3.0,5.0,18.5,16.625
2026-08-26 14:00:00,14,2,0,16,4,2,198,28,9,18,6,71,20.0,15.0,18.0,17.0,5.0,4.0,5.0,5.0,18.0,23.0,17.0,20.0,8.0,6.0,7.0,7.0,14.0,16.0,9.0,13.0,6.0,7.0,4.0,6.0,18.166666666666668,16.583333333333332
2026-08-26 15:00:00,15,2,0,30,8,11,198,31,10,21,5,74,16.0,18.0,15.0,18.0,4.0,5.0,4.0,5.0,28.0,21.0,22.0,20.0,9.0,7.0,7.0,7.0,18.0,18.0,14.0,11.0,6.0,5.0,5.0,6.0,20.666666666666668,17.083333333333332
2026-08-26 16:00:00,16,2,0,16,4,11,198,17,4,10,3,73,30.0,20.0,25.0,15.0,8.0,5.0,7.0,4.0,31.0,18.0,30.0,24.0,10.0,8.0,8.0,6.0,21.0,14.0,21.0,13.0,5.0,6.0,6.0,7.0,19.166666666666668,17.125
2026-08-26 17:00:00,17,2,0,19,6,8,198,22,9,11,6,82,16.0,16.0,15.0,18.0,4.0,4.0,4.0,5.0,17.0,28.0,23.0,21.0,4.0,9.0,6.0,5.0,10.0,18.0,16.0,13.0,3.0,6.0,7.0,6.0,19.833333333333332,17.166666666666668
2026-08-26 18:00:00,18,2,0,12,4,11,198,23,7,17,6,77,19.0,30.0,18.0,20.0,6.0,8.0,5.0,6.0,22.0,31.0,21.0,26.0,9.0,10.0,7.0,6.0,11.0,21.0,18.0,18.0,6.0,5.0,5.0,5.0,18.833333333333332,16.833333333333332
2026-08-26 19:00:00,19,2,0,15,5,7,198,22,7,16,5,48,12.0,16.0,20.0,13.0,4.0,4.0,5.0,4.0,23.0,17.0,18.0,27.0,7.0,4.0,8.0,10.0,17.0,10.0,14.0,20.0,6.0,3.0,6.0,8.0,18.0,16.916666666666668
2026-08-26 20:00:00,20,2,0,7,2,13,198,10,6,6,4,48,15.0,19.0,16.0,19.0,5.0,6.0,4.0,6.0,22.0,22.0,28.0,29.0,7.0,9.0,9.0,11.0,16.0,11.0,18.0,20.0,5.0,6.0,6.0,5.0,16.5,16.416666666666668
2026-08-26 21:00:00,21,2,0,20,7,11,198,26,10,17,6,51,7.0,12.0,30.0,19.0,2.0,4.0,8.0,6.0,10.0,23.0,31.0,27.0,6.0,7.0,10.0,10.0,6.0,17.0,21.0,17.0,4.0,6.0,5.0,6.0,14.833333333333334,16.458333333333332
2026-08-26 22:00:00,22,2,0,15,5,8,198,26,6,19,5,51,20.0,15.0,16.0,16.0,7.0,5.0,4.0,5.0,26.0,22.0,17.0,20.0,10.0,7.0,4.0,7.0,17.0,16.0,10.0,13.0,6.0,5.0,3.0,4.0,14.666666666666666,16.416666666666668
2026-08-26 23:00:00,23,2,0,14,5,18,198,20,4,14,5,39,15.0,7.0,19.0,17.0,5.0,2.0,6.0,6.0,26.0,10.0,22.0,17.0,6.0,6.0,9.0,3.0,19.0,6.0,11.0,11.0,5.0,4.0,6.0,5.0,13.833333333333334,16.291666666666668
2026-08-27 00:00:00,0,3,0,18,6,7,198,25,8,13,6,50,14.0,20.0,12.0,14.0,5.0,7.0,4.0,5.0,20.0,26.0,23.0,20.0,4.0,10.0,7.0,5.0,14.0,17.0,17.0,10.0,5.0,6.0,6.0,5.0,14.833333333333334,16.458333333333332
2026-08-27 01:00:00,1,3,0,13,4,13,198,12,3,8,2,48,18.0,15.0,15.0,16.0,6.0,5.0,5.0,5.0,25.0,26.0,22.0,22.0,8.0,6.0,7.0,8.0,13.0,19.0,16.0,14.0,6.0,5.0,5.0,5.0,14.5,16.333333333333332
2026-08-27 02:00:00,2,3,0,14,5,9,198,13,6,8,4,44,13.0,14.0,7.0,13.0,4.0,5.0,2.0,4.0,12.0,20.0,10.0,16.0,3.0,4.0,6.0,6.0,8.0,14.0,6.0,7.0,2.0,5.0,4.0,2.0,15.666666666666666,16.375
2026-08-27 03:00:00,3,3,0,12,4,7,198,17,6,13,4,51,14.0,18.0,20.0,13.0,5.0,6.0,7.0,4.0,13.0,25.0,26.0,16.0,6.0,8.0,10.0,5.0,8.0,13.0,17.0,10.0,4.0,6.0,6.0,4.0,14.333333333333334,16.333333333333332
2026-08-27 04:00:00,4,3,0,14,4,3,198,23,8,16,6,55,12.0,13.0,15.0,17.0,4.0,4.0,5.0,5.0,17.0,12.0,26.0,23.0,6.0,3.0,6.0,8.0,13.0,8.0,19.0,18.0,4.0,2.0,5.0,6.0,14.166666666666666,16.208333333333332
2026-08-27 05:00:00,5,3,0,10,3,6,198,17,5,13,3,50,14.0,14.0,14.0,20.0,4.0,5.0,5.0,6.0,23.0,13.0,20.0,21.0,8.0,6.0,4.0,7.0,16.0,8.0,14.0,15.0,6.0,4.0,5.0,5.0,13.5,15.791666666666666
2026-08-27 06:00:00,6,3,0,13,4,5,198,15,8,7,6,51,10.0,12.0,18.0,8.0,3.0,4.0,6.0,2.0,17.0,17.0,25.0,8.0,5.0,6.0,8.0,3.0,13.0,13.0,13.0,3.0,3.0,4.0,6.0,5.0,12.666666666666666,16.0
2026-08-27 07:00:00,7,3,0,8,2,5,198,12,8,6,5,79,13.0,14.0,13.0,15.0,4.0,4.0,4.0,4.0,15.0,23.0,12.0,15.0,8.0,8.0,3.0,4.0,7.0,16.0,8.0,9.0,6.0,6.0,2.0,3.0,11.833333333333334,15.708333333333334
2026-08-27 08:00:00,8,3,0,10,3,10,198,15,5,12,5,72,8.0,10.0,14.0,18.0,2.0,3.0,5.0,5.0,12.0,17.0,13.0,17.0,8.0,5.0,6.0,7.0,6.0,13.0,8.0,9.0,5.0,3.0,4.0,4.0,11.166666666666666,15.375
2026-08-27 09:00:00,9,3,0,18,5,6,198,24,9,14,5,68,10.0,13.0,12.0,15.0,3.0,4.0,4.0,4.0,15.0,15.0,17.0,22.0,5.0,8.0,6.0,7.0,12.0,7.0,13.0,14.0,5.0,6.0,4.0,5.0,12.166666666666666,15.5
2026-08-27 10:00:00,10,3,0,16,4,5,198,22,7,11,5,76,18.0,8.0,14.0,25.0,5.0,2.0,4.0,7.0,24.0,12.0,23.0,30.0,9.0,8.0,8.0,8.0,14.0,6.0,16.0,21.0,5.0,5.0,6.0,6.0,12.5,15.125
2026-08-27 11:00:00,11,3,0,13,3,6,198,21,6,14,6,73,16.0,10.0,10.0,15.0,4.0,3.0,3.0,4.0,22.0,15.0,17.0,23.0,7.0,5.0,5.0,6.0,11.0,12.0,13.0,16.0,5.0,5.0,3.0,7.0,13.0,15.041666666666666
2026-08-27 12:00:00,12,3,0,18,5,9,198,23,7,13,4,70,13.0,18.0,13.0,18.0,3.0,5.0,4.0,5.0,21.0,24.0,15.0,21.0,6.0,9.0,8.0,7.0,14.0,14.0,7.0,18.0,6.0,5.0,6.0,5.0,13.833333333333334,15.041666666666666
2026-08-27 13:00:00,13,3,0,28,7,7,198,31,9,23,6,74,18.0,16.0,8.0,20.0,5.0,4.0,2.0,5.0,23.0,22.0,12.0,18.0,7.0,7.0,8.0,8.0,13.0,11.0,6.0,14.0,4.0,5.0,5.0,6.0,17.166666666666668,15.375
2026-08-27 14:00:00,14,3,0,14,4,3,198,23,6,15,5,76,28.0,13.0,10.0,16.0,7.0,3.0,3.0,4.0,31.0,21.0,15.0,28.0,9.0,6.0,5.0,9.0,23.0,14.0,12.0,18.0,6.0,6.0,5.0,6.0,17.833333333333332,15.291666666666666
2026-08-27 15:00:00,15,3,0,20,5,4,198,27,10,17,5,74,14.0,18.0,18.0,30.0,4.0,5.0,5.0,8.0,23.0,23.0,24.0,31.0,6.0,7.0,9.0,10.0,15.0,13.0,14.0,21.0,5.0,4.0,5.0,5.0,18.166666666666668,14.875
2026-08-27 16:00:00,16,3,0,18,5,3,198,28,9,17,8,72,20.0,28.0,16.0,16.0,5.0,7.0,4.0,4.0,27.0,31.0,22.0,17.0,10.0,9.0,7.0,4.0,17.0,23.0,11.0,10.0,5.0,6.0,5.0,3.0,18.5,14.958333333333334
2026-08-27 17:00:00,17,3,0,20,6,12,198,32,7,23,6,73,18.0,14.0,13.0,19.0,5.0,4.0,3.0,6.0,28.0,23.0,21.0,22.0,9.0,6.0,6.0,9.0,17.0,15.0,14.0,11.0,8.0,5.0,6.0,6.0,19.666666666666668,15.0
2026-08-27 18:00:00,18,3,0,25,8,10,198,36,13,23,6,74,20.0,20.0,18.0,12.0,6.0,5.0,5.0,4.0,32.0,27.0,23.0,23.0,7.0,10.0,7.0,7.0,23.0,17.0,13.0,17.0,6.0,5.0,4.0,6.0,20.833333333333332,15.541666666666666
2026-08-27 19:00:00,19,3,0,20,6,5,198,32,11,19,7,42,25.0,18.0,28.0,15.0,8.0,5.0,7.0,5.0,36.0,28.0,31.0,22.0,13.0,9.0,9.0,7.0,23.0,17.0,23.0,16.0,6.0,8.0,6.0,5.0,19.5,15.75
2026-08-27 20:00:00,20,3,0,18,6,8,198,13,7,6,4,48,20.0,20.0,14.0,7.0,6.0,6.0,4.0,2.0,32.0,32.0,23.0,10.0,11.0,7.0,6.0,6.0,19.0,23.0,15.0,6.0,7.0,6.0,5.0,4.0,20.166666666666668,16.208333333333332
2026-08-27 21:00:00,21,3,0,18,6,14,198,32,11,20,7,44,18.0,25.0,20.0,20.0,6.0,8.0,5.0,7.0,13.0,36.0,27.0,26.0,7.0,13.0,10.0,10.0,6.0,23.0,17.0,17.0,4.0,6.0,5.0,6.0,19.833333333333332,16.125
2026-08-27 22:00:00,22,3,0,19,6,3,198,22,5,12,2,50,18.0,20.0,18.0,15.0,6.0,6.0,5.0,5.0,32.0,32.0,28.0,26.0,11.0,11.0,9.0,6.0,20.0,19.0,17.0,19.0,7.0,7.0,8.0,5.0,20.0,16.291666666666668
2026-08-27 23:00:00,23,3,0,14,5,12,198,25,5,18,4,43,19.0,18.0,20.0,14.0,6.0,6.0,6.0,5.0,22.0,13.0,32.0,20.0,5.0,7.0,7.0,4.0,12.0,6.0,23.0,14.0,2.0,4.0,6.0,5.0,19.0,16.291666666666668
2026-08-28 00:00:00,0,4,0,14,5,9,198,22,6,10,4,51,14.0,18.0,25.0,18.0,5.0,6.0,8.0,6.0,25.0,32.0,36.0,25.0,5.0,11.0,13.0,8.0,18.0,20.0,23.0,13.0,4.0,7.0,6.0,6.0,17.166666666666668,16.125
2026-08-28 01:00:00,1,4,0,14,5,13,198,25,7,15,5,47,14.0,19.0,20.0,13.0,5.0,6.0,6.0,4.0,22.0,22.0,32.0,12.0,6.0,5.0,11.0,3.0,10.0,12.0,19.0,8.0,4.0,2.0,7.0,2.0,16.166666666666668,16.166666666666668
2026-08-28 02:00:00,2,4,0,15,5,12,198,22,9,15,4,46,14.0,14.0,18.0,14.0,5.0,5.0,6.0,5.0,25.0,25.0,13.0,13.0,7.0,5.0,7.0,6.0,15.0,18.0,6.0,8.0,5.0,4.0,4.0,4.0,15.666666666666666,16.208333333333332
2026-08-28 03:00:00,3,4,0,18,6,10,198,26,9,17,4,49,15.0,14.0,18.0,12.0,5.0,5.0,6.0,4.0,22.0,22.0,32.0,17.0,9.0,6.0,11.0,6.0,15.0,10.0,20.0,13.0,4.0,4.0,7.0,4.0,15.666666666666666,16.458333333333332
2026-08-28 04:00:00,4,4,0,11,4,7,198,22,9,12,4,45,18.0,14.0,19.0,14.0,6.0,5.0,6.0,4.0,26.0,25.0,22.0,23.0,9.0,7.0,5.0,8.0,17.0,15.0,12.0,16.0,4.0,5.0,2.0,6.0,14.333333333333334,16.333333333333332
2026-08-28 05:00:00,5,4,0,12,4,8,198,16,4,11,3,49,11.0,15.0,14.0,10.0,4.0,5.0,5.0,3.0,22.0,22.0,25.0,17.0,9.0,9.0,5.0,5.0,12.0,15.0,18.0,13.0,4.0,4.0,4.0,3.0,14.0,16.416666666666668
2026-08-28 06:00:00,6,4,0,18,5,8,198,16,7,8,3,46,12.0,18.0,14.0,13.0,4.0,6.0,5.0,4.0,16.0,26.0,22.0,15.0,4.0,9.0,6.0,8.0,11.0,17.0,10.0,7.0,3.0,4.0,4.0,6.0,14.666666666666666,16.625
2026-08-28 07:00:00,7,4,0,18,5,10,198,23,9,14,5,72,18.0,11.0,14.0,8.0,5.0,4.0,5.0,2.0,16.0,22.0,25.0,12.0,7.0,9.0,7.0,8.0,8.0,12.0,15.0,6.0,3.0,4.0,5.0,5.0,15.333333333333334,17.041666666666668
2026-08-28 08:00:00,8,4,0,12,3,6,198,20,4,14,5,75,18.0,12.0,15.0,10.0,5.0,4.0,5.0,3.0,23.0,16.0,22.0,15.0,9.0,4.0,9.0,5.0,14.0,11.0,15.0,12.0,5.0,3.0,4.0,5.0,14.833333333333334,17.125
2026-08-28 09:00:00,9,4,0,24,7,8,198,33,13,21,7,71,12.0,18.0,18.0,18.0,3.0,5.0,6.0,5.0,20.0,16.0,26.0,24.0,4.0,7.0,9.0,9.0,14.0,8.0,17.0,14.0,5.0,3.0,4.0,5.0,15.833333333333334,17.375
2026-08-28 10:00:00,10,4,0,22,6,7,198,22,8,12,4,70,24.0,18.0,11.0,16.0,7.0,5.0,4.0,4.0,33.0,23.0,22.0,22.0,13.0,9.0,9.0,7.0,21.0,14.0,12.0,11.0,7.0,5.0,4.0,5.0,17.666666666666668,17.625
2026-08-28 11:00:00,11,4,0,13,3,7,198,16,6,12,6,75,22.0,12.0,12.0,13.0,6.0,3.0,4.0,3.0,22.0,20.0,16.0,21.0,8.0,4.0,4.0,6.0,12.0,14.0,11.0,14.0,4.0,5.0,3.0,6.0,17.833333333333332,17.625
2026-08-28 12:00:00,12,4,0,19,5,6,198,22,6,14,5,74,13.0,24.0,18.0,18.0,3.0,7.0,5.0,5.0,16.0,33.0,16.0,23.0,6.0,13.0,7.0,7.0,12.0,21.0,8.0,13.0,6.0,7.0,3.0,4.0,18.0,17.666666666666668
2026-08-28 13:00:00,13,4,0,32,8,8,198,42,16,28,7,75,19.0,22.0,18.0,28.0,5.0,6.0,5.0,7.0,22.0,22.0,23.0,31.0,6.0,8.0,9.0,9.0,14.0,12.0,14.0,23.0,5.0,4.0,5.0,6.0,20.333333333333332,17.833333333333332
2026-08-28 14:00:00,14,4,0,19,5,7,198,33,9,24,7,75,32.0,13.0,12.0,14.0,8.0,3.0,3.0,4.0,42.0,16.0,20.0,23.0,16.0,6.0,4.0,6.0,28.0,12.0,14.0,15.0,7.0,6.0,5.0,5.0,21.5,18.041666666666668
2026-08-28 15:00:00,15,4,0,34,9,12,198,42,15,28,6,74,19.0,19.0,24.0,20.0,5.0,5.0,7.0,5.0,33.0,22.0,33.0,27.0,9.0,6.0,13.0,10.0,24.0,14.0,21.0,17.0,7.0,5.0,7.0,5.0,23.166666666666668,18.625
2026-08-28 16:00:00,16,4,0,18,5,5,198,27,10,19,5,76,34.0,32.0,22.0,18.0,9.0,8.0,6.0,5.0,42.0,42.0,22.0,28.0,15.0,16.0,8.0,9.0,28.0,28.0,12.0,17.0,6.0,7.0,4.0,8.0,22.5,18.625
2026-08-28 17:00:00,17,4,0,23,7,12,198,31,9,20,7,74,18.0,19.0,13.0,20.0,5.0,5.0,3.0,6.0,27.0,33.0,16.0,32.0,10.0,9.0,6.0,7.0,19.0,24.0,12.0,23.0,5.0,7.0,6.0,6.0,24.166666666666668,18.75
2026-08-28 18:00:00,18,4,0,23,7,13,198,25,12,17,6,68,23.0,34.0,19.0,25.0,7.0,9.0,5.0,8.0,31.0,42.0,22.0,36.0,9.0,15.0,6.0,13.0,20.0,28.0,14.0,23.0,7.0,6.0,5.0,6.0,24.833333333333332,18.666666666666668
2026-08-28 19:00:00,19,4,0,9,3,6,198,15,5,10,5,43,23.0,18.0,32.0,20.0,7.0,5.0,8.0,6.0,25.0,27.0,42.0,32.0,12.0,10.0,16.0,11.0,17.0,19.0,28.0,19.0,6.0,5.0,7.0,7.0,21.0,18.208333333333332
2026-08-28 20:00:00,20,4,0,16,5,11,198,20,8,10,4,54,9.0,23.0,19.0,18.0,3.0,7.0,5.0,6.0,15.0,31.0,33.0,13.0,5.0,9.0,9.0,7.0,10.0,20.0,24.0,6.0,5.0,7.0,7.0,4.0,20.5,18.125
2026-08-28 21:00:00,21,4,0,17,6,17,198,21,5,14,5,48,16.0,23.0,34.0,18.0,5.0,7.0,9.0,6.0,20.0,25.0,42.0,32.0,8.0,12.0,15.0,11.0,10.0,17.0,28.0,20.0,4.0,6.0,6.0,7.0,17.666666666666668,18.083333333333332
2026-08-28 22:00:00,22,4,0,12,4,11,198,21,10,14,6,51,17.0,9.0,18.0,19.0,6.0,3.0,5.0,6.0,21.0,15.0,27.0,22.0,5.0,5.0,10.0,5.0,14.0,10.0,19.0,12.0,5.0,5.0,5.0,2.0,16.666666666666668,17.791666666666668
2026-08-28 23:00:00,23,4,0,15,5,14,198,24,6,16,6,47,12.0,16.0,23.0,14.0,4.0,5.0,7.0,5.0,21.0,20.0,31.0,25.0,10.0,8.0,9.0,5.0,14.0,10.0,20.0,18.0,6.0,4.0,7.0,4.0,15.333333333333334,17.833333333333332
2026-08-29 00:00:00,0,5,1,15,5,6,198,17,8,10,1,48,15.0,17.0,23.0,14.0,5.0,6.0,7.0,5.0,24.0,21.0,25.0,22.0,6.0,5.0,12.0,6.0,16.0,14.0,17.0,10.0,6.0,5.0,6.0,4.0,14.0,17.875
2026-08-29 01:00:00,1,5,1,14,5,14,198,13,3,7,1,47,15.0,12.0,9.0,14.0,5.0,4.0,3.0,5.0,17.0,21.0,15.0,25.0,8.0,10.0,5.0,7.0,10.0,14.0,10.0,15.0,1.0,6.0,5.0,5.0,14.833333333333334,17.875
2026-08-29 02:00:00,2,5,1,15,5,15,198,12,4,9,3,55,14.0,15.0,16.0,15.0,5.0,5.0,5.0,5.0,13.0,24.0,20.0,22.0,3.0,6.0,8.0,9.0,7.0,16.0,10.0,15.0,1.0,6.0,4.0,4.0,14.666666666666666,17.875
2026-08-29 03:00:00,3,5,1,14,5,3,198,12,6,5,1,49,15.0,15.0,17.0,18.0,5.0,5.0,6.0,6.0,12.0,17.0,21.0,26.0,4.0,8.0,5.0,9.0,9.0,10.0,14.0,17.0,3.0,1.0,5.0,4.0,14.166666666666666,17.708333333333332
2026-08-29 04:00:00,4,5,1,10,3,8,198,12,6,10,2,46,14.0,14.0,12.0,11.0,5.0,5.0,4.0,4.0,12.0,13.0,21.0,22.0,6.0,3.0,10.0,9.0,5.0,7.0,14.0,12.0,1.0,1.0,6.0,4.0,13.833333333333334,17.666666666666668
2026-08-29 05:00:00,5,5,1,13,4,10,198,16,4,9,1,43,10.0,15.0,15.0,12.0,3.0,5.0,5.0,4.0,12.0,12.0,24.0,16.0,6.0,4.0,6.0,4.0,10.0,9.0,16.0,11.0,2.0,3.0,6.0,3.0,13.5,17.708333333333332
2026-08-29 06:00:00,6,5,1,7,2,8,198,11,5,7,4,54,13.0,14.0,15.0,18.0,4.0,5.0,5.0,5.0,16.0,12.0,17.0,16.0,4.0,6.0,8.0,7.0,9.0,5.0,10.0,8.0,1.0,1.0,1.0,3.0,12.166666666666666,17.25
2026-08-29 07:00:00,7,5,1,13,4,4,198,14,6,10,1,74,7.0,10.0,14.0,18.0,2.0,3.0,5.0,5.0,11.0,12.0,13.0,23.0,5.0,6.0,3.0,9.0,7.0,10.0,7.0,14.0,4.0,2.0,1.0,5.0,12.0,17.041666666666668
2026-08-29 08:00:00,8,5,1,17,5,6,198,20,5,14,3,76,13.0,13.0,15.0,12.0,4.0,4.0,5.0,3.0,14.0,16.0,12.0,20.0,6.0,4.0,4.0,4.0,10.0,9.0,9.0,14.0,1.0,1.0,3.0,5.0,12.333333333333334,17.25
2026-08-29 09:00:00,9,5,1,14,4,7,198,15,8,6,2,77,17.0,7.0,14.0,24.0,5.0,2.0,5.0,7.0,20.0,11.0,12.0,33.0,5.0,5.0,6.0,13.0,14.0,7.0,5.0,21.0,3.0,4.0,1.0,7.0,12.333333333333334,16.833333333333332
2026-08-29 10:00:00,10,5,1,14,4,10,198,20,5,14,3,73,14.0,13.0,10.0,22.0,4.0,4.0,3.0,6.0,15.0,14.0,12.0,22.0,8.0,6.0,6.0,8.0,6.0,10.0,10.0,12.0,2.0,1.0,2.0,4.0,13.0,16.5
2026-08-29 11:00:00,11,5,1,21,5,13,198,16,5,11,0,76,14.0,17.0,13.0,13.0,4.0,5.0,4.0,3.0,20.0,20.0,16.0,16.0,5.0,5.0,4.0,6.0,14.0,14.0,9.0,12.0,3.0,3.0,1.0,6.0,14.333333333333334,16.833333333333332
2026-08-29 12:00:00,12,5,1,17,4,5,198,13,5,7,0,72,21.0,14.0,7.0,19.0,5.0,4.0,2.0,5.0,16.0,15.0,11.0,22.0,5.0,8.0,5.0,6.0,11.0,6.0,7.0,14.0,0.0,2.0,4.0,5.0,16.0,16.75
2026-08-29 13:00:00,13,5,1,23,6,4,198,23,7,13,2,71,17.0,14.0,13.0,32.0,4.0,4.0,4.0,8.0,13.0,20.0,14.0,42.0,5.0,5.0,6.0,16.0,7.0,14.0,10.0,28.0,0.0,3.0,1.0,7.0,17.666666666666668,16.375
2026-08-29 14:00:00,14,5,1,11,3,5,198,13,5,7,3,77,23.0,21.0,17.0,19.0,6.0,5.0,5.0,5.0,23.0,16.0,20.0,33.0,7.0,5.0,5.0,9.0,13.0,11.0,14.0,24.0,2.0,0.0,3.0,7.0,16.666666666666668,16.041666666666668
2026-08-29 15:00:00,15,5,1,16,4,10,198,17,6,8,1,74,11.0,17.0,14.0,34.0,3.0,4.0,4.0,9.0,13.0,13.0,15.0,42.0,5.0,5.0,8.0,15.0,7.0,7.0,6.0,28.0,3.0,0.0,2.0,6.0,17.0,15.291666666666666
2026-08-29 16:00:00,16,5,1,24,7,10,198,20,7,16,1,76,16.0,23.0,14.0,18.0,4.0,6.0,4.0,5.0,17.0,23.0,20.0,27.0,6.0,7.0,5.0,10.0,8.0,13.0,14.0,19.0,1.0,2.0,3.0,5.0,18.666666666666668,15.541666666666666
2026-08-29 17:00:00,17,5,1,21,6,6,198,24,10,18,3,75,24.0,11.0,21.0,23.0,7.0,3.0,5.0,7.0,20.0,13.0,16.0,31.0,7.0,5.0,5.0,9.0,16.0,7.0,11.0,20.0,1.0,3.0,0.0,7.0,18.666666666666668,15.458333333333334
2026-08-29 18:00:00,18,5,1,15,4,10,198,18,6,12,3,76,21.0,16.0,17.0,23.0,6.0,4.0,4.0,7.0,24.0,17.0,13.0,25.0,10.0,6.0,5.0,12.0,18.0,8.0,7.0,17.0,3.0,1.0,0.0,6.0,18.333333333333332,15.125
2026-08-29 19:00:00,19,5,1,20,6,13,198,21,8,13,2,43,15.0,24.0,23.0,9.0,4.0,7.0,6.0,3.0,18.0,20.0,23.0,15.0,6.0,7.0,7.0,5.0,12.0,16.0,13.0,10.0,3.0,1.0,2.0,5.0,17.833333333333332,15.583333333333334
2026-08-29 20:00:00,20,5,1,20,6,7,198,21,9,13,3,46,20.0,21.0,11.0,16.0,6.0,6.0,3.0,5.0,21.0,24.0,13.0,20.0,8.0,10.0,5.0,8.0,13.0,18.0,7.0,10.0,2.0,3.0,3.0,4.0,19.333333333333332,15.75
2026-08-29 21:00:00,21,5,1,15,5,13,198,13,6,10,1,47,20.0,15.0,16.0,17.0,6.0,4.0,4.0,6.0,21.0,18.0,17.0,21.0,9.0,6.0,6.0,5.0,13.0,12.0,8.0,14.0,3.0,3.0,1.0,5.0,19.166666666666668,15.666666666666666
2026-08-29 22:00:00,22,5,1,11,4,8,198,13,6,12,2,46,15.0,20.0,24.0,12.0,5.0,6.0,7.0,4.0,13.0,21.0,20.0,21.0,6.0,8.0,7.0,10.0,10.0,13.0,16.0,14.0,1.0,2.0,1.0,6.0,17.0,15.625
2026-08-29 23:00:00,23,5,1,15,5,11,198,20,5,11,4,49,11.0,20.0,21.0,15.0,4.0,6.0,6.0,5.0,13.0,21.0,24.0,24.0,6.0,9.0,10.0,6.0,12.0,13.0,18.0,16.0,2.0,3.0,3.0,6.0,16.0,15.625
