timestamp,hour,day_of_week,is_weekend,patient_arrivals,emergency_cases,discharges,occupied_beds,total_beds,available_beds,icu_occupied,icu_capacity,diagnostic_requests,ct_requests,ct_capacity,mri_requests,mri_capacity,lab_requests,lab_capacity,scheduled_procedures,or_capacity,staff_count,ct_utilization,mri_utilization,lab_utilization,or_utilization
2026-06-01 00:00:00,0,0,0,18,6,6,119,200,81,20,30,22,8,12,3,8,14,55,4,8,45,0.667,0.375,0.255,0.5
2026-06-01 01:00:00,1,0,0,10,3,5,120,200,80,20,30,16,8,12,1,8,13,55,4,8,53,0.667,0.125,0.236,0.5
2026-06-01 02:00:00,2,0,0,16,5,11,121,200,79,19,30,31,9,12,2,8,20,55,6,8,43,0.75,0.25,0.364,0.75
2026-06-01 03:00:00,3,0,0,19,6,11,122,200,78,18,30,17,6,12,2,8,9,55,3,8,45,0.5,0.25,0.164,0.375
2026-06-01 04:00:00,4,0,0,11,4,10,123,200,77,19,30,20,4,12,1,8,9,55,5,8,47,0.333,0.125,0.164,0.625
2026-06-01 05:00:00,5,0,0,13,4,9,124,200,76,18,30,21,8,12,3,8,14,55,3,8,43,0.667,0.375,0.255,0.375
2026-06-01 06:00:00,6,0,0,15,4,7,125,200,75,18,30,22,6,12,3,8,13,55,6,8,51,0.5,0.375,0.236,0.75
2026-06-01 07:00:00,7,0,0,18,5,10,126,200,74,21,30,25,8,12,1,8,14,55,4,8,77,0.667,0.125,0.255,0.5
2026-06-01 08:00:00,8,0,0,15,4,10,127,200,73,21,30,20,6,12,1,8,10,55,6,8,72,0.5,0.125,0.182,0.75
2026-06-01 09:00:00,9,0,0,18,5,2,129,200,71,21,30,22,8,12,1,8,14,55,5,8,78,0.667,0.125,0.255,0.625
2026-06-01 10:00:00,10,0,0,15,4,7,131,200,69,20,30,21,6,12,2,8,16,55,4,8,78,0.5,0.25,0.291,0.5
2026-06-01 11:00:00,11,0,0,22,6,9,132,200,68,21,30,33,10,12,4,8,20,55,7,8,74,0.833,0.5,0.364,0.875
2026-06-01 12:00:00,12,0,0,23,6,2,135,200,65,18,30,35,14,12,3,8,23,55,7,8,73,1.167,0.375,0.418,0.875
2026-06-01 13:00:00,13,0,0,19,5,7,137,200,63,20,30,33,11,12,3,8,20,55,7,8,81,0.917,0.375,0.364,0.875
2026-06-01 14:00:00,14,0,0,24,6,8,139,200,61,15,30,29,9,12,4,8,15,55,5,8,76,0.75,0.5,0.273,0.625
2026-06-01 15:00:00,15,0,0,15,4,7,140,200,60,19,30,25,8,12,0,8,17,55,5,8,75,0.667,0.0,0.309,0.625
2026-06-01 16:00:00,16,0,0,18,5,9,142,200,58,19,30,24,11,12,4,8,13,55,6,8,78,0.917,0.5,0.236,0.75
2026-06-01 17:00:00,17,0,0,18,5,11,143,200,57,19,30,27,9,12,2,8,17,55,5,8,75,0.75,0.25,0.309,0.625
2026-06-01 18:00:00,18,0,0,21,6,9,144,200,56,23,30,30,9,12,3,8,18,55,7,8,72,0.75,0.375,0.327,0.875
2026-06-01 19:00:00,19,0,0,20,6,11,146,200,54,19,30,29,9,12,2,8,20,55,6,8,48,0.75,0.25,0.364,0.75
2026-06-01 20:00:00,20,0,0,11,4,14,146,200,54,16,30,14,4,12,3,8,7,55,2,8,51,0.333,0.375,0.127,0.25
2026-06-01 21:00:00,21,0,0,16,5,12,146,200,54,19,30,17,5,12,0,8,11,55,5,8,42,0.417,0.0,0.2,0.625
2026-06-01 22:00:00,22,0,0,21,7,14,147,200,53,14,30,21,6,12,2,8,11,55,4,8,47,0.5,0.25,0.2,0.5
2026-06-01 23:00:00,23,0,0,13,4,7,148,200,52,18,30,20,5,12,3,8,11,55,5,8,52,0.417,0.375,0.2,0.625
2026-06-02 00:00:00,0,1,0,18,6,10,149,200,51,13,30,17,5,12,0,8,3,55,4,8,46,0.417,0.0,0.055,0.5
2026-06-02 01:00:00,1,1,0,17,6,12,150,200,50,18,30,25,9,12,2,8,20,55,5,8,53,0.75,0.25,0.364,0.625
2026-06-02 02:00:00,2,1,0,18,6,10,151,200,49,20,30,26,8,12,2,8,17,55,5,8,52,0.667,0.25,0.309,0.625
2026-06-02 03:00:00,3,1,0,13,4,15,151,200,49,19,30,21,7,12,1,8,11,55,5,8,48,0.583,0.125,0.2,0.625
2026-06-02 04:00:00,4,1,0,20,6,5,153,200,47,17,30,20,9,12,1,8,10,55,4,8,46,0.75,0.125,0.182,0.5
2026-06-02 05:00:00,5,1,0,14,4,9,154,200,46,18,30,23,10,12,2,8,13,55,4,8,47,0.833,0.25,0.236,0.5
2026-06-02 06:00:00,6,1,0,14,4,10,154,200,46,16,30,25,8,12,3,8,17,55,4,8,56,0.667,0.375,0.309,0.5
2026-06-02 07:00:00,7,1,0,20,6,8,156,200,44,18,30,24,7,12,2,8,11,55,4,8,80,0.583,0.25,0.2,0.5
2026-06-02 08:00:00,8,1,0,24,7,6,158,200,42,25,30,30,9,12,4,8,18,55,5,8,74,0.75,0.5,0.327,0.625
2026-06-02 09:00:00,9,1,0,13,4,8,159,200,41,22,30,20,8,12,1,8,16,55,5,8,72,0.667,0.125,0.291,0.625
2026-06-02 10:00:00,10,1,0,24,6,8,161,200,39,20,30,34,11,12,2,8,19,55,7,8,74,0.917,0.25,0.345,0.875
2026-06-02 11:00:00,11,1,0,25,7,7,163,200,37,21,30,33,11,12,5,8,21,55,7,8,75,0.917,0.625,0.382,0.875
2026-06-02 12:00:00,12,1,0,22,6,13,164,200,36,17,30,27,8,12,2,8,21,55,5,8,70,0.667,0.25,0.382,0.625
2026-06-02 13:00:00,13,1,0,19,5,9,166,200,34,18,30,29,8,12,2,8,19,55,6,8,74,0.667,0.25,0.345,0.75
2026-06-02 14:00:00,14,1,0,29,8,3,169,200,31,20,30,40,14,12,2,8,25,55,5,8,78,1.167,0.25,0.455,0.625
2026-06-02 15:00:00,15,1,0,21,6,15,170,200,30,18,30,24,6,12,3,8,16,55,6,8,69,0.5,0.375,0.291,0.75
2026-06-02 16:00:00,16,1,0,17,5,14,170,200,30,20,30,23,9,12,2,8,13,55,5,8,76,0.75,0.25,0.236,0.625
2026-06-02 17:00:00,17,1,0,18,5,6,171,200,29,22,30,20,6,12,2,8,15,55,5,8,78,0.5,0.25,0.273,0.625
2026-06-02 18:00:00,18,1,0,28,8,14,173,200,27,20,30,39,13,12,4,8,23,55,6,8,72,1.083,0.5,0.418,0.75
2026-06-02 19:00:00,19,1,0,21,7,14,174,200,26,17,30,21,6,12,3,8,9,55,3,8,53,0.5,0.375,0.164,0.375
2026-06-02 20:00:00,20,1,0,23,7,11,175,200,25,14,30,20,7,12,2,8,12,55,3,8,46,0.583,0.25,0.218,0.375
2026-06-02 21:00:00,21,1,0,23,8,11,177,200,23,20,30,30,10,12,5,8,17,55,5,8,49,0.833,0.625,0.309,0.625
2026-06-02 22:00:00,22,1,0,14,5,15,177,200,23,16,30,26,9,12,3,8,16,55,5,8,47,0.75,0.375,0.291,0.625
2026-06-02 23:00:00,23,1,0,12,4,11,177,200,23,17,30,19,9,12,3,8,11,55,4,8,47,0.75,0.375,0.2,0.5
2026-06-03 00:00:00,0,2,0,14,5,8,177,200,23,19,30,18,7,12,3,8,14,55,3,8,46,0.583,0.375,0.255,0.375
2026-06-03 01:00:00,1,2,0,9,3,7,178,200,22,20,30,16,4,12,2,8,11,55,4,8,50,0.333,0.25,0.2,0.5
2026-06-03 02:00:00,2,2,0,23,8,16,178,200,22,18,30,32,10,12,3,8,20,55,5,8,51,0.833,0.375,0.364,0.625
2026-06-03 03:00:00,3,2,0,15,5,13,178,200,22,18,30,19,7,12,2,8,12,55,5,8,48,0.583,0.25,0.218,0.625
2026-06-03 04:00:00,4,2,0,14,4,14,178,200,22,16,30,18,8,12,2,8,9,55,4,8,44,0.667,0.25,0.164,0.5
2026-06-03 05:00:00,5,2,0,26,8,14,180,200,20,17,30,31,11,12,3,8,15,55,6,8,49,0.917,0.375,0.273,0.75
2026-06-03 06:00:00,6,2,0,16,5,8,181,200,19,17,30,19,8,12,2,8,12,55,5,8,49,0.667,0.25,0.218,0.625
2026-06-03 07:00:00,7,2,0,15,4,6,181,200,19,14,30,19,7,12,3,8,13,55,4,8,73,0.583,0.375,0.236,0.5
2026-06-03 08:00:00,8,2,0,20,6,9,183,200,17,20,30,29,12,12,5,8,18,55,5,8,80,1.0,0.625,0.327,0.625
2026-06-03 09:00:00,9,2,0,10,3,2,183,200,17,18,30,17,3,12,3,8,9,55,4,8,69,0.25,0.375,0.164,0.5
2026-06-03 10:00:00,10,2,0,27,7,11,185,200,15,20,30,33,12,12,5,8,21,55,5,8,67,1.0,0.625,0.382,0.625
2026-06-03 11:00:00,11,2,0,15,4,6,186,200,14,17,30,23,9,12,2,8,14,55,6,8,72,0.75,0.25,0.255,0.75
2026-06-03 12:00:00,12,2,0,24,6,10,188,200,12,17,30,32,9,12,4,8,23,55,6,8,76,0.75,0.5,0.418,0.75
2026-06-03 13:00:00,13,2,0,18,5,16,188,200,12,20,30,25,7,12,4,8,18,55,7,8,71,0.583,0.5,0.327,0.875
2026-06-03 14:00:00,14,2,0,20,5,10,189,200,11,19,30,25,7,12,2,8,17,55,5,8,71,0.583,0.25,0.309,0.625
2026-06-03 15:00:00,15,2,0,24,7,10,190,200,10,20,30,33,10,12,3,8,22,55,7,8,77,0.833,0.375,0.4,0.875
2026-06-03 16:00:00,16,2,0,19,5,9,191,200,9,19,30,27,8,12,4,8,14,55,6,8,75,0.667,0.5,0.255,0.75
2026-06-03 17:00:00,17,2,0,24,7,6,193,200,7,24,30,33,12,12,2,8,22,55,7,8,75,1.0,0.25,0.4,0.875
2026-06-03 18:00:00,18,2,0,20,6,15,193,200,7,20,30,27,10,12,1,8,17,55,6,8,76,0.833,0.125,0.309,0.75
2026-06-03 19:00:00,19,2,0,21,7,10,195,200,5,24,30,27,11,12,4,8,18,55,6,8,47,0.917,0.5,0.327,0.75
2026-06-03 20:00:00,20,2,0,21,7,13,195,200,5,23,30,39,12,12,5,8,25,55,7,8,47,1.0,0.625,0.455,0.875
2026-06-03 21:00:00,21,2,0,26,9,9,197,200,3,22,30,33,10,12,4,8,21,55,5,8,50,0.833,0.5,0.382,0.625
2026-06-03 22:00:00,22,2,0,15,5,12,197,200,3,16,30,22,9,12,2,8,19,55,5,8,44,0.75,0.25,0.345,0.625
2026-06-03 23:00:00,23,2,0,13,4,15,197,200,3,20,30,21,8,12,2,8,13,55,6,8,42,0.667,0.25,0.236,0.75
2026-06-04 00:00:00,0,3,0,19,6,9,198,200,2,17,30,22,8,12,2,8,16,55,4,8,47,0.667,0.25,0.291,0.5
2026-06-04 01:00:00,1,3,0,15,5,13,198,200,2,14,30,17,7,12,3,8,10,55,3,8,51,0.583,0.375,0.182,0.375
2026-06-04 02:00:00,2,3,0,9,3,9,197,200,3,22,30,19,6,12,2,8,13,55,6,8,49,0.5,0.25,0.236,0.75
2026-06-04 03:00:00,3,3,0,21,7,7,198,200,2,17,30,19,8,12,4,8,14,55,4,8,51,0.667,0.5,0.255,0.5
2026-06-04 04:00:00,4,3,0,13,4,12,198,200,2,16,30,13,4,12,0,8,9,55,4,8,42,0.333,0.0,0.164,0.5
2026-06-04 05:00:00,5,3,0,18,6,16,198,200,2,19,30,24,9,12,2,8,18,55,6,8,49,0.75,0.25,0.327,0.75
2026-06-04 06:00:00,6,3,0,18,5,9,198,200,2,16,30,23,6,12,2,8,12,55,4,8,50,0.5,0.25,0.218,0.5
2026-06-04 07:00:00,7,3,0,11,3,3,198,200,2,16,30,15,4,12,0,8,8,55,4,8,70,0.333,0.0,0.145,0.5
2026-06-04 08:00:00,8,3,0,19,5,10,198,200,2,18,30,29,9,12,3,8,18,55,5,8,77,0.75,0.375,0.327,0.625
2026-06-04 09:00:00,9,3,0,22,6,4,198,200,2,21,30,19,6,12,2,8,14,55,3,8,74,0.5,0.25,0.255,0.375
2026-06-04 10:00:00,10,3,0,23,6,8,198,200,2,17,30,26,7,12,3,8,16,55,5,8,83,0.583,0.375,0.291,0.625
2026-06-04 11:00:00,11,3,0,19,5,9,198,200,2,23,30,31,9,12,5,8,22,55,6,8,67,0.75,0.625,0.4,0.75
2026-06-04 12:00:00,12,3,0,24,6,10,198,200,2,20,30,29,8,12,3,8,17,55,5,8,78,0.667,0.375,0.309,0.625
2026-06-04 13:00:00,13,3,0,24,6,12,198,200,2,19,30,30,11,12,4,8,16,55,4,8,73,0.917,0.5,0.291,0.5
2026-06-04 14:00:00,14,3,0,15,4,8,198,200,2,22,30,31,10,12,3,8,20,55,7,8,69,0.833,0.375,0.364,0.875
2026-06-04 15:00:00,15,3,0,19,5,4,198,200,2,19,30,24,6,12,4,8,15,55,6,8,72,0.5,0.5,0.273,0.75
2026-06-04 16:00:00,16,3,0,29,8,11,198,200,2,23,30,36,11,12,6,8,23,55,7,8,75,0.917,0.75,0.418,0.875
2026-06-04 17:00:00,17,3,0,26,8,10,198,200,2,20,30,30,11,12,4,8,19,55,5,8,77,0.917,0.5,0.345,0.625
2026-06-04 18:00:00,18,3,0,21,6,13,198,200,2,15,30,20,6,12,1,8,12,55,5,8,79,0.5,0.125,0.218,0.625
2026-06-04 19:00:00,19,3,0,15,5,9,198,200,2,20,30,22,6,12,2,8,13,55,6,8,52,0.5,0.25,0.236,0.75
2026-06-04 20:00:00,20,3,0,16,5,10,198,200,2,20,30,25,8,12,3,8,16,55,5,8,45,0.667,0.375,0.291,0.625
2026-06-04 21:00:00,21,3,0,19,6,9,198,200,2,17,30,25,9,12,3,8,15,55,4,8,51,0.75,0.375,0.273,0.5
2026-06-04 22:00:00,22,3,0,24,8,9,198,200,2,20,30,32,9,12,4,8,19,55,6,8,49,0.75,0.5,0.345,0.75
2026-06-04 23:00:00,23,3,0,13,4,9,198,200,2,16,30,17,7,12,2,8,10,55,4,8,46,0.583,0.25,0.182,0.5
2026-06-05 00:00:00,0,4,0,20,7,15,198,200,2,14,30,20,6,12,2,8,14,55,3,8,47,0.5,0.25,0.255,0.375
2026-06-05 01:00:00,1,4,0,11,4,16,198,200,2,16,30,23,8,12,2,8,15,55,6,8,46,0.667,0.25,0.273,0.75
2026-06-05 02:00:00,2,4,0,22,7,14,198,200,2,15,30,24,8,12,3,8,19,55,4,8,48,0.667,0.375,0.345,0.5
2026-06-05 03:00:00,3,4,0,16,5,8,198,200,2,19,30,21,6,12,4,8,13,55,4,8,46,0.5,0.5,0.236,0.5
2026-06-05 04:00:00,4,4,0,10,3,8,198,200,2,12,30,14,3,12,2,8,8,55,3,8,45,0.25,0.25,0.145,0.375
2026-06-05 05:00:00,5,4,0,21,7,11,198,200,2,18,30,32,10,12,4,8,25,55,6,8,49,0.833,0.5,0.455,0.75
2026-06-05 06:00:00,6,4,0,19,6,10,198,200,2,16,30,24,11,12,3,8,16,55,3,8,50,0.917,0.375,0.291,0.375
2026-06-05 07:00:00,7,4,0,16,5,8,198,200,2,18,30,18,4,12,1,8,13,55,5,8,73,0.333,0.125,0.236,0.625
2026-06-05 08:00:00,8,4,0,19,5,12,198,200,2,16,30,23,10,12,2,8,15,55,6,8,78,0.833,0.25,0.273,0.75
2026-06-05 09:00:00,9,4,0,24,7,7,198,200,2,20,30,31,10,12,2,8,20,55,5,8,73,0.833,0.25,0.364,0.625
2026-06-05 10:00:00,10,4,0,23,6,8,198,200,2,16,30,28,10,12,3,8,18,55,5,8,73,0.833,0.375,0.327,0.625
2026-06-05 11:00:00,11,4,0,28,7,7,198,200,2,20,30,29,8,12,2,8,16,55,4,8,76,0.667,0.25,0.291,0.5
2026-06-05 12:00:00,12,4,0,20,5,4,198,200,2,17,30,29,8,12,4,8,19,55,5,8,74,0.667,0.5,0.345,0.625
2026-06-05 13:00:00,13,4,0,23,6,12,198,200,2,19,30,30,9,12,3,8,16,55,6,8,74,0.75,0.375,0.291,0.75
2026-06-05 14:00:00,14,4,0,22,6,11,198,200,2,19,30,27,8,12,2,8,16,55,5,8,66,0.667,0.25,0.291,0.625
2026-06-05 15:00:00,15,4,0,19,5,12,198,200,2,20,30,29,9,12,5,8,17,55,6,8,74,0.75,0.625,0.309,0.75
2026-06-05 16:00:00,16,4,0,8,2,9,198,200,2,19,30,16,5,12,1,8,11,55,6,8,69,0.417,0.125,0.2,0.75
2026-06-05 17:00:00,17,4,0,26,8,12,198,200,2,20,30,39,16,12,4,8,25,55,7,8,70,1.333,0.5,0.455,0.875
2026-06-05 18:00:00,18,4,0,14,4,15,198,200,2,18,30,16,4,12,2,8,11,55,4,8,70,0.333,0.25,0.2,0.5
2026-06-05 19:00:00,19,4,0,24,7,16,198,200,2,22,30,36,12,12,2,8,23,55,8,8,45,1.0,0.25,0.418,1.0
2026-06-05 20:00:00,20,4,0,20,6,14,198,200,2,18,30,32,11,12,4,8,19,55,6,8,46,0.917,0.5,0.345,0.75
2026-06-05 21:00:00,21,4,0,9,3,13,198,200,2,19,30,12,3,12,2,8,7,55,5,8,47,0.25,0.25,0.127,0.625
2026-06-05 22:00:00,22,4,0,17,6,10,198,200,2,22,30,24,9,12,4,8,17,55,6,8,50,0.75,0.5,0.309,0.75
2026-06-05 23:00:00,23,4,0,16,5,8,198,200,2,22,30,29,9,12,2,8,20,55,7,8,49,0.75,0.25,0.364,0.875
2026-06-06 00:00:00,0,5,1,18,6,1,198,200,2,17,30,20,3,12,2,8,10,55,1,8,42,0.25,0.25,0.182,0.125
2026-06-06 01:00:00,1,5,1,13,4,16,198,200,2,16,30,14,6,12,1,8,6,55,2,8,48,0.5,0.125,0.109,0.25
2026-06-06 02:00:00,2,5,1,12,4,10,198,200,2,13,30,8,1,12,1,8,4,55,0,8,49,0.083,0.125,0.073,0.0
2026-06-06 03:00:00,3,5,1,9,3,17,198,200,2,14,30,14,3,12,0,8,11,55,2,8,47,0.25,0.0,0.2,0.25
2026-06-06 04:00:00,4,5,1,14,4,13,198,200,2,17,30,19,7,12,2,8,14,55,2,8,48,0.583,0.25,0.255,0.25
2026-06-06 05:00:00,5,5,1,16,5,7,198,200,2,18,30,14,5,12,0,8,7,55,2,8,49,0.417,0.0,0.127,0.25
2026-06-06 06:00:00,6,5,1,24,7,8,198,200,2,21,30,18,8,12,2,8,12,55,1,8,50,0.667,0.25,0.218,0.125
2026-06-06 07:00:00,7,5,1,17,5,6,198,200,2,17,30,15,7,12,0,8,13,55,0,8,69,0.583,0.0,0.236,0.0
2026-06-06 08:00:00,8,5,1,16,4,12,198,200,2,15,30,21,6,12,0,8,14,55,3,8,73,0.5,0.0,0.255,0.375
2026-06-06 09:00:00,9,5,1,16,4,8,198,200,2,16,30,20,8,12,3,8,15,55,4,8,79,0.667,0.375,0.273,0.5
2026-06-06 10:00:00,10,5,1,9,2,7,198,200,2,20,30,13,3,12,1,8,10,55,2,8,78,0.25,0.125,0.182,0.25
2026-06-06 11:00:00,11,5,1,19,5,6,198,200,2,17,30,19,10,12,1,8,10,55,3,8,77,0.833,0.125,0.182,0.375
2026-06-06 12:00:00,12,5,1,20,5,8,198,200,2,15,30,12,3,12,2,8,7,55,1,8,76,0.25,0.25,0.127,0.125
2026-06-06 13:00:00,13,5,1,15,4,11,198,200,2,15,30,17,7,12,2,8,11,55,3,8,79,0.583,0.25,0.2,0.375
2026-06-06 14:00:00,14,5,1,19,5,16,198,200,2,19,30,20,8,12,3,8,13,55,2,8,80,0.667,0.375,0.236,0.25
2026-06-06 15:00:00,15,5,1,22,6,10,198,200,2,17,30,21,8,12,2,8,15,55,2,8,74,0.667,0.25,0.273,0.25
2026-06-06 16:00:00,16,5,1,18,5,10,198,200,2,15,30,15,4,12,4,8,10,55,2,8,71,0.333,0.5,0.182,0.25
2026-06-06 17:00:00,17,5,1,19,6,10,198,200,2,14,30,14,5,12,1,8,3,55,2,8,73,0.417,0.125,0.055,0.25
2026-06-06 18:00:00,18,5,1,21,6,4,198,200,2,18,30,21,4,12,4,8,10,55,3,8,83,0.333,0.5,0.182,0.375
2026-06-06 19:00:00,19,5,1,10,3,12,198,200,2,15,30,13,5,12,1,8,4,55,1,8,43,0.417,0.125,0.073,0.125
2026-06-06 20:00:00,20,5,1,25,8,8,198,200,2,18,30,28,10,12,1,8,18,55,2,8,47,0.833,0.125,0.327,0.25
2026-06-06 21:00:00,21,5,1,15,5,10,198,200,2,17,30,20,7,12,2,8,13,55,2,8,44,0.583,0.25,0.236,0.25
2026-06-06 22:00:00,22,5,1,15,5,8,198,200,2,15,30,12,0,12,2,8,8,55,1,8,48,0.0,0.25,0.145,0.125
2026-06-06 23:00:00,23,5,1,22,7,13,198,200,2,17,30,22,6,12,1,8,12,55,4,8,44,0.5,0.125,0.218,0.5
2026-06-07 00:00:00,0,6,1,10,3,8,198,200,2,15,30,12,3,12,0,8,9,55,1,8,48,0.25,0.0,0.164,0.125
2026-06-07 01:00:00,1,6,1,8,3,12,198,200,2,14,30,10,4,12,1,8,8,55,1,8,42,0.333,0.125,0.145,0.125
2026-06-07 02:00:00,2,6,1,8,3,11,198,200,2,15,30,10,4,12,1,8,4,55,1,8,50,0.333,0.125,0.073,0.125
2026-06-07 03:00:00,3,6,1,7,2,2,198,200,2,17,30,7,2,12,0,8,1,55,4,8,52,0.167,0.0,0.018,0.5
2026-06-07 04:00:00,4,6,1,18,6,15,198,200,2,15,30,16,7,12,3,8,10,55,2,8,47,0.583,0.375,0.182,0.25
2026-06-07 05:00:00,5,6,1,19,6,7,198,200,2,17,30,18,5,12,1,8,15,55,1,8,48,0.417,0.125,0.273,0.125
2026-06-07 06:00:00,6,6,1,10,3,10,198,200,2,16,30,15,6,12,0,8,13,55,3,8,48,0.5,0.0,0.236,0.375
2026-06-07 07:00:00,7,6,1,13,4,12,198,200,2,14,30,17,7,12,3,8,12,55,2,8,75,0.583,0.375,0.218,0.25
2026-06-07 08:00:00,8,6,1,20,6,6,198,200,2,16,30,21,8,12,2,8,12,55,2,8,74,0.667,0.25,0.218,0.25
2026-06-07 09:00:00,9,6,1,16,4,2,198,200,2,17,30,18,6,12,3,8,13,55,2,8,76,0.5,0.375,0.236,0.25
2026-06-07 10:00:00,10,6,1,17,5,3,198,200,2,16,30,18,9,12,2,8,10,55,2,8,78,0.75,0.25,0.182,0.25
2026-06-07 11:00:00,11,6,1,25,7,3,198,200,2,18,30,28,10,12,3,8,16,55,3,8,72,0.833,0.375,0.291,0.375
2026-06-07 12:00:00,12,6,1,23,6,12,198,200,2,18,30,24,7,12,2,8,11,55,2,8,73,0.583,0.25,0.2,0.25
2026-06-07 13:00:00,13,6,1,20,5,14,198,200,2,20,30,24,8,12,3,8,15,55,4,8,77,0.667,0.375,0.273,0.5
2026-06-07 14:00:00,14,6,1,18,5,4,198,200,2,16,30,16,7,12,1,8,9,55,1,8,70,0.583,0.125,0.164,0.125
2026-06-07 15:00:00,15,6,1,19,5,9,198,200,2,16,30,23,7,12,1,8,14,55,4,8,68,0.583,0.125,0.255,0.5
2026-06-07 16:00:00,16,6,1,27,8,7,198,200,2,16,30,28,11,12,3,8,13,55,2,8,75,0.917,0.375,0.236,0.25
2026-06-07 17:00:00,17,6,1,29,8,6,198,200,2,15,30,31,11,12,3,8,20,55,3,8,75,0.917,0.375,0.364,0.375
2026-06-07 18:00:00,18,6,1,20,6,7,198,200,2,21,30,23,4,12,2,8,9,55,3,8,72,0.333,0.25,0.164,0.375
2026-06-07 19:00:00,19,6,1,15,5,11,198,200,2,20,30,20,7,12,3,8,15,55,2,8,46,0.583,0.375,0.273,0.25
2026-06-07 20:00:00,20,6,1,19,6,9,198,200,2,18,30,22,7,12,2,8,15,55,3,8,46,0.583,0.25,0.273,0.375
2026-06-07 21:00:00,21,6,1,10,3,12,198,200,2,16,30,7,3,12,1,8,4,55,0,8,45,0.25,0.125,0.073,0.0
2026-06-07 22:00:00,22,6,1,15,5,9,198,200,2,16,30,17,7,12,1,8,12,55,1,8,50,0.583,0.125,0.218,0.125
2026-06-07 23:00:00,23,6,1,13,4,11,198,200,2,16,30,9,4,12,1,8,4,55,1,8,44,0.333,0.125,0.073,0.125
2026-06-08 00:00:00,0,0,0,11,4,16,198,200,2,14,30,11,7,12,1,8,7,55,3,8,47,0.583,0.125,0.127,0.375
2026-06-08 01:00:00,1,0,0,17,6,16,198,200,2,18,30,22,7,12,3,8,15,55,4,8,45,0.583,0.375,0.273,0.5
2026-06-08 02:00:00,2,0,0,9,3,12,198,200,2,17,30,18,7,12,1,8,5,55,5,8,44,0.583,0.125,0.091,0.625
2026-06-08 03:00:00,3,0,0,18,6,8,198,200,2,19,30,20,8,12,2,8,12,55,5,8,51,0.667,0.25,0.218,0.625
2026-06-08 04:00:00,4,0,0,14,4,8,198,200,2,18,30,19,6,12,3,8,12,55,5,8,46,0.5,0.375,0.218,0.625
2026-06-08 05:00:00,5,0,0,15,5,8,198,200,2,22,30,18,7,12,2,8,11,55,4,8,49,0.583,0.25,0.2,0.5
2026-06-08 06:00:00,6,0,0,21,6,7,198,200,2,21,30,25,8,12,2,8,18,55,5,8,43,0.667,0.25,0.327,0.625
2026-06-08 07:00:00,7,0,0,17,5,5,198,200,2,19,30,26,8,12,4,8,14,55,5,8,72,0.667,0.5,0.255,0.625
2026-06-08 08:00:00,8,0,0,13,4,6,198,200,2,19,30,23,6,12,1,8,13,55,6,8,76,0.5,0.125,0.236,0.75
2026-06-08 09:00:00,9,0,0,11,3,8,198,200,2,23,30,19,7,12,3,8,8,55,6,8,82,0.583,0.375,0.145,0.75
2026-06-08 10:00:00,10,0,0,14,4,4,198,200,2,18,30,19,7,12,1,8,15,55,5,8,68,0.583,0.125,0.273,0.625
2026-06-08 11:00:00,11,0,0,25,7,11,198,200,2,19,30,24,10,12,4,8,14,55,4,8,73,0.833,0.5,0.255,0.5
2026-06-08 12:00:00,12,0,0,34,9,8,198,200,2,19,30,42,15,12,3,8,25,55,5,8,75,1.25,0.375,0.455,0.625
2026-06-08 13:00:00,13,0,0,19,5,6,198,200,2,18,30,26,8,12,4,8,16,55,5,8,72,0.667,0.5,0.291,0.625
2026-06-08 14:00:00,14,0,0,14,4,11,198,200,2,19,30,18,4,12,2,8,12,55,5,8,77,0.333,0.25,0.218,0.625
2026-06-08 15:00:00,15,0,0,24,7,11,198,200,2,16,30,33,12,12,3,8,21,55,6,8,71,1.0,0.375,0.382,0.75
2026-06-08 16:00:00,16,0,0,21,6,8,198,200,2,16,30,28,11,12,3,8,23,55,6,8,74,0.917,0.375,0.418,0.75
2026-06-08 17:00:00,17,0,0,11,3,10,198,200,2,20,30,19,7,12,3,8,13,55,6,8,72,0.583,0.375,0.236,0.75
2026-06-08 18:00:00,18,0,0,20,6,10,198,200,2,23,30,29,11,12,2,8,17,55,6,8,78,0.917,0.25,0.309,0.75
2026-06-08 19:00:00,19,0,0,17,5,16,198,200,2,20,30,22,7,12,1,8,13,55,6,8,46,0.583,0.125,0.236,0.75
2026-06-08 20:00:00,20,0,0,18,6,16,198,200,2,17,30,23,7,12,3,8,13,55,5,8,47,0.583,0.375,0.236,0.625
2026-06-08 21:00:00,21,0,0,19,6,12,198,200,2,15,30,23,7,12,1,8,11,55,4,8,51,0.583,0.125,0.2,0.5
2026-06-08 22:00:00,22,0,0,19,6,8,198,200,2,19,30,20,7,12,1,8,12,55,3,8,45,0.583,0.125,0.218,0.375
2026-06-08 23:00:00,23,0,0,14,5,12,198,200,2,17,30,21,7,12,5,8,15,55,4,8,48,0.583,0.625,0.273,0.5
2026-06-09 00:00:00,0,1,0,18,6,12,198,200,2,20,30,29,10,12,2,8,17,55,5,8,43,0.833,0.25,0.309,0.625
2026-06-09 01:00:00,1,1,0,17,6,8,198,200,2,19,30,19,7,12,3,8,10,55,4,8,45,0.583,0.375,0.182,0.5
2026-06-09 02:00:00,2,1,0,22,7,12,198,200,2,19,30,21,7,12,2,8,16,55,4,8,49,0.583,0.25,0.291,0.5
2026-06-09 03:00:00,3,1,0,6,2,8,198,200,2,18,30,8,2,12,1,8,2,55,5,8,45,0.167,0.125,0.036,0.625
2026-06-09 04:00:00,4,1,0,14,4,11,198,200,2,19,30,20,8,12,3,8,8,55,5,8,46,0.667,0.375,0.145,0.625
2026-06-09 05:00:00,5,1,0,17,5,9,198,200,2,17,30,18,6,12,3,8,9,55,3,8,49,0.5,0.375,0.164,0.375
2026-06-09 06:00:00,6,1,0,22,7,11,198,200,2,18,30,28,9,12,3,8,14,55,5,8,46,0.75,0.375,0.255,0.625
2026-06-09 07:00:00,7,1,0,17,5,7,198,200,2,17,30,25,7,12,4,8,16,55,6,8,76,0.583,0.5,0.291,0.75
2026-06-09 08:00:00,8,1,0,24,7,9,198,200,2,13,30,22,6,12,2,8,13,55,4,8,75,0.5,0.25,0.236,0.5
2026-06-09 09:00:00,9,1,0,19,5,11,198,200,2,17,30,18,8,12,2,8,11,55,4,8,75,0.667,0.25,0.2,0.5
2026-06-09 10:00:00,10,1,0,31,8,10,198,200,2,23,30,37,13,12,4,8,25,55,6,8,78,1.083,0.5,0.455,0.75
2026-06-09 11:00:00,11,1,0,17,4,7,198,200,2,20,30,23,5,12,1,8,13,55,5,8,75,0.417,0.125,0.236,0.625
2026-06-09 12:00:00,12,1,0,24,6,4,198,200,2,18,30,24,9,12,2,8,16,55,3,8,79,0.75,0.25,0.291,0.375
2026-06-09 13:00:00,13,1,0,16,4,8,198,200,2,16,30,15,7,12,2,8,12,55,4,8,77,0.583,0.25,0.218,0.5
2026-06-09 14:00:00,14,1,0,23,6,13,198,200,2,21,30,29,10,12,2,8,17,55,5,8,72,0.833,0.25,0.309,0.625
2026-06-09 15:00:00,15,1,0,23,6,11,198,200,2,18,30,32,13,12,6,8,21,55,5,8,78,1.083,0.75,0.382,0.625
2026-06-09 16:00:00,16,1,0,23,6,13,198,200,2,22,30,29,10,12,2,8,17,55,5,8,75,0.833,0.25,0.309,0.625
2026-06-09 17:00:00,17,1,0,28,8,10,198,200,2,18,30,31,9,12,4,8,21,55,6,8,73,0.75,0.5,0.382,0.75
2026-06-09 18:00:00,18,1,0,15,4,18,198,200,2,19,30,25,9,12,3,8,12,55,7,8,75,0.75,0.375,0.218,0.875
2026-06-09 19:00:00,19,1,0,23,7,9,198,200,2,17,30,24,9,12,2,8,12,55,5,8,51,0.75,0.25,0.218,0.625
2026-06-09 20:00:00,20,1,0,22,7,16,198,200,2,17,30,32,10,12,2,8,19,55,6,8,49,0.833,0.25,0.345,0.75
2026-06-09 21:00:00,21,1,0,12,4,10,198,200,2,17,30,21,8,12,1,8,11,55,6,8,53,0.667,0.125,0.2,0.75
2026-06-09 22:00:00,22,1,0,15,5,14,198,200,2,20,30,18,4,12,1,8,10,55,6,8,51,0.333,0.125,0.182,0.75
2026-06-09 23:00:00,23,1,0,15,5,11,198,200,2,17,30,20,8,12,0,8,12,55,5,8,50,0.667,0.0,0.218,0.625
2026-06-10 00:00:00,0,2,0,22,7,12,198,200,2,10,30,25,7,12,1,8,17,55,3,8,45,0.583,0.125,0.309,0.375
2026-06-10 01:00:00,1,2,0,15,5,15,198,200,2,21,30,20,5,12,1,8,12,55,5,8,47,0.417,0.125,0.218,0.625
2026-06-10 02:00:00,2,2,0,14,5,6,198,200,2,15,30,20,7,12,3,8,11,55,5,8,48,0.583,0.375,0.2,0.625
2026-06-10 03:00:00,3,2,0,15,5,13,198,200,2,19,30,16,6,12,2,8,9,55,4,8,50,0.5,0.25,0.164,0.5
2026-06-10 04:00:00,4,2,0,15,5,11,198,200,2,19,30,25,9,12,3,8,14,55,6,8,50,0.75,0.375,0.255,0.75
2026-06-10 05:00:00,5,2,0,18,6,8,198,200,2,23,30,22,7,12,3,8,12,55,5,8,49,0.583,0.375,0.218,0.625
2026-06-10 06:00:00,6,2,0,10,3,6,198,200,2,20,30,11,3,12,1,8,4,55,5,8,48,0.25,0.125,0.073,0.625
2026-06-10 07:00:00,7,2,0,12,3,12,198,200,2,18,30,19,5,12,3,8,12,55,6,8,76,0.417,0.375,0.218,0.75
2026-06-10 08:00:00,8,2,0,13,4,10,198,200,2,17,30,22,7,12,2,8,13,55,5,8,71,0.583,0.25,0.236,0.625
2026-06-10 09:00:00,9,2,0,15,4,9,198,200,2,20,30,17,7,12,2,8,12,55,3,8,79,0.583,0.25,0.218,0.375
2026-06-10 10:00:00,10,2,0,28,7,9,198,200,2,16,30,38,13,12,5,8,21,55,5,8,68,1.083,0.625,0.382,0.625
2026-06-10 11:00:00,11,2,0,24,6,7,198,200,2,21,30,34,13,12,2,8,20,55,7,8,78,1.083,0.25,0.364,0.875
2026-06-10 12:00:00,12,2,0,17,4,10,198,200,2,18,30,24,10,12,5,8,19,55,5,8,74,0.833,0.625,0.345,0.625
2026-06-10 13:00:00,13,2,0,17,4,7,198,200,2,18,30,23,7,12,2,8,12,55,5,8,77,0.583,0.25,0.218,0.625
2026-06-10 14:00:00,14,2,0,17,5,8,198,200,2,19,30,23,8,12,2,8,14,55,5,8,75,0.667,0.25,0.255,0.625
2026-06-10 15:00:00,15,2,0,16,4,7,198,200,2,21,30,26,12,12,4,8,14,55,8,8,75,1.0,0.5,0.255,1.0
2026-06-10 16:00:00,16,2,0,17,5,6,198,200,2,21,30,25,11,12,3,8,13,55,7,8,76,0.917,0.375,0.236,0.875
2026-06-10 17:00:00,17,2,0,21,6,8,198,200,2,19,30,28,7,12,3,8,20,55,5,8,76,0.583,0.375,0.364,0.625
2026-06-10 18:00:00,18,2,0,22,7,17,198,200,2,20,30,26,10,12,3,8,16,55,6,8,73,0.833,0.375,0.291,0.75
2026-06-10 19:00:00,19,2,0,11,3,12,198,200,2,19,30,15,5,12,0,8,10,55,5,8,51,0.417,0.0,0.182,0.625
2026-06-10 20:00:00,20,2,0,23,7,8,198,200,2,18,30,26,10,12,2,8,13,55,6,8,45,0.833,0.25,0.236,0.75
2026-06-10 21:00:00,21,2,0,13,4,9,198,200,2,19,30,27,8,12,3,8,17,55,6,8,48,0.667,0.375,0.309,0.75
2026-06-10 22:00:00,22,2,0,15,5,7,198,200,2,18,30,25,7,12,3,8,18,55,6,8,51,0.583,0.375,0.327,0.75
2026-06-10 23:00:00,23,2,0,18,6,12,198,200,2,17,30,25,8,12,4,8,18,55,5,8,51,0.667,0.5,0.327,0.625
2026-06-11 00:00:00,0,3,0,15,5,8,198,200,2,20,30,21,6,12,2,8,14,55,7,8,49,0.5,0.25,0.255,0.875
2026-06-11 01:00:00,1,3,0,15,5,13,198,200,2,17,30,20,8,12,1,8,10,55,3,8,47,0.667,0.125,0.182,0.375
2026-06-11 02:00:00,2,3,0,9,3,13,198,200,2,17,30,12,2,12,2,8,8,55,3,8,51,0.167,0.25,0.145,0.375
2026-06-11 03:00:00,3,3,0,15,5,4,198,200,2,20,30,20,6,12,3,8,14,55,4,8,46,0.5,0.375,0.255,0.5
2026-06-11 04:00:00,4,3,0,13,4,13,198,200,2,16,30,13,2,12,2,8,4,55,3,8,53,0.167,0.25,0.073,0.375
2026-06-11 05:00:00,5,3,0,12,4,9,198,200,2,17,30,16,7,12,1,8,8,55,3,8,48,0.583,0.125,0.145,0.375
2026-06-11 06:00:00,6,3,0,18,5,8,198,200,2,17,30,19,9,12,3,8,14,55,3,8,43,0.75,0.375,0.255,0.375
2026-06-11 07:00:00,7,3,0,22,6,12,198,200,2,17,30,23,7,12,6,8,16,55,4,8,70,0.583,0.75,0.291,0.5
2026-06-11 08:00:00,8,3,0,12,3,10,198,200,2,18,30,19,6,12,2,8,9,55,4,8,74,0.5,0.25,0.164,0.5
2026-06-11 09:00:00,9,3,0,21,6,10,198,200,2,22,30,23,9,12,1,8,16,55,6,8,74,0.75,0.125,0.291,0.75
2026-06-11 10:00:00,10,3,0,20,5,4,198,200,2,19,30,27,11,12,2,8,17,55,5,8,80,0.917,0.25,0.309,0.625
2026-06-11 11:00:00,11,3,0,18,5,6,198,200,2,19,30,26,9,12,3,8,18,55,5,8,71,0.75,0.375,0.327,0.625
2026-06-11 12:00:00,12,3,0,24,6,6,198,200,2,18,30,28,8,12,1,8,16,55,6,8,74,0.667,0.125,0.291,0.75
2026-06-11 13:00:00,13,3,0,24,6,7,198,200,2,23,30,26,6,12,3,8,17,55,5,8,71,0.5,0.375,0.309,0.625
2026-06-11 14:00:00,14,3,0,15,4,11,198,200,2,17,30,21,5,12,2,8,15,55,5,8,73,0.417,0.25,0.273,0.625
2026-06-11 15:00:00,15,3,0,18,5,8,198,200,2,16,30,26,9,12,4,8,15,55,6,8,79,0.75,0.5,0.273,0.75
2026-06-11 16:00:00,16,3,0,17,5,7,198,200,2,20,30,21,6,12,3,8,13,55,4,8,71,0.5,0.375,0.236,0.5
2026-06-11 17:00:00,17,3,0,13,4,12,198,200,2,17,30,17,6,12,3,8,9,55,3,8,76,0.5,0.375,0.164,0.375
2026-06-11 18:00:00,18,3,0,14,4,10,198,200,2,19,30,27,8,12,1,8,20,55,6,8,75,0.667,0.125,0.364,0.75
2026-06-11 19:00:00,19,3,0,24,7,12,198,200,2,19,30,29,8,12,4,8,18,55,6,8,48,0.667,0.5,0.327,0.75
2026-06-11 20:00:00,20,3,0,14,4,14,198,200,2,24,30,19,5,12,3,8,10,55,7,8,50,0.417,0.375,0.182,0.875
2026-06-11 21:00:00,21,3,0,25,8,16,198,200,2,20,30,32,13,12,3,8,18,55,5,8,45,1.083,0.375,0.327,0.625
2026-06-11 22:00:00,22,3,0,18,6,8,198,200,2,21,30,31,12,12,1,8,19,55,6,8,53,1.0,0.125,0.345,0.75
2026-06-11 23:00:00,23,3,0,19,6,12,198,200,2,18,30,24,11,12,2,8,16,55,4,8,54,0.917,0.25,0.291,0.5
2026-06-12 00:00:00,0,4,0,13,4,13,198,200,2,19,30,16,6,12,0,8,7,55,5,8,48,0.5,0.0,0.127,0.625
2026-06-12 01:00:00,1,4,0,15,5,10,198,200,2,22,30,23,7,12,0,8,18,55,6,8,55,0.583,0.0,0.327,0.75
2026-06-12 02:00:00,2,4,0,9,3,6,198,200,2,15,30,8,5,12,1,8,6,55,2,8,47,0.417,0.125,0.109,0.25
2026-06-12 03:00:00,3,4,0,12,4,13,198,200,2,16,30,21,7,12,1,8,14,55,5,8,49,0.583,0.125,0.255,0.625
2026-06-12 04:00:00,4,4,0,11,4,7,198,200,2,21,30,15,6,12,4,8,9,55,6,8,52,0.5,0.5,0.164,0.75
2026-06-12 05:00:00,5,4,0,16,5,15,198,200,2,20,30,21,7,12,2,8,13,55,5,8,47,0.583,0.25,0.236,0.625
2026-06-12 06:00:00,6,4,0,15,4,11,198,200,2,19,30,20,2,12,3,8,12,55,6,8,44,0.167,0.375,0.218,0.75
2026-06-12 07:00:00,7,4,0,15,4,9,198,200,2,19,30,20,9,12,0,8,14,55,4,8,69,0.75,0.0,0.255,0.5
2026-06-12 08:00:00,8,4,0,15,4,7,198,200,2,18,30,20,7,12,1,8,12,55,5,8,80,0.583,0.125,0.218,0.625
2026-06-12 09:00:00,9,4,0,23,6,4,198,200,2,19,30,29,10,12,3,8,20,55,5,8,72,0.833,0.375,0.364,0.625
2026-06-12 10:00:00,10,4,0,20,5,8,198,200,2,17,30,22,7,12,1,8,13,55,3,8,73,0.583,0.125,0.236,0.375
2026-06-12 11:00:00,11,4,0,19,5,6,198,200,2,17,30,20,7,12,2,8,13,55,4,8,71,0.583,0.25,0.236,0.5
2026-06-12 12:00:00,12,4,0,31,8,6,198,200,2,21,30,35,11,12,3,8,20,55,4,8,77,0.917,0.375,0.364,0.5
2026-06-12 13:00:00,13,4,0,23,6,8,198,200,2,17,30,30,11,12,3,8,21,55,6,8,72,0.917,0.375,0.382,0.75
2026-06-12 14:00:00,14,4,0,18,5,11,198,200,2,25,30,24,6,12,4,8,13,55,7,8,73,0.5,0.5,0.236,0.875
2026-06-12 15:00:00,15,4,0,17,5,3,198,200,2,21,30,31,10,12,3,8,19,55,6,8,75,0.833,0.375,0.345,0.75
2026-06-12 16:00:00,16,4,0,24,7,8,198,200,2,17,30,34,12,12,4,8,20,55,7,8,71,1.0,0.5,0.364,0.875
2026-06-12 17:00:00,17,4,0,19,6,12,198,200,2,18,30,24,8,12,3,8,14,55,5,8,73,0.667,0.375,0.255,0.625
2026-06-12 18:00:00,18,4,0,19,6,10,198,200,2,20,30,32,11,12,4,8,21,55,7,8,78,0.917,0.5,0.382,0.875
2026-06-12 19:00:00,19,4,0,19,6,14,198,200,2,20,30,30,9,12,3,8,18,55,5,8,49,0.75,0.375,0.327,0.625
2026-06-12 20:00:00,20,4,0,18,6,15,198,200,2,17,30,23,7,12,2,8,17,55,5,8,48,0.583,0.25,0.309,0.625
2026-06-12 21:00:00,21,4,0,21,7,14,198,200,2,19,30,27,10,12,3,8,15,55,5,8,49,0.833,0.375,0.273,0.625
2026-06-12 22:00:00,22,4,0,15,5,11,198,200,2,18,30,18,7,12,3,8,11,55,5,8,47,0.583,0.375,0.2,0.625
2026-06-12 23:00:00,23,4,0,22,7,12,198,200,2,17,30,25,6,12,4,8,14,55,4,8,54,0.5,0.5,0.255,0.5
2026-06-13 00:00:00,0,5,1,15,5,12,198,200,2,15,30,17,7,12,1,8,11,55,3,8,46,0.583,0.125,0.2,0.375
2026-06-13 01:00:00,1,5,1,9,3,9,198,200,2,17,30,10,3,12,2,8,6,55,1,8,49,0.25,0.25,0.109,0.125
2026-06-13 02:00:00,2,5,1,15,5,13,198,200,2,12,30,15,5,12,1,8,9,55,1,8,48,0.417,0.125,0.164,0.125
2026-06-13 03:00:00,3,5,1,9,3,11,198,200,2,18,30,14,3,12,1,8,11,55,3,8,51,0.25,0.125,0.2,0.375
2026-06-13 04:00:00,4,5,1,11,4,7,198,200,2,18,30,13,3,12,1,8,7,55,2,8,51,0.25,0.125,0.127,0.25
2026-06-13 05:00:00,5,5,1,12,4,10,198,200,2,16,30,10,5,12,1,8,7,55,2,8,48,0.417,0.125,0.127,0.25
2026-06-13 06:00:00,6,5,1,10,3,9,198,200,2,17,30,11,4,12,2,8,5,55,3,8,49,0.333,0.25,0.091,0.375
2026-06-13 07:00:00,7,5,1,20,6,14,198,200,2,18,30,17,6,12,2,8,11,55,1,8,75,0.5,0.25,0.2,0.125
2026-06-13 08:00:00,8,5,1,13,4,7,198,200,2,15,30,14,5,12,2,8,6,55,2,8,67,0.417,0.25,0.109,0.25
2026-06-13 09:00:00,9,5,1,20,5,0,198,200,2,17,30,27,10,12,1,8,15,55,4,8,69,0.833,0.125,0.273,0.5
2026-06-13 10:00:00,10,5,1,21,6,9,198,200,2,17,30,21,8,12,2,8,13,55,4,8,72,0.667,0.25,0.236,0.5
2026-06-13 11:00:00,11,5,1,15,4,3,198,200,2,20,30,18,6,12,2,8,15,55,4,8,72,0.5,0.25,0.273,0.5
2026-06-13 12:00:00,12,5,1,21,5,2,198,200,2,19,30,24,10,12,2,8,15,55,2,8,70,0.833,0.25,0.273,0.25
2026-06-13 13:00:00,13,5,1,19,5,1,198,200,2,15,30,22,9,12,2,8,17,55,4,8,76,0.75,0.25,0.309,0.5
2026-06-13 14:00:00,14,5,1,14,4,7,198,200,2,18,30,17,6,12,1,8,11,55,2,8,74,0.5,0.125,0.2,0.25
2026-06-13 15:00:00,15,5,1,20,5,11,198,200,2,18,30,20,7,12,2,8,12,55,2,8,73,0.583,0.25,0.218,0.25
2026-06-13 16:00:00,16,5,1,28,8,7,198,200,2,18,30,25,10,12,3,8,19,55,0,8,70,0.833,0.375,0.345,0.0
2026-06-13 17:00:00,17,5,1,22,6,14,198,200,2,19,30,25,9,12,2,8,16,55,4,8,74,0.75,0.25,0.291,0.5
2026-06-13 18:00:00,18,5,1,19,6,13,198,200,2,16,30,22,9,12,2,8,12,55,2,8,66,0.75,0.25,0.218,0.25
2026-06-13 19:00:00,19,5,1,16,5,11,198,200,2,18,30,12,6,12,1,8,8,55,2,8,48,0.5,0.125,0.145,0.25
2026-06-13 20:00:00,20,5,1,16,5,9,198,200,2,17,30,14,4,12,3,8,8,55,1,8,48,0.333,0.375,0.145,0.125
2026-06-13 21:00:00,21,5,1,21,7,10,198,200,2,22,30,24,7,12,3,8,11,55,3,8,49,0.583,0.375,0.2,0.375
2026-06-13 22:00:00,22,5,1,16,5,4,198,200,2,18,30,19,6,12,1,8,14,55,2,8,43,0.5,0.125,0.255,0.25
2026-06-13 23:00:00,23,5,1,6,2,11,198,200,2,15,30,11,5,12,1,8,9,55,1,8,49,0.417,0.125,0.164,0.125
2026-06-14 00:00:00,0,6,1,17,6,15,198,200,2,14,30,17,4,12,3,8,14,55,2,8,45,0.333,0.375,0.255,0.25
2026-06-14 01:00:00,1,6,1,11,4,13,198,200,2,14,30,15,6,12,2,8,10,55,1,8,46,0.5,0.25,0.182,0.125
2026-06-14 02:00:00,2,6,1,11,4,11,198,200,2,12,30,9,4,12,1,8,5,55,1,8,50,0.333,0.125,0.091,0.125
2026-06-14 03:00:00,3,6,1,16,5,10,198,200,2,14,30,18,8,12,3,8,13,55,0,8,54,0.667,0.375,0.236,0.0
2026-06-14 04:00:00,4,6,1,10,3,10,198,200,2,17,30,13,5,12,3,8,10,55,1,8,48,0.417,0.375,0.182,0.125
2026-06-14 05:00:00,5,6,1,9,3,16,198,200,2,16,30,8,1,12,2,8,8,55,2,8,46,0.083,0.25,0.145,0.25
2026-06-14 06:00:00,6,6,1,15,4,8,198,200,2,17,30,14,3,12,2,8,9,55,0,8,49,0.25,0.25,0.164,0.0
2026-06-14 07:00:00,7,6,1,22,6,1,198,200,2,16,30,20,5,12,3,8,12,55,1,8,77,0.417,0.375,0.218,0.125
2026-06-14 08:00:00,8,6,1,17,5,10,198,200,2,15,30,20,6,12,1,8,11,55,2,8,76,0.5,0.125,0.2,0.25
2026-06-14 09:00:00,9,6,1,12,3,4,198,200,2,16,30,13,4,12,0,8,9,55,2,8,82,0.333,0.0,0.164,0.25
2026-06-14 10:00:00,10,6,1,18,5,9,198,200,2,19,30,21,5,12,2,8,10,55,4,8,72,0.417,0.25,0.182,0.5
2026-06-14 11:00:00,11,6,1,11,3,8,198,200,2,18,30,20,9,12,2,8,14,55,4,8,75,0.75,0.25,0.255,0.5
2026-06-14 12:00:00,12,6,1,15,4,4,198,200,2,16,30,16,4,12,1,8,11,55,2,8,79,0.333,0.125,0.2,0.25
2026-06-14 13:00:00,13,6,1,20,5,4,198,200,2,15,30,25,10,12,3,8,17,55,3,8,78,0.833,0.375,0.309,0.375
2026-06-14 14:00:00,14,6,1,24,6,10,198,200,2,16,30,25,10,12,1,8,16,55,3,8,68,0.833,0.125,0.291,0.375
2026-06-14 15:00:00,15,6,1,20,5,12,198,200,2,21,30,25,10,12,2,8,19,55,2,8,74,0.833,0.25,0.345,0.25
2026-06-14 16:00:00,16,6,1,18,5,8,198,200,2,18,30,15,4,12,1,8,11,55,1,8,78,0.333,0.125,0.2,0.125
2026-06-14 17:00:00,17,6,1,14,4,10,198,200,2,14,30,15,6,12,0,8,8,55,3,8,83,0.5,0.0,0.145,0.375
2026-06-14 18:00:00,18,6,1,16,5,8,198,200,2,11,30,22,6,12,4,8,12,55,2,8,76,0.5,0.5,0.218,0.25
2026-06-14 19:00:00,19,6,1,19,6,6,198,200,2,16,30,18,8,12,0,8,9,55,2,8,47,0.667,0.0,0.164,0.25
2026-06-14 20:00:00,20,6,1,19,6,10,198,200,2,19,30,26,9,12,2,8,17,55,3,8,45,0.75,0.25,0.309,0.375
2026-06-14 21:00:00,21,6,1,12,4,8,198,200,2,14,30,15,5,12,2,8,7,55,1,8,55,0.417,0.25,0.127,0.125
2026-06-14 22:00:00,22,6,1,18,6,14,198,200,2,18,30,17,4,12,2,8,13,55,1,8,50,0.333,0.25,0.236,0.125
2026-06-14 23:00:00,23,6,1,16,5,9,198,200,2,16,30,12,1,12,0,8,10,55,2,8,45,0.083,0.0,0.182,0.25
2026-06-15 00:00:00,0,0,0,9,3,12,198,200,2,18,30,16,4,12,2,8,8,55,5,8,47,0.333,0.25,0.145,0.625
2026-06-15 01:00:00,1,0,0,19,6,6,198,200,2,19,30,22,9,12,2,8,13,55,3,8,49,0.75,0.25,0.236,0.375
2026-06-15 02:00:00,2,0,0,16,5,10,198,200,2,18,30,26,8,12,5,8,16,55,5,8,50,0.667,0.625,0.291,0.625
2026-06-15 03:00:00,3,0,0,12,4,13,198,200,2,16,30,18,6,12,2,8,13,55,2,8,45,0.5,0.25,0.236,0.25
2026-06-15 04:00:00,4,0,0,11,4,12,198,200,2,19,30,14,6,12,1,8,12,55,4,8,46,0.5,0.125,0.218,0.5
2026-06-15 05:00:00,5,0,0,11,3,7,198,200,2,17,30,19,9,12,1,8,8,55,4,8,43,0.75,0.125,0.145,0.5
2026-06-15 06:00:00,6,0,0,15,4,9,198,200,2,21,30,22,9,12,1,8,13,55,4,8,51,0.75,0.125,0.236,0.5
2026-06-15 07:00:00,7,0,0,22,6,8,198,200,2,19,30,29,8,12,2,8,17,55,4,8,73,0.667,0.25,0.309,0.5
2026-06-15 08:00:00,8,0,0,15,4,8,198,200,2,21,30,26,6,12,4,8,13,55,7,8,75,0.5,0.5,0.236,0.875
2026-06-15 09:00:00,9,0,0,20,5,9,198,200,2,18,30,18,10,12,2,8,10,55,4,8,78,0.833,0.25,0.182,0.5
2026-06-15 10:00:00,10,0,0,22,6,7,198,200,2,23,30,32,14,12,4,8,21,55,8,8,75,1.167,0.5,0.382,1.0
2026-06-15 11:00:00,11,0,0,21,5,8,198,200,2,19,30,25,9,12,4,8,15,55,6,8,74,0.75,0.5,0.273,0.75
2026-06-15 12:00:00,12,0,0,25,6,4,198,200,2,20,30,31,8,12,1,8,16,55,6,8,75,0.667,0.125,0.291,0.75
2026-06-15 13:00:00,13,0,0,28,7,4,198,200,2,18,30,37,14,12,5,8,29,55,6,8,74,1.167,0.625,0.527,0.75
2026-06-15 14:00:00,14,0,0,21,6,5,198,200,2,23,30,32,11,12,3,8,20,55,8,8,78,0.917,0.375,0.364,1.0
2026-06-15 15:00:00,15,0,0,18,5,11,198,200,2,19,30,27,9,12,3,8,17,55,5,8,75,0.75,0.375,0.309,0.625
2026-06-15 16:00:00,16,0,0,23,6,8,198,200,2,23,30,29,11,12,2,8,16,55,5,8,72,0.917,0.25,0.291,0.625
2026-06-15 17:00:00,17,0,0,15,4,11,198,200,2,23,30,17,6,12,1,8,11,55,5,8,77,0.5,0.125,0.2,0.625
2026-06-15 18:00:00,18,0,0,15,4,14,198,200,2,21,30,15,3,12,2,8,9,55,6,8,78,0.25,0.25,0.164,0.75
2026-06-15 19:00:00,19,0,0,13,4,13,198,200,2,18,30,18,6,12,4,8,7,55,4,8,44,0.5,0.5,0.127,0.5
2026-06-15 20:00:00,20,0,0,15,5,13,198,200,2,17,30,21,8,12,3,8,11,55,5,8,53,0.667,0.375,0.2,0.625
2026-06-15 21:00:00,21,0,0,19,6,15,198,200,2,22,30,25,9,12,4,8,17,55,7,8,49,0.75,0.5,0.309,0.875
2026-06-15 22:00:00,22,0,0,12,4,13,198,200,2,19,30,14,5,12,1,8,13,55,5,8,49,0.417,0.125,0.236,0.625
2026-06-15 23:00:00,23,0,0,21,7,12,198,200,2,19,30,22,9,12,2,8,14,55,4,8,51,0.75,0.25,0.255,0.5
2026-06-16 00:00:00,0,1,0,16,5,13,198,200,2,21,30,20,6,12,1,8,15,55,4,8,46,0.5,0.125,0.273,0.5
2026-06-16 01:00:00,1,1,0,14,5,7,198,200,2,17,30,22,8,12,2,8,13,55,5,8,51,0.667,0.25,0.236,0.625
2026-06-16 02:00:00,2,1,0,15,5,6,198,200,2,15,30,18,1,12,0,8,11,55,3,8,47,0.083,0.0,0.2,0.375
2026-06-16 03:00:00,3,1,0,10,3,4,198,200,2,19,30,24,7,12,2,8,17,55,6,8,44,0.583,0.25,0.309,0.75
2026-06-16 04:00:00,4,1,0,8,3,10,198,200,2,21,30,14,6,12,1,8,12,55,6,8,45,0.5,0.125,0.218,0.75
2026-06-16 05:00:00,5,1,0,12,4,12,198,200,2,20,30,21,6,12,2,8,16,55,5,8,50,0.5,0.25,0.291,0.625
2026-06-16 06:00:00,6,1,0,13,4,8,198,200,2,16,30,18,5,12,2,8,9,55,4,8,45,0.417,0.25,0.164,0.5
2026-06-16 07:00:00,7,1,0,20,6,11,198,200,2,21,30,29,8,12,3,8,18,55,6,8,79,0.667,0.375,0.327,0.75
2026-06-16 08:00:00,8,1,0,19,5,12,198,200,2,17,30,25,10,12,2,8,16,55,6,8,78,0.833,0.25,0.291,0.75
2026-06-16 09:00:00,9,1,0,22,6,7,198,200,2,16,30,29,11,12,2,8,17,55,4,8,78,0.917,0.25,0.309,0.5
2026-06-16 10:00:00,10,1,0,21,6,10,198,200,2,18,30,27,10,12,1,8,18,55,5,8,74,0.833,0.125,0.327,0.625
2026-06-16 11:00:00,11,1,0,20,5,5,198,200,2,17,30,22,5,12,2,8,15,55,4,8,75,0.417,0.25,0.273,0.5
2026-06-16 12:00:00,12,1,0,19,5,3,198,200,2,21,30,26,8,12,2,8,18,55,6,8,70,0.667,0.25,0.327,0.75
2026-06-16 13:00:00,13,1,0,14,4,8,198,200,2,20,30,21,7,12,3,8,16,55,6,8,77,0.583,0.375,0.291,0.75
2026-06-16 14:00:00,14,1,0,25,7,8,198,200,2,22,30,30,10,12,4,8,18,55,4,8,75,0.833,0.5,0.327,0.5
2026-06-16 15:00:00,15,1,0,24,7,12,198,200,2,18,30,25,8,12,3,8,13,55,5,8,76,0.667,0.375,0.236,0.625
2026-06-16 16:00:00,16,1,0,17,5,11,198,200,2,18,30,21,7,12,3,8,14,55,4,8,79,0.583,0.375,0.255,0.5
2026-06-16 17:00:00,17,1,0,25,7,12,198,200,2,21,30,31,12,12,3,8,23,55,5,8,72,1.0,0.375,0.418,0.625
2026-06-16 18:00:00,18,1,0,16,5,16,198,200,2,19,30,24,5,12,2,8,14,55,6,8,74,0.417,0.25,0.255,0.75
2026-06-16 19:00:00,19,1,0,17,5,13,198,200,2,22,30,27,12,12,2,8,18,55,5,8,49,1.0,0.25,0.327,0.625
2026-06-16 20:00:00,20,1,0,25,8,12,198,200,2,20,30,32,12,12,2,8,21,55,5,8,45,1.0,0.25,0.382,0.625
2026-06-16 21:00:00,21,1,0,26,9,8,198,200,2,13,30,27,10,12,4,8,17,55,3,8,47,0.833,0.5,0.309,0.375
2026-06-16 22:00:00,22,1,0,12,4,16,198,200,2,21,30,19,8,12,2,8,12,55,5,8,49,0.667,0.25,0.218,0.625
2026-06-16 23:00:00,23,1,0,19,6,14,198,200,2,21,30,26,7,12,1,8,14,55,5,8,47,0.583,0.125,0.255,0.625
2026-06-17 00:00:00,0,2,0,12,4,9,198,200,2,20,30,18,5,12,1,8,7,55,4,8,52,0.417,0.125,0.127,0.5
2026-06-17 01:00:00,1,2,0,22,7,13,198,200,2,14,30,20,7,12,1,8,10,55,4,8,43,0.583,0.125,0.182,0.5
2026-06-17 02:00:00,2,2,0,10,3,9,198,200,2,16,30,14,7,12,1,8,8,55,4,8,51,0.583,0.125,0.145,0.5
2026-06-17 03:00:00,3,2,0,21,7,3,198,200,2,16,30,18,7,12,3,8,13,55,3,8,50,0.583,0.375,0.236,0.375
2026-06-17 04:00:00,4,2,0,17,5,14,198,200,2,15,30,23,8,12,2,8,14,55,3,8,46,0.667,0.25,0.255,0.375
2026-06-17 05:00:00,5,2,0,23,7,13,198,200,2,23,30,30,9,12,1,8,18,55,6,8,45,0.75,0.125,0.327,0.75
2026-06-17 06:00:00,6,2,0,14,4,10,198,200,2,18,30,18,7,12,2,8,9,55,4,8,42,0.583,0.25,0.164,0.5
2026-06-17 07:00:00,7,2,0,13,4,10,198,200,2,18,30,22,10,12,2,8,15,55,5,8,72,0.833,0.25,0.273,0.625
2026-06-17 08:00:00,8,2,0,16,4,4,198,200,2,20,30,25,10,12,2,8,18,55,6,8,77,0.833,0.25,0.327,0.75
2026-06-17 09:00:00,9,2,0,10,3,12,198,200,2,23,30,20,6,12,1,8,15,55,9,8,74,0.5,0.125,0.273,1.125
2026-06-17 10:00:00,10,2,0,20,5,3,198,200,2,11,30,24,9,12,3,8,16,55,4,8,77,0.75,0.375,0.291,0.5
2026-06-17 11:00:00,11,2,0,18,5,12,198,200,2,18,30,24,9,12,2,8,12,55,6,8,72,0.75,0.25,0.218,0.75
2026-06-17 12:00:00,12,2,0,27,7,10,198,200,2,16,30,26,10,12,3,8,15,55,5,8,76,0.833,0.375,0.273,0.625
2026-06-17 13:00:00,13,2,0,17,4,15,198,200,2,19,30,21,9,12,3,8,17,55,5,8,72,0.75,0.375,0.309,0.625
2026-06-17 14:00:00,14,2,0,27,7,6,198,200,2,18,30,31,12,12,3,8,21,55,5,8,71,1.0,0.375,0.382,0.625
2026-06-17 15:00:00,15,2,0,27,7,7,198,200,2,19,30,31,10,12,3,8,16,55,5,8,74,0.833,0.375,0.291,0.625
2026-06-17 16:00:00,16,2,0,25,7,6,198,200,2,15,30,27,10,12,4,8,17,55,6,8,72,0.833,0.5,0.309,0.75
2026-06-17 17:00:00,17,2,0,20,6,7,198,200,2,17,30,27,9,12,3,8,17,55,4,8,69,0.75,0.375,0.309,0.5
2026-06-17 18:00:00,18,2,0,23,7,12,198,200,2,22,30,29,9,12,4,8,16,55,6,8,73,0.75,0.5,0.291,0.75
2026-06-17 19:00:00,19,2,0,17,5,11,198,200,2,21,30,23,7,12,4,8,10,55,5,8,48,0.583,0.5,0.182,0.625
2026-06-17 20:00:00,20,2,0,14,4,15,198,200,2,21,30,23,8,12,3,8,14,55,6,8,52,0.667,0.375,0.255,0.75
2026-06-17 21:00:00,21,2,0,15,5,10,198,200,2,16,30,19,4,12,3,8,10,55,5,8,51,0.333,0.375,0.182,0.625
2026-06-17 22:00:00,22,2,0,13,4,18,198,200,2,20,30,19,8,12,0,8,10,55,4,8,52,0.667,0.0,0.182,0.5
2026-06-17 23:00:00,23,2,0,6,2,14,198,200,2,20,30,12,0,12,1,8,7,55,5,8,50,0.0,0.125,0.127,0.625
2026-06-18 00:00:00,0,3,0,13,4,14,198,200,2,17,30,13,9,12,1,8,8,55,3,8,49,0.75,0.125,0.145,0.375
2026-06-18 01:00:00,1,3,0,18,6,9,198,200,2,14,30,24,11,12,4,8,15,55,4,8,44,0.917,0.5,0.273,0.5
2026-06-18 02:00:00,2,3,0,13,4,11,198,200,2,19,30,21,7,12,3,8,11,55,3,8,48,0.583,0.375,0.2,0.375
2026-06-18 03:00:00,3,3,0,22,7,10,198,200,2,16,30,26,9,12,2,8,16,55,3,8,50,0.75,0.25,0.291,0.375
2026-06-18 04:00:00,4,3,0,16,5,10,198,200,2,17,30,20,7,12,2,8,9,55,2,8,52,0.583,0.25,0.164,0.25
2026-06-18 05:00:00,5,3,0,23,7,8,198,200,2,20,30,28,9,12,3,8,18,55,6,8,50,0.75,0.375,0.327,0.75
2026-06-18 06:00:00,6,3,0,17,5,7,198,200,2,21,30,16,6,12,2,8,4,55,4,8,52,0.5,0.25,0.073,0.5
2026-06-18 07:00:00,7,3,0,13,4,2,198,200,2,19,30,26,8,12,2,8,16,55,6,8,71,0.667,0.25,0.291,0.75
2026-06-18 08:00:00,8,3,0,14,4,6,198,200,2,19,30,28,9,12,3,8,19,55,6,8,73,0.75,0.375,0.345,0.75
2026-06-18 09:00:00,9,3,0,22,6,10,198,200,2,21,30,30,10,12,3,8,16,55,4,8,75,0.833,0.375,0.291,0.5
2026-06-18 10:00:00,10,3,0,18,5,4,198,200,2,16,30,21,5,12,2,8,14,55,4,8,77,0.417,0.25,0.255,0.5
2026-06-18 11:00:00,11,3,0,23,6,15,198,200,2,23,30,30,10,12,2,8,21,55,8,8,74,0.833,0.25,0.382,1.0
2026-06-18 12:00:00,12,3,0,25,6,7,198,200,2,20,30,30,10,12,2,8,12,55,7,8,74,0.833,0.25,0.218,0.875
2026-06-18 13:00:00,13,3,0,17,4,14,198,200,2,17,30,20,7,12,3,8,12,55,6,8,76,0.583,0.375,0.218,0.75
2026-06-18 14:00:00,14,3,0,22,6,7,198,200,2,20,30,29,9,12,2,8,12,55,6,8,71,0.75,0.25,0.218,0.75
2026-06-18 15:00:00,15,3,0,17,5,8,198,200,2,20,30,28,11,12,2,8,17,55,5,8,79,0.917,0.25,0.309,0.625
2026-06-18 16:00:00,16,3,0,26,7,9,198,200,2,22,30,32,10,12,3,8,20,55,6,8,71,0.833,0.375,0.364,0.75
2026-06-18 17:00:00,17,3,0,22,6,13,198,200,2,22,30,28,10,12,2,8,12,55,5,8,68,0.833,0.25,0.218,0.625
2026-06-18 18:00:00,18,3,0,12,4,8,198,200,2,16,30,19,8,12,1,8,16,55,3,8,74,0.667,0.125,0.291,0.375
2026-06-18 19:00:00,19,3,0,17,5,13,198,200,2,16,30,20,7,12,2,8,13,55,4,8,53,0.583,0.25,0.236,0.5
2026-06-18 20:00:00,20,3,0,20,6,11,198,200,2,18,30,32,11,12,2,8,18,55,5,8,50,0.917,0.25,0.327,0.625
2026-06-18 21:00:00,21,3,0,10,3,9,198,200,2,15,30,21,7,12,1,8,16,55,4,8,50,0.583,0.125,0.291,0.5
2026-06-18 22:00:00,22,3,0,18,6,14,198,200,2,18,30,23,10,12,4,8,11,55,5,8,48,0.833,0.5,0.2,0.625
2026-06-18 23:00:00,23,3,0,20,7,11,198,200,2,17,30,22,7,12,3,8,11,55,4,8,48,0.583,0.375,0.2,0.5
2026-06-19 00:00:00,0,4,0,14,5,14,198,200,2,19,30,21,9,12,1,8,8,55,4,8,43,0.75,0.125,0.145,0.5
2026-06-19 01:00:00,1,4,0,18,6,10,198,200,2,14,30,23,8,12,3,8,18,55,5,8,41,0.667,0.375,0.327,0.625
2026-06-19 02:00:00,2,4,0,16,5,8,198,200,2,17,30,19,5,12,2,8,12,55,5,8,49,0.417,0.25,0.218,0.625
2026-06-19 03:00:00,3,4,0,18,6,9,198,200,2,16,30,26,10,12,4,8,17,55,4,8,52,0.833,0.5,0.309,0.5
2026-06-19 04:00:00,4,4,0,17,5,6,198,200,2,21,30,27,9,12,3,8,17,55,5,8,49,0.75,0.375,0.309,0.625
2026-06-19 05:00:00,5,4,0,16,5,7,198,200,2,16,30,23,9,12,3,8,15,55,5,8,50,0.75,0.375,0.273,0.625
2026-06-19 06:00:00,6,4,0,21,6,10,198,200,2,20,30,24,4,12,0,8,15,55,6,8,53,0.333,0.0,0.273,0.75
2026-06-19 07:00:00,7,4,0,21,6,13,198,200,2,18,30,21,7,12,1,8,14,55,4,8,75,0.583,0.125,0.255,0.5
2026-06-19 08:00:00,8,4,0,15,4,6,198,200,2,20,30,20,6,12,2,8,13,55,4,8,74,0.5,0.25,0.236,0.5
2026-06-19 09:00:00,9,4,0,23,6,4,198,200,2,19,30,25,7,12,3,8,14,55,4,8,72,0.583,0.375,0.255,0.5
2026-06-19 10:00:00,10,4,0,21,6,9,198,200,2,19,30,25,8,12,2,8,15,55,5,8,80,0.667,0.25,0.273,0.625
2026-06-19 11:00:00,11,4,0,22,6,10,198,200,2,18,30,32,10,12,3,8,20,55,6,8,76,0.833,0.375,0.364,0.75
2026-06-19 12:00:00,12,4,0,24,6,6,198,200,2,17,30,34,11,12,3,8,21,55,7,8,71,0.917,0.375,0.382,0.875
2026-06-19 13:00:00,13,4,0,24,6,7,198,200,2,21,30,36,10,12,3,8,19,55,7,8,70,0.833,0.375,0.345,0.875
2026-06-19 14:00:00,14,4,0,33,9,17,198,200,2,19,30,32,12,12,4,8,17,55,4,8,78,1.0,0.5,0.309,0.5
2026-06-19 15:00:00,15,4,0,23,6,11,198,200,2,17,30,30,12,12,4,8,21,55,7,8,71,1.0,0.5,0.382,0.875
2026-06-19 16:00:00,16,4,0,18,5,10,198,200,2,15,30,24,9,12,1,8,14,55,4,8,80,0.75,0.125,0.255,0.5
2026-06-19 17:00:00,17,4,0,11,3,11,198,200,2,20,30,23,9,12,1,8,15,55,7,8,66,0.75,0.125,0.273,0.875
2026-06-19 18:00:00,18,4,0,17,5,7,198,200,2,19,30,28,11,12,2,8,15,55,5,8,78,0.917,0.25,0.273,0.625
2026-06-19 19:00:00,19,4,0,22,7,12,198,200,2,18,30,30,12,12,3,8,16,55,6,8,49,1.0,0.375,0.291,0.75
2026-06-19 20:00:00,20,4,0,21,7,13,198,200,2,17,30,30,13,12,2,8,17,55,4,8,48,1.083,0.25,0.309,0.5
2026-06-19 21:00:00,21,4,0,16,5,12,198,200,2,16,30,25,8,12,4,8,15,55,6,8,47,0.667,0.5,0.273,0.75
2026-06-19 22:00:00,22,4,0,18,6,18,198,200,2,20,30,24,7,12,3,8,14,55,3,8,54,0.583,0.375,0.255,0.375
2026-06-19 23:00:00,23,4,0,14,5,13,198,200,2,15,30,18,7,12,2,8,14,55,4,8,50,0.583,0.25,0.255,0.5
2026-06-20 00:00:00,0,5,1,9,3,10,198,200,2,16,30,9,4,12,0,8,6,55,1,8,45,0.333,0.0,0.109,0.125
2026-06-20 01:00:00,1,5,1,15,5,4,198,200,2,15,30,15,7,12,3,8,13,55,0,8,43,0.583,0.375,0.236,0.0
2026-06-20 02:00:00,2,5,1,14,5,10,198,200,2,19,30,20,10,12,0,8,13,55,2,8,49,0.833,0.0,0.236,0.25
2026-06-20 03:00:00,3,5,1,20,7,8,198,200,2,16,30,26,9,12,3,8,11,55,4,8,48,0.75,0.375,0.2,0.5
2026-06-20 04:00:00,4,5,1,12,4,7,198,200,2,19,30,18,7,12,3,8,13,55,5,8,43,0.583,0.375,0.236,0.625
2026-06-20 05:00:00,5,5,1,12,4,10,198,200,2,13,30,18,5,12,1,8,8,55,2,8,48,0.417,0.125,0.145,0.25
2026-06-20 06:00:00,6,5,1,13,4,11,198,200,2,13,30,10,7,12,2,8,7,55,3,8,46,0.583,0.25,0.127,0.375
2026-06-20 07:00:00,7,5,1,20,6,8,198,200,2,18,30,16,5,12,2,8,8,55,2,8,74,0.417,0.25,0.145,0.25
2026-06-20 08:00:00,8,5,1,12,3,2,198,200,2,13,30,17,5,12,2,8,15,55,3,8,76,0.417,0.25,0.273,0.375
2026-06-20 09:00:00,9,5,1,18,5,7,198,200,2,16,30,19,6,12,2,8,15,55,2,8,78,0.5,0.25,0.273,0.25
2026-06-20 10:00:00,10,5,1,22,6,7,198,200,2,19,30,26,8,12,6,8,15,55,3,8,77,0.667,0.75,0.273,0.375
2026-06-20 11:00:00,11,5,1,30,8,8,198,200,2,19,30,31,10,12,4,8,19,55,3,8,72,0.833,0.5,0.345,0.375
2026-06-20 12:00:00,12,5,1,22,6,5,198,200,2,15,30,24,7,12,3,8,15,55,2,8,75,0.583,0.375,0.273,0.25
2026-06-20 13:00:00,13,5,1,13,3,8,198,200,2,13,30,12,2,12,0,8,9,55,2,8,74,0.167,0.0,0.164,0.25
2026-06-20 14:00:00,14,5,1,26,7,10,198,200,2,18,30,29,9,12,3,8,18,55,3,8,70,0.75,0.375,0.327,0.375
2026-06-20 15:00:00,15,5,1,23,6,10,198,200,2,20,30,28,12,12,2,8,15,55,3,8,75,1.0,0.25,0.273,0.375
2026-06-20 16:00:00,16,5,1,12,3,8,198,200,2,15,30,17,7,12,3,8,9,55,2,8,80,0.583,0.375,0.164,0.25
2026-06-20 17:00:00,17,5,1,20,6,6,198,200,2,15,30,26,10,12,3,8,16,55,2,8,74,0.833,0.375,0.291,0.25
2026-06-20 18:00:00,18,5,1,13,4,13,198,200,2,17,30,19,8,12,1,8,14,55,4,8,69,0.667,0.125,0.255,0.5
2026-06-20 19:00:00,19,5,1,13,4,15,198,200,2,19,30,19,9,12,2,8,13,55,4,8,48,0.75,0.25,0.236,0.5
2026-06-20 20:00:00,20,5,1,13,4,13,198,200,2,20,30,13,2,12,0,8,7,55,4,8,44,0.167,0.0,0.127,0.5
2026-06-20 21:00:00,21,5,1,13,4,7,198,200,2,14,30,13,3,12,1,8,9,55,2,8,51,0.25,0.125,0.164,0.25
2026-06-20 22:00:00,22,5,1,15,5,17,198,200,2,13,30,16,4,12,1,8,9,55,2,8,50,0.333,0.125,0.164,0.25
2026-06-20 23:00:00,23,5,1,15,5,11,198,200,2,22,30,21,6,12,2,8,15,55,3,8,47,0.5,0.25,0.273,0.375
2026-06-21 00:00:00,0,6,1,16,5,8,198,200,2,17,30,19,6,12,3,8,17,55,4,8,47,0.5,0.375,0.309,0.5
2026-06-21 01:00:00,1,6,1,12,4,10,198,200,2,15,30,13,4,12,1,8,7,55,0,8,47,0.333,0.125,0.127,0.0
2026-06-21 02:00:00,2,6,1,8,3,7,198,200,2,14,30,8,3,12,0,8,7,55,1,8,48,0.25,0.0,0.127,0.125
2026-06-21 03:00:00,3,6,1,14,5,7,198,200,2,18,30,16,6,12,2,8,8,55,3,8,46,0.5,0.25,0.145,0.375
2026-06-21 04:00:00,4,6,1,13,4,5,198,200,2,18,30,15,4,12,2,8,9,55,2,8,44,0.333,0.25,0.164,0.25
2026-06-21 05:00:00,5,6,1,11,3,7,198,200,2,16,30,10,0,12,0,8,6,55,1,8,51,0.0,0.0,0.109,0.125
2026-06-21 06:00:00,6,6,1,8,2,8,198,200,2,19,30,7,1,12,1,8,4,55,1,8,47,0.083,0.125,0.073,0.125
2026-06-21 07:00:00,7,6,1,4,1,9,198,200,2,15,30,2,0,12,2,8,6,55,2,8,75,0.0,0.25,0.109,0.25
2026-06-21 08:00:00,8,6,1,14,4,9,198,200,2,15,30,13,4,12,2,8,7,55,1,8,75,0.333,0.25,0.127,0.125
2026-06-21 09:00:00,9,6,1,17,5,8,198,200,2,18,30,20,5,12,2,8,14,55,4,8,75,0.417,0.25,0.255,0.5
2026-06-21 10:00:00,10,6,1,21,6,6,198,200,2,17,30,20,6,12,3,8,9,55,2,8,70,0.5,0.375,0.164,0.25
2026-06-21 11:00:00,11,6,1,13,3,6,198,200,2,16,30,16,4,12,2,8,11,55,2,8,69,0.333,0.25,0.2,0.25
2026-06-21 12:00:00,12,6,1,20,5,9,198,200,2,14,30,24,8,12,3,8,17,55,3,8,72,0.667,0.375,0.309,0.375
2026-06-21 13:00:00,13,6,1,21,5,4,198,200,2,18,30,25,7,12,0,8,14,55,4,8,75,0.583,0.0,0.255,0.5
2026-06-21 14:00:00,14,6,1,16,4,6,198,200,2,17,30,23,6,12,1,8,9,55,4,8,72,0.5,0.125,0.164,0.5
2026-06-21 15:00:00,15,6,1,19,5,3,198,200,2,17,30,25,6,12,4,8,15,55,4,8,73,0.5,0.5,0.273,0.5
2026-06-21 16:00:00,16,6,1,17,5,4,198,200,2,16,30,17,6,12,0,8,11,55,2,8,80,0.5,0.0,0.2,0.25
2026-06-21 17:00:00,17,6,1,18,5,10,198,200,2,14,30,17,5,12,2,8,12,55,2,8,68,0.417,0.25,0.218,0.25
2026-06-21 18:00:00,18,6,1,10,3,11,198,200,2,14,30,15,6,12,1,8,13,55,3,8,72,0.5,0.125,0.236,0.375
2026-06-21 19:00:00,19,6,1,13,4,6,198,200,2,11,30,16,6,12,1,8,9,55,2,8,54,0.5,0.125,0.164,0.25
2026-06-21 20:00:00,20,6,1,21,7,14,198,200,2,20,30,25,9,12,3,8,14,55,2,8,48,0.75,0.375,0.255,0.25
2026-06-21 21:00:00,21,6,1,16,5,10,198,200,2,18,30,22,6,12,2,8,11,55,3,8,46,0.5,0.25,0.2,0.375
2026-06-21 22:00:00,22,6,1,14,5,7,198,200,2,17,30,15,6,12,4,8,10,55,3,8,52,0.5,0.5,0.182,0.375
2026-06-21 23:00:00,23,6,1,10,3,11,198,200,2,13,30,8,4,12,0,8,6,55,0,8,48,0.333,0.0,0.109,0.0
2026-06-22 00:00:00,0,0,0,7,2,11,198,200,2,12,30,16,5,12,3,8,9,55,5,8,47,0.417,0.375,0.164,0.625
2026-06-22 01:00:00,1,0,0,11,4,10,198,200,2,16,30,19,9,12,2,8,13,55,4,8,49,0.75,0.25,0.236,0.5
2026-06-22 02:00:00,2,0,0,17,6,8,198,200,2,20,30,26,10,12,2,8,17,55,5,8,46,0.833,0.25,0.309,0.625
2026-06-22 03:00:00,3,0,0,12,4,8,198,200,2,20,30,19,8,12,3,8,12,55,5,8,45,0.667,0.375,0.218,0.625
2026-06-22 04:00:00,4,0,0,19,6,7,198,200,2,21,30,23,8,12,3,8,12,55,6,8,48,0.667,0.375,0.218,0.75
2026-06-22 05:00:00,5,0,0,14,4,8,198,200,2,20,30,19,7,12,2,8,11,55,6,8,45,0.583,0.25,0.2,0.75
2026-06-22 06:00:00,6,0,0,15,4,7,198,200,2,22,30,24,7,12,3,8,10,55,6,8,48,0.583,0.375,0.182,0.75
2026-06-22 07:00:00,7,0,0,22,6,6,198,200,2,19,30,30,9,12,2,8,19,55,6,8,75,0.75,0.25,0.345,0.75
2026-06-22 08:00:00,8,0,0,14,4,0,198,200,2,21,30,17,6,12,1,8,11,55,5,8,77,0.5,0.125,0.2,0.625
2026-06-22 09:00:00,9,0,0,25,7,11,198,200,2,18,30,30,11,12,4,8,19,55,5,8,77,0.917,0.5,0.345,0.625
2026-06-22 10:00:00,10,0,0,20,5,10,198,200,2,18,30,29,10,12,3,8,19,55,6,8,73,0.833,0.375,0.345,0.75
2026-06-22 11:00:00,11,0,0,23,6,7,198,200,2,18,30,26,11,12,3,8,17,55,6,8,75,0.917,0.375,0.309,0.75
2026-06-22 12:00:00,12,0,0,15,4,13,198,200,2,16,30,25,6,12,3,8,15,55,5,8,75,0.5,0.375,0.273,0.625
2026-06-22 13:00:00,13,0,0,34,9,12,198,200,2,21,30,38,12,12,4,8,24,55,6,8,75,1.0,0.5,0.436,0.75
2026-06-22 14:00:00,14,0,0,26,7,10,198,200,2,18,30,36,12,12,2,8,20,55,6,8,73,1.0,0.25,0.364,0.75
2026-06-22 15:00:00,15,0,0,17,5,14,198,200,2,17,30,21,6,12,3,8,12,55,5,8,71,0.5,0.375,0.218,0.625
2026-06-22 16:00:00,16,0,0,19,5,8,198,200,2,22,30,25,13,12,3,8,16,55,7,8,76,1.083,0.375,0.291,0.875
2026-06-22 17:00:00,17,0,0,18,5,13,198,200,2,20,30,24,9,12,2,8,13,55,6,8,69,0.75,0.25,0.236,0.75
2026-06-22 18:00:00,18,0,0,14,4,10,198,200,2,23,30,25,8,12,3,8,17,55,8,8,73,0.667,0.375,0.309,1.0
2026-06-22 19:00:00,19,0,0,30,9,11,198,200,2,19,30,31,10,12,3,8,18,55,4,8,40,0.833,0.375,0.327,0.5
2026-06-22 20:00:00,20,0,0,19,6,7,198,200,2,17,30,24,8,12,3,8,15,55,5,8,44,0.667,0.375,0.273,0.625
2026-06-22 21:00:00,21,0,0,20,7,16,198,200,2,19,30,27,9,12,3,8,17,55,5,8,45,0.75,0.375,0.309,0.625
2026-06-22 22:00:00,22,0,0,12,4,14,198,200,2,20,30,20,7,12,3,8,14,55,6,8,51,0.583,0.375,0.255,0.75
2026-06-22 23:00:00,23,0,0,10,3,6,198,200,2,17,30,17,5,12,3,8,12,55,5,8,50,0.417,0.375,0.218,0.625
2026-06-23 00:00:00,0,1,0,12,4,11,198,200,2,16,30,14,5,12,2,8,10,55,5,8,46,0.417,0.25,0.182,0.625
2026-06-23 01:00:00,1,1,0,13,4,10,198,200,2,16,30,17,8,12,2,8,6,55,3,8,50,0.667,0.25,0.109,0.375
2026-06-23 02:00:00,2,1,0,15,5,8,198,200,2,21,30,18,8,12,1,8,14,55,3,8,51,0.667,0.125,0.255,0.375
2026-06-23 03:00:00,3,1,0,10,3,15,198,200,2,18,30,22,8,12,4,8,17,55,5,8,48,0.667,0.5,0.309,0.625
2026-06-23 04:00:00,4,1,0,16,5,17,198,200,2,19,30,16,4,12,1,8,9,55,3,8,44,0.333,0.125,0.164,0.375
2026-06-23 05:00:00,5,1,0,11,3,14,198,200,2,17,30,11,5,12,1,8,7,55,4,8,47,0.417,0.125,0.127,0.5
2026-06-23 06:00:00,6,1,0,12,4,4,198,200,2,20,30,21,9,12,0,8,11,55,5,8,48,0.75,0.0,0.2,0.625
2026-06-23 07:00:00,7,1,0,6,2,6,198,200,2,19,30,13,6,12,2,8,4,55,4,8,70,0.5,0.25,0.073,0.5
2026-06-23 08:00:00,8,1,0,16,4,5,198,200,2,21,30,21,8,12,2,8,12,55,6,8,75,0.667,0.25,0.218,0.75
2026-06-23 09:00:00,9,1,0,16,4,5,198,200,2,20,30,19,9,12,0,8,11,55,6,8,75,0.75,0.0,0.2,0.75
2026-06-23 10:00:00,10,1,0,8,2,6,198,200,2,20,30,18,6,12,2,8,10,55,4,8,75,0.5,0.25,0.182,0.5
2026-06-23 11:00:00,11,1,0,21,5,6,198,200,2,19,30,29,11,12,2,8,16,55,4,8,75,0.917,0.25,0.291,0.5
2026-06-23 12:00:00,12,1,0,19,5,7,198,200,2,20,30,14,4,12,4,8,7,55,3,8,76,0.333,0.5,0.127,0.375
2026-06-23 13:00:00,13,1,0,20,5,8,198,200,2,15,30,24,9,12,2,8,15,55,5,8,73,0.75,0.25,0.273,0.625
2026-06-23 14:00:00,14,1,0,15,4,9,198,200,2,20,30,28,11,12,2,8,16,55,6,8,75,0.917,0.25,0.291,0.75
2026-06-23 15:00:00,15,1,0,18,5,6,198,200,2,19,30,22,7,12,1,8,15,55,5,8,73,0.583,0.125,0.273,0.625
2026-06-23 16:00:00,16,1,0,16,4,7,198,200,2,17,30,22,6,12,3,8,15,55,6,8,72,0.5,0.375,0.273,0.75
2026-06-23 17:00:00,17,1,0,33,10,10,198,200,2,20,30,34,12,12,3,8,26,55,4,8,78,1.0,0.375,0.473,0.5
2026-06-23 18:00:00,18,1,0,21,6,6,198,200,2,17,30,25,8,12,2,8,18,55,6,8,68,0.667,0.25,0.327,0.75
2026-06-23 19:00:00,19,1,0,23,7,11,198,200,2,18,30,23,9,12,3,8,15,55,5,8,51,0.75,0.375,0.273,0.625
2026-06-23 20:00:00,20,1,0,26,8,9,198,200,2,15,30,34,11,12,2,8,20,55,5,8,46,0.917,0.25,0.364,0.625
2026-06-23 21:00:00,21,1,0,16,5,14,198,200,2,22,30,17,9,12,2,8,11,55,5,8,46,0.75,0.25,0.2,0.625
2026-06-23 22:00:00,22,1,0,21,7,9,198,200,2,18,30,25,7,12,4,8,16,55,4,8,49,0.583,0.5,0.291,0.5
2026-06-23 23:00:00,23,1,0,17,6,11,198,200,2,21,30,22,10,12,3,8,13,55,3,8,44,0.833,0.375,0.236,0.375
2026-06-24 00:00:00,0,2,0,11,4,7,198,200,2,20,30,13,3,12,2,8,10,55,5,8,46,0.25,0.25,0.182,0.625
2026-06-24 01:00:00,1,2,0,13,4,16,198,200,2,19,30,17,3,12,3,8,8,55,5,8,45,0.25,0.375,0.145,0.625
2026-06-24 02:00:00,2,2,0,8,3,10,198,200,2,17,30,19,7,12,4,8,11,55,5,8,47,0.583,0.5,0.2,0.625
2026-06-24 03:00:00,3,2,0,14,5,12,198,200,2,17,30,22,7,12,3,8,15,55,5,8,46,0.583,0.375,0.273,0.625
2026-06-24 04:00:00,4,2,0,19,6,12,198,200,2,19,30,21,6,12,3,8,12,55,4,8,53,0.5,0.375,0.218,0.5
2026-06-24 05:00:00,5,2,0,13,4,9,198,200,2,17,30,20,4,12,3,8,12,55,3,8,53,0.333,0.375,0.218,0.375
2026-06-24 06:00:00,6,2,0,19,6,8,198,200,2,15,30,27,9,12,2,8,16,55,4,8,42,0.75,0.25,0.291,0.5
2026-06-24 07:00:00,7,2,0,20,6,7,198,200,2,16,30,26,10,12,3,8,14,55,5,8,76,0.833,0.375,0.255,0.625
2026-06-24 08:00:00,8,2,0,26,7,7,198,200,2,19,30,31,11,12,2,8,22,55,7,8,75,0.917,0.25,0.4,0.875
2026-06-24 09:00:00,9,2,0,23,6,8,198,200,2,23,30,29,10,12,3,8,16,55,6,8,74,0.833,0.375,0.291,0.75
2026-06-24 10:00:00,10,2,0,21,6,4,198,200,2,25,30,31,11,12,0,8,20,55,7,8,71,0.917,0.0,0.364,0.875
2026-06-24 11:00:00,11,2,0,23,6,6,198,200,2,20,30,29,10,12,3,8,19,55,6,8,72,0.833,0.375,0.345,0.75
2026-06-24 12:00:00,12,2,0,23,6,8,198,200,2,19,30,31,8,12,2,8,17,55,5,8,71,0.667,0.25,0.309,0.625
2026-06-24 13:00:00,13,2,0,21,6,6,198,200,2,19,30,23,6,12,3,8,14,55,6,8,71,0.5,0.375,0.255,0.75
2026-06-24 14:00:00,14,2,0,21,6,12,198,200,2,18,30,24,8,12,3,8,13,55,6,8,69,0.667,0.375,0.236,0.75
2026-06-24 15:00:00,15,2,0,27,8,13,198,200,2,22,30,32,11,12,4,8,23,55,5,8,72,0.917,0.5,0.418,0.625
2026-06-24 16:00:00,16,2,0,27,8,13,198,200,2,23,30,30,12,12,2,8,16,55,5,8,68,1.0,0.25,0.291,0.625
2026-06-24 17:00:00,17,2,0,23,7,10,198,200,2,17,30,26,10,12,4,8,15,55,5,8,72,0.833,0.5,0.273,0.625
2026-06-24 18:00:00,18,2,0,24,7,12,198,200,2,20,30,27,10,12,5,8,14,55,7,8,69,0.833,0.625,0.255,0.875
2026-06-24 19:00:00,19,2,0,21,7,11,198,200,2,16,30,23,8,12,3,8,12,55,3,8,47,0.667,0.375,0.218,0.375
2026-06-24 20:00:00,20,2,0,22,7,12,198,200,2,19,30,29,8,12,4,8,21,55,6,8,45,0.667,0.5,0.382,0.75
2026-06-24 21:00:00,21,2,0,22,7,14,198,200,2,20,30,27,10,12,3,8,18,55,4,8,48,0.833,0.375,0.327,0.5
2026-06-24 22:00:00,22,2,0,30,10,13,198,200,2,15,30,31,12,12,3,8,20,55,3,8,50,1.0,0.375,0.364,0.375
2026-06-24 23:00:00,23,2,0,14,5,15,198,200,2,20,30,22,4,12,3,8,12,55,6,8,52,0.333,0.375,0.218,0.75
2026-06-25 00:00:00,0,3,0,16,6,12,198,200,2,20,30,26,8,12,1,8,18,55,5,8,39,0.667,0.125,0.327,0.625
2026-06-25 01:00:00,1,3,0,17,6,13,198,200,2,19,30,21,6,12,2,8,11,55,6,8,44,0.5,0.25,0.2,0.75
2026-06-25 02:00:00,2,3,0,14,5,15,198,200,2,20,30,22,8,12,0,8,15,55,5,8,46,0.667,0.0,0.273,0.625
2026-06-25 03:00:00,3,3,0,21,7,11,198,200,2,20,30,23,7,12,2,8,13,55,6,8,48,0.583,0.25,0.236,0.75
2026-06-25 04:00:00,4,3,0,15,5,15,198,200,2,21,30,19,7,12,3,8,10,55,5,8,42,0.583,0.375,0.182,0.625
2026-06-25 05:00:00,5,3,0,21,7,15,198,200,2,15,30,21,7,12,3,8,15,55,4,8,44,0.583,0.375,0.273,0.5
2026-06-25 06:00:00,6,3,0,18,6,20,198,200,2,18,30,26,9,12,3,8,18,55,5,8,47,0.75,0.375,0.327,0.625
2026-06-25 07:00:00,7,3,0,15,4,8,198,200,2,19,30,23,7,12,2,8,15,55,6,8,73,0.583,0.25,0.273,0.75
2026-06-25 08:00:00,8,3,0,16,5,10,198,200,2,12,30,20,6,12,0,8,10,55,4,8,74,0.5,0.0,0.182,0.5
2026-06-25 09:00:00,9,3,0,26,7,12,198,200,2,16,30,26,7,12,2,8,15,55,4,8,74,0.583,0.25,0.273,0.5
2026-06-25 10:00:00,10,3,0,25,7,9,198,200,2,17,30,29,11,12,2,8,18,55,5,8,74,0.917,0.25,0.327,0.625
2026-06-25 11:00:00,11,3,0,29,8,11,198,200,2,19,30,27,10,12,2,8,15,55,3,8,73,0.833,0.25,0.273,0.375
2026-06-25 12:00:00,12,3,0,36,10,7,198,200,2,19,30,42,13,12,5,8,29,55,6,8,73,1.083,0.625,0.527,0.75
2026-06-25 13:00:00,13,3,0,21,6,12,198,200,2,16,30,22,10,12,1,8,9,55,4,8,75,0.833,0.125,0.164,0.5
2026-06-25 14:00:00,14,3,0,27,7,7,198,200,2,21,30,37,12,12,3,8,21,55,6,8,66,1.0,0.375,0.382,0.75
2026-06-25 15:00:00,15,3,0,23,6,8,198,200,2,17,30,26,11,12,1,8,15,55,7,8,77,0.917,0.125,0.273,0.875
2026-06-25 16:00:00,16,3,0,30,9,11,198,200,2,15,30,32,10,12,3,8,14,55,5,8,66,0.833,0.375,0.255,0.625
2026-06-25 17:00:00,17,3,0,30,9,10,198,200,2,20,30,42,11,12,3,8,23,55,7,8,70,0.917,0.375,0.418,0.875
2026-06-25 18:00:00,18,3,0,26,8,17,198,200,2,15,30,28,10,12,3,8,19,55,4,8,72,0.833,0.375,0.345,0.5
2026-06-25 19:00:00,19,3,0,24,8,18,198,200,2,18,30,28,10,12,2,8,17,55,7,8,49,0.833,0.25,0.309,0.875
2026-06-25 20:00:00,20,3,0,23,8,19,198,200,2,21,30,30,10,12,3,8,22,55,6,8,38,0.833,0.375,0.4,0.75
2026-06-25 21:00:00,21,3,0,16,5,13,198,200,2,19,30,17,5,12,2,8,14,55,3,8,47,0.417,0.25,0.255,0.375
2026-06-25 22:00:00,22,3,0,21,7,15,198,200,2,23,30,29,10,12,5,8,19,55,8,8,49,0.833,0.625,0.345,1.0
2026-06-25 23:00:00,23,3,0,15,5,15,198,200,2,21,30,18,6,12,2,8,12,55,5,8,50,0.5,0.25,0.218,0.625
2026-06-26 00:00:00,0,4,0,19,7,18,198,200,2,21,30,31,10,12,1,8,19,55,4,8,45,0.833,0.125,0.345,0.5
2026-06-26 01:00:00,1,4,0,20,7,14,198,200,2,13,30,21,9,12,1,8,8,55,3,8,46,0.75,0.125,0.145,0.375
2026-06-26 02:00:00,2,4,0,16,5,15,198,200,2,19,30,15,6,12,2,8,7,55,4,8,45,0.5,0.25,0.127,0.5
2026-06-26 03:00:00,3,4,0,12,4,13,198,200,2,17,30,21,8,12,1,8,13,55,4,8,46,0.667,0.125,0.236,0.5
2026-06-26 04:00:00,4,4,0,21,7,13,198,200,2,17,30,26,9,12,0,8,17,55,4,8,44,0.75,0.0,0.309,0.5
2026-06-26 05:00:00,5,4,0,15,5,7,198,200,2,19,30,17,5,12,3,8,11,55,4,8,44,0.417,0.375,0.2,0.5
2026-06-26 06:00:00,6,4,0,15,5,15,198,200,2,15,30,18,5,12,3,8,9,55,5,8,48,0.417,0.375,0.164,0.625
2026-06-26 07:00:00,7,4,0,16,5,10,198,200,2,14,30,22,7,12,3,8,16,55,4,8,73,0.583,0.375,0.291,0.5
2026-06-26 08:00:00,8,4,0,13,4,9,198,200,2,18,30,15,0,12,1,8,12,55,3,8,74,0.0,0.125,0.218,0.375
2026-06-26 09:00:00,9,4,0,14,4,8,198,200,2,19,30,15,4,12,2,8,11,55,5,8,73,0.333,0.25,0.2,0.625
2026-06-26 10:00:00,10,4,0,20,5,8,198,200,2,17,30,27,9,12,2,8,19,55,3,8,75,0.75,0.25,0.345,0.375
2026-06-26 11:00:00,11,4,0,31,8,7,198,200,2,18,30,35,13,12,4,8,21,55,6,8,75,1.083,0.5,0.382,0.75
2026-06-26 12:00:00,12,4,0,26,7,12,198,200,2,20,30,35,11,12,3,8,24,55,5,8,68,0.917,0.375,0.436,0.625
2026-06-26 13:00:00,13,4,0,23,6,11,198,200,2,21,30,34,12,12,5,8,21,55,6,8,70,1.0,0.625,0.382,0.75
2026-06-26 14:00:00,14,4,0,27,7,10,198,200,2,21,30,32,8,12,2,8,21,55,7,8,72,0.667,0.25,0.382,0.875
2026-06-26 15:00:00,15,4,0,25,7,11,198,200,2,16,30,33,11,12,5,8,21,55,5,8,73,0.917,0.625,0.382,0.625
2026-06-26 16:00:00,16,4,0,20,6,8,198,200,2,19,30,27,7,12,3,8,16,55,7,8,71,0.583,0.375,0.291,0.875
2026-06-26 17:00:00,17,4,0,20,6,5,198,200,2,20,30,20,5,12,2,8,11,55,5,8,75,0.417,0.25,0.2,0.625
2026-06-26 18:00:00,18,4,0,16,5,11,198,200,2,23,30,24,8,12,3,8,15,55,7,8,79,0.667,0.375,0.273,0.875
2026-06-26 19:00:00,19,4,0,27,9,19,198,200,2,18,30,33,13,12,4,8,22,55,5,8,47,1.083,0.5,0.4,0.625
2026-06-26 20:00:00,20,4,0,24,8,14,198,200,2,18,30,26,10,12,4,8,15,55,4,8,47,0.833,0.5,0.273,0.5
2026-06-26 21:00:00,21,4,0,29,10,14,198,200,2,20,30,34,12,12,4,8,23,55,6,8,49,1.0,0.5,0.418,0.75
2026-06-26 22:00:00,22,4,0,18,6,14,198,200,2,18,30,26,9,12,2,8,18,55,4,8,41,0.75,0.25,0.327,0.5
2026-06-26 23:00:00,23,4,0,19,7,12,198,200,2,17,30,23,7,12,2,8,14,55,4,8,47,0.583,0.25,0.255,0.5
2026-06-27 00:00:00,0,5,1,16,6,11,198,200,2,11,30,14,4,12,3,8,11,55,2,8,50,0.333,0.375,0.2,0.25
2026-06-27 01:00:00,1,5,1,19,7,12,198,200,2,19,30,22,9,12,4,8,13,55,2,8,45,0.75,0.5,0.236,0.25
2026-06-27 02:00:00,2,5,1,13,4,7,198,200,2,20,30,17,4,12,3,8,14,55,3,8,43,0.333,0.375,0.255,0.375
2026-06-27 03:00:00,3,5,1,16,5,14,198,200,2,13,30,6,4,12,1,8,5,55,0,8,46,0.333,0.125,0.091,0.0
2026-06-27 04:00:00,4,5,1,15,5,11,198,200,2,14,30,17,5,12,2,8,11,55,2,8,47,0.417,0.25,0.2,0.25
2026-06-27 05:00:00,5,5,1,18,6,18,198,200,2,17,30,22,9,12,3,8,12,55,3,8,44,0.75,0.375,0.218,0.375
2026-06-27 06:00:00,6,5,1,25,8,9,198,200,2,16,30,25,10,12,2,8,15,55,2,8,53,0.833,0.25,0.273,0.25
2026-06-27 07:00:00,7,5,1,17,5,13,198,200,2,19,30,22,5,12,1,8,13,55,3,8,71,0.417,0.125,0.236,0.375
2026-06-27 08:00:00,8,5,1,25,7,12,198,200,2,17,30,23,7,12,2,8,12,55,2,8,69,0.583,0.25,0.218,0.25
2026-06-27 09:00:00,9,5,1,25,7,10,198,200,2,15,30,26,8,12,2,8,16,55,2,8,72,0.667,0.25,0.291,0.25
2026-06-27 10:00:00,10,5,1,13,4,5,198,200,2,14,30,11,1,12,0,8,5,55,3,8,75,0.083,0.0,0.091,0.375
2026-06-27 11:00:00,11,5,1,17,5,5,198,200,2,19,30,21,6,12,1,8,14,55,3,8,73,0.5,0.125,0.255,0.375
2026-06-27 12:00:00,12,5,1,21,6,5,198,200,2,18,30,27,13,12,5,8,19,55,2,8,74,1.083,0.625,0.345,0.25
2026-06-27 13:00:00,13,5,1,25,7,7,198,200,2,19,30,23,9,12,2,8,12,55,3,8,70,0.75,0.25,0.218,0.375
2026-06-27 14:00:00,14,5,1,32,9,17,198,200,2,15,30,28,13,12,3,8,21,55,2,8,77,1.083,0.375,0.382,0.25
2026-06-27 15:00:00,15,5,1,25,7,10,198,200,2,20,30,23,9,12,1,8,14,55,2,8,74,0.75,0.125,0.255,0.25
2026-06-27 16:00:00,16,5,1,18,5,15,198,200,2,13,30,19,5,12,0,8,10,55,2,8,76,0.417,0.0,0.182,0.25
2026-06-27 17:00:00,17,5,1,21,6,9,198,200,2,19,30,21,7,12,1,8,15,55,4,8,74,0.583,0.125,0.273,0.5
2026-06-27 18:00:00,18,5,1,20,6,5,198,200,2,11,30,18,7,12,3,8,10,55,0,8,75,0.583,0.375,0.182,0.0
2026-06-27 19:00:00,19,5,1,33,10,11,198,200,2,16,30,36,13,12,4,8,22,55,3,8,44,1.083,0.5,0.4,0.375
2026-06-27 20:00:00,20,5,1,13,4,12,198,200,2,19,30,16,5,12,2,8,9,55,2,8,47,0.417,0.25,0.164,0.25
2026-06-27 21:00:00,21,5,1,14,5,13,198,200,2,17,30,8,1,12,2,8,3,55,1,8,52,0.083,0.25,0.055,0.125
2026-06-27 22:00:00,22,5,1,16,5,19,198,200,2,15,30,20,12,12,1,8,14,55,2,8,53,1.0,0.125,0.255,0.25
2026-06-27 23:00:00,23,5,1,15,5,17,198,200,2,16,30,21,7,12,3,8,12,55,3,8,45,0.583,0.375,0.218,0.375
2026-06-28 00:00:00,0,6,1,9,3,9,198,200,2,17,30,15,5,12,1,8,6,55,3,8,49,0.417,0.125,0.109,0.375
2026-06-28 01:00:00,1,6,1,16,5,12,198,200,2,16,30,15,6,12,3,8,10,55,0,8,47,0.5,0.375,0.182,0.0
2026-06-28 02:00:00,2,6,1,8,3,11,198,200,2,19,30,13,4,12,2,8,6,55,3,8,46,0.333,0.25,0.109,0.375
2026-06-28 03:00:00,3,6,1,10,3,23,198,200,2,14,30,13,5,12,0,8,6,55,1,8,49,0.417,0.0,0.109,0.125
2026-06-28 04:00:00,4,6,1,15,5,3,198,200,2,14,30,24,10,12,2,8,17,55,3,8,51,0.833,0.25,0.309,0.375
2026-06-28 05:00:00,5,6,1,17,5,9,198,200,2,17,30,17,6,12,0,8,8,55,3,8,49,0.5,0.0,0.145,0.375
2026-06-28 06:00:00,6,6,1,12,4,9,198,200,2,14,30,15,3,12,3,8,5,55,1,8,47,0.25,0.375,0.091,0.125
2026-06-28 07:00:00,7,6,1,15,4,9,198,200,2,14,30,18,6,12,2,8,12,55,3,8,76,0.5,0.25,0.218,0.375
2026-06-28 08:00:00,8,6,1,15,4,4,198,200,2,17,30,16,5,12,0,8,9,55,2,8,73,0.417,0.0,0.164,0.25
2026-06-28 09:00:00,9,6,1,15,4,9,198,200,2,14,30,8,5,12,1,8,5,55,0,8,75,0.417,0.125,0.091,0.0
2026-06-28 10:00:00,10,6,1,21,6,6,198,200,2,19,30,24,10,12,2,8,14,55,4,8,78,0.833,0.25,0.255,0.5
2026-06-28 11:00:00,11,6,1,17,4,12,198,200,2,14,30,15,5,12,0,8,10,55,2,8,68,0.417,0.0,0.182,0.25
2026-06-28 12:00:00,12,6,1,22,6,10,198,200,2,17,30,21,5,12,4,8,12,55,2,8,76,0.417,0.5,0.218,0.25
2026-06-28 13:00:00,13,6,1,19,5,8,198,200,2,14,30,16,4,12,2,8,13,55,2,8,69,0.333,0.25,0.236,0.25
2026-06-28 14:00:00,14,6,1,30,8,6,198,200,2,16,30,29,10,12,3,8,15,55,3,8,78,0.833,0.375,0.273,0.375
2026-06-28 15:00:00,15,6,1,12,3,7,198,200,2,16,30,14,5,12,1,8,10,55,3,8,72,0.417,0.125,0.182,0.375
2026-06-28 16:00:00,16,6,1,18,5,5,198,200,2,20,30,21,7,12,1,8,14,55,3,8,70,0.583,0.125,0.255,0.375
2026-06-28 17:00:00,17,6,1,11,3,8,198,200,2,17,30,6,2,12,0,8,2,55,1,8,76,0.167,0.0,0.036,0.125
2026-06-28 18:00:00,18,6,1,12,4,13,198,200,2,18,30,9,3,12,2,8,4,55,2,8,75,0.25,0.25,0.073,0.25
2026-06-28 19:00:00,19,6,1,20,6,7,198,200,2,19,30,21,7,12,2,8,15,55,2,8,45,0.583,0.25,0.273,0.25
2026-06-28 20:00:00,20,6,1,14,4,14,198,200,2,25,30,16,2,12,2,8,8,55,4,8,44,0.167,0.25,0.145,0.5
2026-06-28 21:00:00,21,6,1,14,5,11,198,200,2,16,30,19,5,12,0,8,11,55,2,8,47,0.417,0.0,0.2,0.25
2026-06-28 22:00:00,22,6,1,18,6,15,198,200,2,20,30,21,6,12,1,8,15,55,3,8,44,0.5,0.125,0.273,0.375
2026-06-28 23:00:00,23,6,1,16,5,6,198,200,2,18,30,19,8,12,3,8,12,55,2,8,45,0.667,0.375,0.218,0.25
2026-06-29 00:00:00,0,0,0,12,4,13,198,200,2,20,30,21,6,12,2,8,9,55,4,8,48,0.5,0.25,0.164,0.5
2026-06-29 01:00:00,1,0,0,14,5,8,198,200,2,21,30,18,7,12,4,8,15,55,4,8,45,0.583,0.5,0.273,0.5
2026-06-29 02:00:00,2,0,0,16,5,7,198,200,2,17,30,19,7,12,3,8,11,55,4,8,49,0.583,0.375,0.2,0.5
2026-06-29 03:00:00,3,0,0,7,2,11,198,200,2,17,30,17,7,12,1,8,10,55,5,8,52,0.583,0.125,0.182,0.625
2026-06-29 04:00:00,4,0,0,10,3,8,198,200,2,20,30,20,8,12,2,8,13,55,6,8,48,0.667,0.25,0.236,0.75
2026-06-29 05:00:00,5,0,0,15,5,7,198,200,2,18,30,21,7,12,2,8,14,55,5,8,48,0.583,0.25,0.255,0.625
2026-06-29 06:00:00,6,0,0,6,2,6,198,200,2,20,30,19,5,12,4,8,16,55,6,8,54,0.417,0.5,0.291,0.75
2026-06-29 07:00:00,7,0,0,19,6,13,198,200,2,21,30,22,7,12,3,8,10,55,4,8,70,0.583,0.375,0.182,0.5
2026-06-29 08:00:00,8,0,0,10,3,7,198,200,2,17,30,15,5,12,2,8,11,55,4,8,78,0.417,0.25,0.2,0.5
2026-06-29 09:00:00,9,0,0,17,5,8,198,200,2,17,30,21,7,12,2,8,15,55,4,8,77,0.583,0.25,0.273,0.5
2026-06-29 10:00:00,10,0,0,17,5,9,198,200,2,20,30,22,8,12,4,8,13,55,6,8,77,0.667,0.5,0.236,0.75
2026-06-29 11:00:00,11,0,0,22,6,2,198,200,2,18,30,27,10,12,3,8,18,55,5,8,78,0.833,0.375,0.327,0.625
2026-06-29 12:00:00,12,0,0,16,4,5,198,200,2,15,30,28,10,12,4,8,19,55,6,8,75,0.833,0.5,0.345,0.75
2026-06-29 13:00:00,13,0,0,23,6,5,198,200,2,18,30,29,12,12,1,8,15,55,5,8,72,1.0,0.125,0.273,0.625
2026-06-29 14:00:00,14,0,0,18,5,8,198,200,2,21,30,26,11,12,3,8,20,55,6,8,77,0.917,0.375,0.364,0.75
2026-06-29 15:00:00,15,0,0,18,5,8,198,200,2,22,30,25,9,12,2,8,12,55,6,8,77,0.75,0.25,0.218,0.75
2026-06-29 16:00:00,16,0,0,22,6,3,198,200,2,16,30,26,11,12,4,8,14,55,4,8,77,0.917,0.5,0.255,0.5
2026-06-29 17:00:00,17,0,0,16,5,8,198,200,2,19,30,29,9,12,4,8,17,55,8,8,74,0.75,0.5,0.309,1.0
2026-06-29 18:00:00,18,0,0,21,6,12,198,200,2,19,30,28,11,12,3,8,21,55,5,8,72,0.917,0.375,0.382,0.625
2026-06-29 19:00:00,19,0,0,21,7,12,198,200,2,13,30,22,9,12,4,8,13,55,3,8,49,0.75,0.5,0.236,0.375
2026-06-29 20:00:00,20,0,0,22,7,6,198,200,2,18,30,28,11,12,5,8,17,55,5,8,51,0.917,0.625,0.309,0.625
2026-06-29 21:00:00,21,0,0,18,6,15,198,200,2,15,30,25,9,12,3,8,18,55,5,8,51,0.75,0.375,0.327,0.625
2026-06-29 22:00:00,22,0,0,20,7,11,198,200,2,22,30,22,7,12,5,8,13,55,5,8,47,0.583,0.625,0.236,0.625
2026-06-29 23:00:00,23,0,0,10,3,11,198,200,2,18,30,19,4,12,2,8,9,55,6,8,49,0.333,0.25,0.164,0.75
2026-06-30 00:00:00,0,1,0,22,7,14,198,200,2,22,30,21,7,12,2,8,12,55,5,8,44,0.583,0.25,0.218,0.625
2026-06-30 01:00:00,1,1,0,13,4,14,198,200,2,21,30,21,9,12,3,8,16,55,5,8,51,0.75,0.375,0.291,0.625
2026-06-30 02:00:00,2,1,0,14,5,16,198,200,2,17,30,22,7,12,2,8,14,55,5,8,46,0.583,0.25,0.255,0.625
2026-06-30 03:00:00,3,1,0,22,7,10,198,200,2,16,30,28,11,12,3,8,21,55,4,8,50,0.917,0.375,0.382,0.5
2026-06-30 04:00:00,4,1,0,9,3,15,198,200,2,19,30,17,7,12,3,8,12,55,6,8,45,0.583,0.375,0.218,0.75
2026-06-30 05:00:00,5,1,0,21,7,11,198,200,2,17,30,24,8,12,2,8,14,55,3,8,51,0.667,0.25,0.255,0.375
2026-06-30 06:00:00,6,1,0,13,4,12,198,200,2,19,30,24,10,12,1,8,15,55,5,8,49,0.833,0.125,0.273,0.625
2026-06-30 07:00:00,7,1,0,24,7,2,198,200,2,17,30,33,7,12,4,8,19,55,5,8,72,0.583,0.5,0.345,0.625
2026-06-30 08:00:00,8,1,0,21,6,12,198,200,2,21,30,28,8,12,2,8,16,55,6,8,76,0.667,0.25,0.291,0.75
2026-06-30 09:00:00,9,1,0,23,6,6,198,200,2,18,30,27,8,12,4,8,26,55,4,8,72,0.667,0.5,0.473,0.5
2026-06-30 10:00:00,10,1,0,15,4,9,198,200,2,16,30,21,6,12,3,8,15,55,3,8,76,0.5,0.375,0.273,0.375
2026-06-30 11:00:00,11,1,0,9,2,14,198,200,2,18,30,13,5,12,3,8,10,55,6,8,73,0.417,0.375,0.182,0.75
2026-06-30 12:00:00,12,1,0,15,4,1,198,200,2,19,30,22,8,12,3,8,12,55,6,8,69,0.667,0.375,0.218,0.75
2026-06-30 13:00:00,13,1,0,26,7,12,198,200,2,19,30,38,13,12,5,8,27,55,7,8,71,1.083,0.625,0.491,0.875
2026-06-30 14:00:00,14,1,0,22,6,9,198,200,2,18,30,28,10,12,2,8,20,55,4,8,73,0.833,0.25,0.364,0.5
2026-06-30 15:00:00,15,1,0,25,7,13,198,200,2,21,30,34,10,12,4,8,25,55,7,8,78,0.833,0.5,0.455,0.875
2026-06-30 16:00:00,16,1,0,22,6,13,198,200,2,22,30,28,8,12,5,8,21,55,8,8,77,0.667,0.625,0.382,1.0
2026-06-30 17:00:00,17,1,0,18,5,13,198,200,2,22,30,24,9,12,2,8,12,55,5,8,79,0.75,0.25,0.218,0.625
2026-06-30 18:00:00,18,1,0,22,7,9,198,200,2,18,30,24,8,12,4,8,13,55,4,8,79,0.667,0.5,0.236,0.5
2026-06-30 19:00:00,19,1,0,21,7,4,198,200,2,21,30,27,7,12,2,8,15,55,5,8,46,0.583,0.25,0.273,0.625
2026-06-30 20:00:00,20,1,0,13,4,6,198,200,2,19,30,17,7,12,1,8,9,55,5,8,47,0.583,0.125,0.164,0.625
2026-06-30 21:00:00,21,1,0,11,4,12,198,200,2,19,30,16,8,12,2,8,11,55,6,8,47,0.667,0.25,0.2,0.75
2026-06-30 22:00:00,22,1,0,20,7,14,198,200,2,18,30,18,9,12,3,8,10,55,4,8,46,0.75,0.375,0.182,0.5
2026-06-30 23:00:00,23,1,0,16,5,14,198,200,2,19,30,27,9,12,4,8,21,55,6,8,42,0.75,0.5,0.382,0.75
2026-07-01 00:00:00,0,2,0,16,5,12,198,200,2,18,30,18,7,12,1,8,15,55,3,8,48,0.583,0.125,0.273,0.375
2026-07-01 01:00:00,1,2,0,13,4,9,198,200,2,15,30,17,8,12,2,8,11,55,3,8,44,0.667,0.25,0.2,0.375
2026-07-01 02:00:00,2,2,0,15,5,11,198,200,2,16,30,21,6,12,1,8,17,55,5,8,48,0.5,0.125,0.309,0.625
2026-07-01 03:00:00,3,2,0,18,6,14,198,200,2,18,30,15,7,12,0,8,12,55,2,8,54,0.583,0.0,0.218,0.25
2026-07-01 04:00:00,4,2,0,18,6,6,198,200,2,20,30,18,7,12,1,8,10,55,4,8,46,0.583,0.125,0.182,0.5
2026-07-01 05:00:00,5,2,0,25,8,3,198,200,2,22,30,30,12,12,2,8,15,55,7,8,49,1.0,0.25,0.273,0.875
2026-07-01 06:00:00,6,2,0,14,4,12,198,200,2,18,30,17,6,12,2,8,10,55,4,8,51,0.5,0.25,0.182,0.5
2026-07-01 07:00:00,7,2,0,15,4,8,198,200,2,19,30,21,9,12,3,8,12,55,4,8,75,0.75,0.375,0.218,0.5
2026-07-01 08:00:00,8,2,0,17,5,9,198,200,2,20,30,21,8,12,1,8,13,55,5,8,75,0.667,0.125,0.236,0.625
2026-07-01 09:00:00,9,2,0,25,7,10,198,200,2,20,30,35,10,12,4,8,22,55,5,8,73,0.833,0.5,0.4,0.625
2026-07-01 10:00:00,10,2,0,18,5,8,198,200,2,17,30,27,11,12,2,8,17,55,5,8,73,0.917,0.25,0.309,0.625
2026-07-01 11:00:00,11,2,0,23,6,10,198,200,2,17,30,32,9,12,4,8,21,55,6,8,71,0.75,0.5,0.382,0.75
2026-07-01 12:00:00,12,2,0,23,6,8,198,200,2,17,30,26,11,12,2,8,14,55,4,8,77,0.917,0.25,0.255,0.5
2026-07-01 13:00:00,13,2,0,26,7,13,198,200,2,20,30,39,13,12,3,8,25,55,7,8,69,1.083,0.375,0.455,0.875
2026-07-01 14:00:00,14,2,0,23,6,9,198,200,2,19,30,29,12,12,4,8,17,55,6,8,77,1.0,0.5,0.309,0.75
2026-07-01 15:00:00,15,2,0,24,7,5,198,200,2,16,30,31,12,12,3,8,20,55,6,8,70,1.0,0.375,0.364,0.75
2026-07-01 16:00:00,16,2,0,22,6,10,198,200,2,22,30,28,10,12,2,8,19,55,5,8,77,0.833,0.25,0.345,0.625
2026-07-01 17:00:00,17,2,0,21,6,14,198,200,2,20,30,32,11,12,1,8,17,55,7,8,73,0.917,0.125,0.309,0.875
2026-07-01 18:00:00,18,2,0,22,7,10,198,200,2,19,30,29,11,12,4,8,17,55,5,8,70,0.917,0.5,0.309,0.625
2026-07-01 19:00:00,19,2,0,16,5,15,198,200,2,22,30,22,4,12,3,8,13,55,6,8,50,0.333,0.375,0.236,0.75
2026-07-01 20:00:00,20,2,0,18,6,13,198,200,2,13,30,21,8,12,2,8,12,55,4,8,51,0.667,0.25,0.218,0.5
2026-07-01 21:00:00,21,2,0,9,3,17,198,200,2,17,30,16,4,12,0,8,12,55,4,8,47,0.333,0.0,0.218,0.5
2026-07-01 22:00:00,22,2,0,20,7,11,198,200,2,18,30,28,10,12,4,8,16,55,5,8,50,0.833,0.5,0.291,0.625
2026-07-01 23:00:00,23,2,0,19,6,13,198,200,2,17,30,22,6,12,2,8,13,55,4,8,41,0.5,0.25,0.236,0.5
2026-07-02 00:00:00,0,3,0,14,5,12,198,200,2,17,30,14,3,12,1,8,7,55,4,8,44,0.25,0.125,0.127,0.5
2026-07-02 01:00:00,1,3,0,13,4,9,198,200,2,21,30,17,8,12,4,8,13,55,4,8,52,0.667,0.5,0.236,0.5
2026-07-02 02:00:00,2,3,0,8,3,14,198,200,2,20,30,17,7,12,1,8,10,55,5,8,47,0.583,0.125,0.182,0.625
2026-07-02 03:00:00,3,3,0,16,5,13,198,200,2,20,30,26,9,12,3,8,17,55,4,8,42,0.75,0.375,0.309,0.5
2026-07-02 04:00:00,4,3,0,17,5,10,198,200,2,18,30,18,7,12,2,8,15,55,4,8,46,0.583,0.25,0.273,0.5
2026-07-02 05:00:00,5,3,0,17,5,6,198,200,2,15,30,20,7,12,2,8,12,55,4,8,45,0.583,0.25,0.218,0.5
2026-07-02 06:00:00,6,3,0,11,3,11,198,200,2,13,30,13,5,12,2,8,10,55,3,8,48,0.417,0.25,0.182,0.375
2026-07-02 07:00:00,7,3,0,22,6,9,198,200,2,14,30,28,8,12,3,8,21,55,3,8,73,0.667,0.375,0.382,0.375
2026-07-02 08:00:00,8,3,0,19,5,4,198,200,2,19,30,25,10,12,3,8,18,55,5,8,75,0.833,0.375,0.327,0.625
2026-07-02 09:00:00,9,3,0,15,4,6,198,200,2,18,30,17,5,12,2,8,11,55,4,8,74,0.417,0.25,0.2,0.5
2026-07-02 10:00:00,10,3,0,18,5,2,198,200,2,19,30,27,8,12,4,8,18,55,6,8,78,0.667,0.5,0.327,0.75
2026-07-02 11:00:00,11,3,0,18,5,12,198,200,2,19,30,24,8,12,1,8,12,55,6,8,75,0.667,0.125,0.218,0.75
2026-07-02 12:00:00,12,3,0,18,5,9,198,200,2,23,30,22,7,12,3,8,12,55,6,8,75,0.583,0.375,0.218,0.75
2026-07-02 13:00:00,13,3,0,17,4,9,198,200,2,18,30,24,8,12,3,8,14,55,7,8,77,0.667,0.375,0.255,0.875
2026-07-02 14:00:00,14,3,0,21,6,8,198,200,2,21,30,33,10,12,4,8,25,55,6,8,73,0.833,0.5,0.455,0.75
2026-07-02 15:00:00,15,3,0,16,4,10,198,200,2,19,30,25,9,12,4,8,14,55,6,8,70,0.75,0.5,0.255,0.75
2026-07-02 16:00:00,16,3,0,25,7,9,198,200,2,19,30,30,12,12,3,8,17,55,5,8,78,1.0,0.375,0.309,0.625
2026-07-02 17:00:00,17,3,0,20,6,8,198,200,2,23,30,30,9,12,1,8,17,55,8,8,74,0.75,0.125,0.309,1.0
2026-07-02 18:00:00,18,3,0,24,7,12,198,200,2,24,30,35,12,12,3,8,23,55,8,8,74,1.0,0.375,0.418,1.0
2026-07-02 19:00:00,19,3,0,21,7,11,198,200,2,18,30,27,10,12,2,8,17,55,5,8,46,0.833,0.25,0.309,0.625
2026-07-02 20:00:00,20,3,0,22,7,10,198,200,2,21,30,30,10,12,2,8,21,55,6,8,46,0.833,0.25,0.382,0.75
2026-07-02 21:00:00,21,3,0,27,9,10,198,200,2,21,30,33,12,12,2,8,22,55,6,8,51,1.0,0.25,0.4,0.75
2026-07-02 22:00:00,22,3,0,8,3,12,198,200,2,18,30,18,7,12,1,8,8,55,5,8,51,0.583,0.125,0.145,0.625
2026-07-02 23:00:00,23,3,0,13,4,9,198,200,2,18,30,18,8,12,1,8,10,55,4,8,50,0.667,0.125,0.182,0.5
2026-07-03 00:00:00,0,4,0,21,7,12,198,200,2,17,30,23,7,12,0,8,17,55,5,8,50,0.583,0.0,0.309,0.625
2026-07-03 01:00:00,1,4,0,12,4,11,198,200,2,17,30,15,4,12,2,8,9,55,4,8,50,0.333,0.25,0.164,0.5
2026-07-03 02:00:00,2,4,0,14,5,11,198,200,2,17,30,13,4,12,4,8,10,55,4,8,48,0.333,0.5,0.182,0.5
2026-07-03 03:00:00,3,4,0,7,2,12,198,200,2,18,30,17,4,12,2,8,10,55,3,8,47,0.333,0.25,0.182,0.375
2026-07-03 04:00:00,4,4,0,4,1,11,198,200,2,16,30,11,4,12,1,8,5,55,3,8,52,0.333,0.125,0.091,0.375
2026-07-03 05:00:00,5,4,0,22,7,20,198,200,2,16,30,25,7,12,2,8,15,55,5,8,47,0.583,0.25,0.273,0.625
2026-07-03 06:00:00,6,4,0,17,5,4,198,200,2,17,30,22,11,12,2,8,12,55,5,8,49,0.917,0.25,0.218,0.625
2026-07-03 07:00:00,7,4,0,15,4,4,198,200,2,11,30,18,8,12,2,8,10,55,4,8,72,0.667,0.25,0.182,0.5
2026-07-03 08:00:00,8,4,0,27,8,11,198,200,2,19,30,38,13,12,4,8,24,55,6,8,72,1.083,0.5,0.436,0.75
2026-07-03 09:00:00,9,4,0,18,5,8,198,200,2,18,30,18,8,12,1,8,12,55,4,8,73,0.667,0.125,0.218,0.5
2026-07-03 10:00:00,10,4,0,17,5,11,198,200,2,18,30,22,5,12,4,8,10,55,4,8,72,0.417,0.5,0.182,0.5
2026-07-03 11:00:00,11,4,0,16,4,3,198,200,2,22,30,22,11,12,1,8,14,55,5,8,76,0.917,0.125,0.255,0.625
2026-07-03 12:00:00,12,4,0,23,6,0,198,200,2,20,30,31,9,12,4,8,18,55,5,8,70,0.75,0.5,0.327,0.625
2026-07-03 13:00:00,13,4,0,15,4,14,198,200,2,20,30,23,7,12,2,8,13,55,6,8,74,0.583,0.25,0.236,0.75
2026-07-03 14:00:00,14,4,0,18,5,7,198,200,2,15,30,19,4,12,4,8,12,55,5,8,74,0.333,0.5,0.218,0.625
2026-07-03 15:00:00,15,4,0,28,8,7,198,200,2,20,30,35,13,12,4,8,21,55,7,8,69,1.083,0.5,0.382,0.875
2026-07-03 16:00:00,16,4,0,22,6,14,198,200,2,20,30,29,8,12,3,8,21,55,8,8,73,0.667,0.375,0.382,1.0
2026-07-03 17:00:00,17,4,0,27,8,10,198,200,2,18,30,33,11,12,3,8,23,55,6,8,75,0.917,0.375,0.418,0.75
2026-07-03 18:00:00,18,4,0,12,4,11,198,200,2,18,30,26,8,12,3,8,18,55,7,8,75,0.667,0.375,0.327,0.875
2026-07-03 19:00:00,19,4,0,20,6,7,198,200,2,14,30,19,5,12,1,8,11,55,4,8,47,0.417,0.125,0.2,0.5
2026-07-03 20:00:00,20,4,0,18,6,12,198,200,2,17,30,23,7,12,2,8,12,55,6,8,50,0.583,0.25,0.218,0.75
2026-07-03 21:00:00,21,4,0,17,6,8,198,200,2,21,30,23,8,12,1,8,14,55,6,8,48,0.667,0.125,0.255,0.75
2026-07-03 22:00:00,22,4,0,18,6,10,198,200,2,19,30,24,6,12,1,8,15,55,6,8,48,0.5,0.125,0.273,0.75
2026-07-03 23:00:00,23,4,0,8,3,16,198,200,2,17,30,18,5,12,2,8,10,55,5,8,49,0.417,0.25,0.182,0.625
2026-07-04 00:00:00,0,5,1,18,6,13,198,200,2,15,30,15,7,12,2,8,7,55,0,8,51,0.583,0.25,0.127,0.0
2026-07-04 01:00:00,1,5,1,10,3,17,198,200,2,17,30,11,8,12,0,8,7,55,1,8,46,0.667,0.0,0.127,0.125
2026-07-04 02:00:00,2,5,1,9,3,7,198,200,2,15,30,7,3,12,1,8,4,55,1,8,47,0.25,0.125,0.073,0.125
2026-07-04 03:00:00,3,5,1,16,5,12,198,200,2,16,30,16,4,12,2,8,11,55,1,8,46,0.333,0.25,0.2,0.125
2026-07-04 04:00:00,4,5,1,11,4,7,198,200,2,14,30,15,5,12,1,8,11,55,2,8,47,0.417,0.125,0.2,0.25
2026-07-04 05:00:00,5,5,1,14,4,9,198,200,2,15,30,13,5,12,1,8,10,55,2,8,52,0.417,0.125,0.182,0.25
2026-07-04 06:00:00,6,5,1,15,4,11,198,200,2,16,30,17,5,12,1,8,8,55,1,8,50,0.417,0.125,0.145,0.125
2026-07-04 07:00:00,7,5,1,10,3,6,198,200,2,19,30,10,5,12,0,8,7,55,1,8,71,0.417,0.0,0.127,0.125
2026-07-04 08:00:00,8,5,1,21,6,9,198,200,2,18,30,23,8,12,2,8,13,55,1,8,72,0.667,0.25,0.236,0.125
2026-07-04 09:00:00,9,5,1,13,4,4,198,200,2,18,30,16,7,12,2,8,7,55,3,8,75,0.583,0.25,0.127,0.375
2026-07-04 10:00:00,10,5,1,15,4,4,198,200,2,16,30,17,5,12,4,8,10,55,2,8,71,0.417,0.5,0.182,0.25
2026-07-04 11:00:00,11,5,1,20,5,10,198,200,2,19,30,20,9,12,1,8,15,55,2,8,72,0.75,0.125,0.273,0.25
2026-07-04 12:00:00,12,5,1,24,6,8,198,200,2,18,30,24,8,12,2,8,14,55,2,8,78,0.667,0.25,0.255,0.25
2026-07-04 13:00:00,13,5,1,27,7,7,198,200,2,13,30,29,9,12,3,8,21,55,3,8,72,0.75,0.375,0.382,0.375
2026-07-04 14:00:00,14,5,1,15,4,10,198,200,2,15,30,19,10,12,1,8,13,55,3,8,77,0.833,0.125,0.236,0.375
2026-07-04 15:00:00,15,5,1,24,7,6,198,200,2,16,30,17,4,12,3,8,10,55,0,8,78,0.333,0.375,0.182,0.0
2026-07-04 16:00:00,16,5,1,14,4,11,198,200,2,14,30,23,7,12,0,8,17,55,4,8,72,0.583,0.0,0.309,0.5
2026-07-04 17:00:00,17,5,1,21,6,7,198,200,2,16,30,19,6,12,1,8,13,55,4,8,71,0.5,0.125,0.236,0.5
2026-07-04 18:00:00,18,5,1,18,5,10,198,200,2,14,30,15,9,12,2,8,7,55,1,8,73,0.75,0.25,0.127,0.125
2026-07-04 19:00:00,19,5,1,22,7,12,198,200,2,15,30,20,10,12,2,8,16,55,1,8,45,0.833,0.25,0.291,0.125
2026-07-04 20:00:00,20,5,1,28,9,18,198,200,2,16,30,28,12,12,2,8,18,55,2,8,48,1.0,0.25,0.327,0.25
2026-07-04 21:00:00,21,5,1,17,6,13,198,200,2,15,30,21,7,12,3,8,13,55,1,8,47,0.583,0.375,0.236,0.125
2026-07-04 22:00:00,22,5,1,21,7,9,198,200,2,18,30,16,10,12,3,8,8,55,2,8,49,0.833,0.375,0.145,0.25
2026-07-04 23:00:00,23,5,1,10,3,12,198,200,2,14,30,7,3,12,1,8,7,55,0,8,52,0.25,0.125,0.127,0.0
2026-07-05 00:00:00,0,6,1,14,5,6,198,200,2,15,30,7,4,12,0,8,5,55,1,8,50,0.333,0.0,0.091,0.125
2026-07-05 01:00:00,1,6,1,10,3,12,198,200,2,14,30,14,5,12,2,8,10,55,3,8,49,0.417,0.25,0.182,0.375
2026-07-05 02:00:00,2,6,1,17,6,10,198,200,2,18,30,17,6,12,1,8,10,55,1,8,42,0.5,0.125,0.182,0.125
2026-07-05 03:00:00,3,6,1,16,5,18,198,200,2,16,30,23,7,12,3,8,16,55,3,8,49,0.583,0.375,0.291,0.375
2026-07-05 04:00:00,4,6,1,14,4,15,198,200,2,14,30,16,5,12,3,8,12,55,2,8,53,0.417,0.375,0.218,0.25
2026-07-05 05:00:00,5,6,1,14,4,7,198,200,2,15,30,15,6,12,0,8,8,55,0,8,39,0.5,0.0,0.145,0.0
2026-07-05 06:00:00,6,6,1,15,4,12,198,200,2,15,30,20,7,12,2,8,10,55,3,8,50,0.583,0.25,0.182,0.375
2026-07-05 07:00:00,7,6,1,14,4,1,198,200,2,15,30,14,5,12,0,8,10,55,2,8,74,0.417,0.0,0.182,0.25
2026-07-05 08:00:00,8,6,1,19,5,8,198,200,2,17,30,15,8,12,4,8,6,55,2,8,71,0.667,0.5,0.109,0.25
2026-07-05 09:00:00,9,6,1,11,3,6,198,200,2,15,30,14,0,12,1,8,9,55,2,8,76,0.0,0.125,0.164,0.25
2026-07-05 10:00:00,10,6,1,13,3,11,198,200,2,21,30,12,5,12,2,8,7,55,3,8,79,0.417,0.25,0.127,0.375
2026-07-05 11:00:00,11,6,1,19,5,11,198,200,2,17,30,25,9,12,2,8,18,55,3,8,76,0.75,0.25,0.327,0.375
2026-07-05 12:00:00,12,6,1,22,6,7,198,200,2,19,30,25,10,12,2,8,15,55,4,8,73,0.833,0.25,0.273,0.5
2026-07-05 13:00:00,13,6,1,18,5,7,198,200,2,13,30,24,8,12,1,8,17,55,3,8,71,0.667,0.125,0.309,0.375
2026-07-05 14:00:00,14,6,1,22,6,7,198,200,2,14,30,19,7,12,3,8,11,55,1,8,74,0.583,0.375,0.2,0.125
2026-07-05 15:00:00,15,6,1,22,6,5,198,200,2,14,30,23,9,12,3,8,16,55,2,8,77,0.75,0.375,0.291,0.25
2026-07-05 16:00:00,16,6,1,22,6,11,198,200,2,18,30,30,12,12,5,8,23,55,6,8,73,1.0,0.625,0.418,0.75
2026-07-05 17:00:00,17,6,1,16,5,4,198,200,2,18,30,19,6,12,2,8,10,55,3,8,73,0.5,0.25,0.182,0.375
2026-07-05 18:00:00,18,6,1,21,6,6,198,200,2,21,30,25,9,12,3,8,16,55,5,8,82,0.75,0.375,0.291,0.625
2026-07-05 19:00:00,19,6,1,15,5,8,198,200,2,18,30,21,10,12,2,8,19,55,4,8,51,0.833,0.25,0.345,0.5
2026-07-05 20:00:00,20,6,1,22,7,13,198,200,2,17,30,21,4,12,2,8,13,55,3,8,51,0.333,0.25,0.236,0.375
2026-07-05 21:00:00,21,6,1,20,7,14,198,200,2,16,30,18,6,12,1,8,11,55,3,8,44,0.5,0.125,0.2,0.375
2026-07-05 22:00:00,22,6,1,17,6,9,198,200,2,19,30,22,10,12,2,8,15,55,2,8,46,0.833,0.25,0.273,0.25
2026-07-05 23:00:00,23,6,1,9,3,8,198,200,2,19,30,10,5,12,0,8,6,55,0,8,48,0.417,0.0,0.109,0.0
2026-07-06 00:00:00,0,0,0,15,5,12,198,200,2,18,30,20,8,12,2,8,9,55,4,8,45,0.667,0.25,0.164,0.5
2026-07-06 01:00:00,1,0,0,16,5,9,198,200,2,21,30,29,9,12,3,8,20,55,6,8,53,0.75,0.375,0.364,0.75
2026-07-06 02:00:00,2,0,0,29,10,12,198,200,2,19,30,31,10,12,3,8,15,55,4,8,52,0.833,0.375,0.273,0.5
2026-07-06 03:00:00,3,0,0,14,5,7,198,200,2,20,30,24,7,12,4,8,14,55,5,8,46,0.583,0.5,0.255,0.625
2026-07-06 04:00:00,4,0,0,13,4,12,198,200,2,16,30,20,9,12,2,8,15,55,5,8,53,0.75,0.25,0.273,0.625
2026-07-06 05:00:00,5,0,0,19,6,12,198,200,2,16,30,18,6,12,3,8,10,55,3,8,48,0.5,0.375,0.182,0.375
2026-07-06 06:00:00,6,0,0,20,6,11,198,200,2,19,30,29,10,12,5,8,17,55,4,8,56,0.833,0.625,0.309,0.5
2026-07-06 07:00:00,7,0,0,22,6,1,198,200,2,20,30,28,8,12,4,8,19,55,4,8,74,0.667,0.5,0.345,0.5
2026-07-06 08:00:00,8,0,0,25,7,8,198,200,2,16,30,28,11,12,4,8,16,55,4,8,76,0.917,0.5,0.291,0.5
2026-07-06 09:00:00,9,0,0,23,6,9,198,200,2,14,30,29,9,12,3,8,16,55,4,8,78,0.75,0.375,0.291,0.5
2026-07-06 10:00:00,10,0,0,14,4,14,198,200,2,17,30,17,6,12,2,8,11,55,4,8,78,0.5,0.25,0.2,0.5
2026-07-06 11:00:00,11,0,0,19,5,11,198,200,2,22,30,31,8,12,2,8,19,55,7,8,76,0.667,0.25,0.345,0.875
2026-07-06 12:00:00,12,0,0,19,5,6,198,200,2,15,30,17,4,12,2,8,8,55,5,8,74,0.333,0.25,0.145,0.625
2026-07-06 13:00:00,13,0,0,26,7,10,198,200,2,17,30,29,10,12,3,8,19,55,6,8,76,0.833,0.375,0.345,0.75
2026-07-06 14:00:00,14,0,0,25,7,12,198,200,2,19,30,33,9,12,3,8,21,55,5,8,72,0.75,0.375,0.382,0.625
2026-07-06 15:00:00,15,0,0,29,8,11,198,200,2,20,30,36,15,12,5,8,22,55,7,8,74,1.25,0.625,0.4,0.875
2026-07-06 16:00:00,16,0,0,14,4,10,198,200,2,21,30,24,5,12,1,8,14,55,7,8,71,0.417,0.125,0.255,0.875
2026-07-06 17:00:00,17,0,0,26,8,12,198,200,2,18,30,30,9,12,5,8,20,55,7,8,69,0.75,0.625,0.364,0.875
2026-07-06 18:00:00,18,0,0,26,8,10,198,200,2,19,30,38,13,12,5,8,26,55,6,8,74,1.083,0.625,0.473,0.75
2026-07-06 19:00:00,19,0,0,21,7,10,198,200,2,21,30,30,10,12,3,8,18,55,5,8,52,0.833,0.375,0.327,0.625
2026-07-06 20:00:00,20,0,0,21,7,9,198,200,2,16,30,24,7,12,2,8,16,55,4,8,51,0.583,0.25,0.291,0.5
2026-07-06 21:00:00,21,0,0,24,8,16,198,200,2,24,30,31,9,12,4,8,20,55,7,8,48,0.75,0.5,0.364,0.875
2026-07-06 22:00:00,22,0,0,17,6,13,198,200,2,16,30,24,7,12,4,8,17,55,4,8,53,0.583,0.5,0.309,0.5
2026-07-06 23:00:00,23,0,0,14,5,15,198,200,2,20,30,26,8,12,3,8,16,55,5,8,46,0.667,0.375,0.291,0.625
2026-07-07 00:00:00,0,1,0,19,6,8,198,200,2,19,30,29,13,12,3,8,16,55,6,8,42,1.083,0.375,0.291,0.75
2026-07-07 01:00:00,1,1,0,21,7,16,198,200,2,16,30,31,11,12,3,8,18,55,4,8,41,0.917,0.375,0.327,0.5
2026-07-07 02:00:00,2,1,0,16,5,19,198,200,2,18,30,19,8,12,4,8,12,55,5,8,44,0.667,0.5,0.218,0.625
2026-07-07 03:00:00,3,1,0,16,5,13,198,200,2,20,30,20,8,12,2,8,16,55,5,8,50,0.667,0.25,0.291,0.625
2026-07-07 04:00:00,4,1,0,12,4,14,198,200,2,19,30,17,7,12,2,8,10,55,6,8,46,0.583,0.25,0.182,0.75
2026-07-07 05:00:00,5,1,0,10,3,12,198,200,2,20,30,17,1,12,3,8,12,55,4,8,49,0.083,0.375,0.218,0.5
2026-07-07 06:00:00,6,1,0,17,5,7,198,200,2,20,30,20,6,12,2,8,12,55,3,8,53,0.5,0.25,0.218,0.375
2026-07-07 07:00:00,7,1,0,27,8,8,198,200,2,16,30,29,12,12,4,8,18,55,4,8,71,1.0,0.5,0.327,0.5
2026-07-07 08:00:00,8,1,0,22,6,11,198,200,2,16,30,30,9,12,2,8,22,55,5,8,75,0.75,0.25,0.4,0.625
2026-07-07 09:00:00,9,1,0,22,6,9,198,200,2,16,30,31,13,12,3,8,21,55,5,8,76,1.083,0.375,0.382,0.625
2026-07-07 10:00:00,10,1,0,17,5,8,198,200,2,17,30,18,9,12,3,8,9,55,5,8,71,0.75,0.375,0.164,0.625
2026-07-07 11:00:00,11,1,0,21,5,10,198,200,2,19,30,21,6,12,1,8,12,55,3,8,78,0.5,0.125,0.218,0.375
2026-07-07 12:00:00,12,1,0,16,4,7,198,200,2,20,30,26,8,12,2,8,19,55,6,8,73,0.667,0.25,0.345,0.75
2026-07-07 13:00:00,13,1,0,37,10,7,198,200,2,21,30,44,13,12,5,8,28,55,8,8,73,1.083,0.625,0.509,1.0
2026-07-07 14:00:00,14,1,0,22,6,10,198,200,2,19,30,27,8,12,2,8,14,55,6,8,80,0.667,0.25,0.255,0.75
2026-07-07 15:00:00,15,1,0,24,7,14,198,200,2,22,30,34,10,12,3,8,19,55,6,8,76,0.833,0.375,0.345,0.75
2026-07-07 16:00:00,16,1,0,18,5,11,198,200,2,23,30,22,8,12,2,8,15,55,6,8,77,0.667,0.25,0.273,0.75
2026-07-07 17:00:00,17,1,0,17,5,10,198,200,2,20,30,24,6,12,2,8,17,55,6,8,78,0.5,0.25,0.309,0.75
2026-07-07 18:00:00,18,1,0,14,4,13,198,200,2,14,30,23,9,12,4,8,14,55,6,8,72,0.75,0.5,0.255,0.75
2026-07-07 19:00:00,19,1,0,24,7,12,198,200,2,20,30,29,11,12,4,8,23,55,6,8,52,0.917,0.5,0.418,0.75
2026-07-07 20:00:00,20,1,0,19,6,8,198,200,2,21,30,27,7,12,2,8,18,55,5,8,46,0.583,0.25,0.327,0.625
2026-07-07 21:00:00,21,1,0,26,9,18,198,200,2,19,30,27,12,12,3,8,16,55,4,8,46,1.0,0.375,0.291,0.5
2026-07-07 22:00:00,22,1,0,10,3,18,198,200,2,20,30,21,8,12,3,8,11,55,5,8,47,0.667,0.375,0.2,0.625
2026-07-07 23:00:00,23,1,0,10,3,11,198,200,2,19,30,17,7,12,3,8,9,55,5,8,46,0.583,0.375,0.164,0.625
2026-07-08 00:00:00,0,2,0,16,5,9,198,200,2,15,30,22,6,12,3,8,14,55,4,8,50,0.5,0.375,0.255,0.5
2026-07-08 01:00:00,1,2,0,15,5,10,198,200,2,17,30,23,9,12,3,8,13,55,5,8,49,0.75,0.375,0.236,0.625
2026-07-08 02:00:00,2,2,0,12,4,9,198,200,2,18,30,17,8,12,2,8,14,55,5,8,47,0.667,0.25,0.255,0.625
2026-07-08 03:00:00,3,2,0,14,5,15,198,200,2,21,30,14,5,12,2,8,12,55,5,8,50,0.417,0.25,0.218,0.625
2026-07-08 04:00:00,4,2,0,22,7,14,198,200,2,18,30,30,13,12,2,8,20,55,6,8,47,1.083,0.25,0.364,0.75
2026-07-08 05:00:00,5,2,0,17,5,15,198,200,2,19,30,21,7,12,2,8,11,55,4,8,47,0.583,0.25,0.2,0.5
2026-07-08 06:00:00,6,2,0,21,6,3,198,200,2,18,30,25,10,12,4,8,14,55,3,8,48,0.833,0.5,0.255,0.375
2026-07-08 07:00:00,7,2,0,20,6,5,198,200,2,21,30,23,8,12,2,8,17,55,4,8,75,0.667,0.25,0.309,0.5
2026-07-08 08:00:00,8,2,0,15,4,9,198,200,2,18,30,20,8,12,2,8,11,55,5,8,75,0.667,0.25,0.2,0.625
2026-07-08 09:00:00,9,2,0,21,6,12,198,200,2,14,30,29,7,12,3,8,20,55,3,8,73,0.583,0.375,0.364,0.375
2026-07-08 10:00:00,10,2,0,14,4,4,198,200,2,21,30,19,7,12,0,8,13,55,7,8,77,0.583,0.0,0.236,0.875
2026-07-08 11:00:00,11,2,0,21,5,10,198,200,2,24,30,30,9,12,3,8,19,55,6,8,73,0.75,0.375,0.345,0.75
2026-07-08 12:00:00,12,2,0,16,4,12,198,200,2,21,30,22,6,12,3,8,12,55,6,8,72,0.5,0.375,0.218,0.75
2026-07-08 13:00:00,13,2,0,26,7,11,198,200,2,19,30,33,14,12,3,8,20,55,7,8,70,1.167,0.375,0.364,0.875
2026-07-08 14:00:00,14,2,0,14,4,11,198,200,2,16,30,19,6,12,1,8,12,55,5,8,77,0.5,0.125,0.218,0.625
2026-07-08 15:00:00,15,2,0,32,9,9,198,200,2,18,30,35,11,12,3,8,24,55,6,8,74,0.917,0.375,0.436,0.75
2026-07-08 16:00:00,16,2,0,25,7,10,198,200,2,24,30,33,11,12,4,8,19,55,6,8,75,0.917,0.5,0.345,0.75
2026-07-08 17:00:00,17,2,0,23,7,13,198,200,2,18,30,32,9,12,5,8,19,55,5,8,77,0.75,0.625,0.345,0.625
2026-07-08 18:00:00,18,2,0,22,7,10,198,200,2,18,30,29,12,12,4,8,18,55,5,8,73,1.0,0.5,0.327,0.625
2026-07-08 19:00:00,19,2,0,23,7,12,198,200,2,20,30,32,10,12,2,8,21,55,7,8,44,0.833,0.25,0.382,0.875
2026-07-08 20:00:00,20,2,0,26,8,8,198,200,2,18,30,28,11,12,4,8,16,55,5,8,48,0.917,0.5,0.291,0.625
2026-07-08 21:00:00,21,2,0,18,6,11,198,200,2,23,30,27,11,12,2,8,14,55,6,8,49,0.917,0.25,0.255,0.75
2026-07-08 22:00:00,22,2,0,14,5,9,198,200,2,15,30,23,7,12,2,8,16,55,3,8,47,0.583,0.25,0.291,0.375
2026-07-08 23:00:00,23,2,0,17,6,18,198,200,2,22,30,24,9,12,2,8,12,55,6,8,52,0.75,0.25,0.218,0.75
2026-07-09 00:00:00,0,3,0,10,3,12,198,200,2,19,30,18,4,12,3,8,14,55,6,8,41,0.333,0.375,0.255,0.75
2026-07-09 01:00:00,1,3,0,13,4,12,198,200,2,20,30,16,9,12,3,8,10,55,4,8,51,0.75,0.375,0.182,0.5
2026-07-09 02:00:00,2,3,0,17,6,11,198,200,2,21,30,20,8,12,2,8,9,55,4,8,50,0.667,0.25,0.164,0.5
2026-07-09 03:00:00,3,3,0,17,6,10,198,200,2,19,30,15,5,12,1,8,8,55,5,8,49,0.417,0.125,0.145,0.625
2026-07-09 04:00:00,4,3,0,13,4,13,198,200,2,19,30,24,7,12,3,8,16,55,7,8,38,0.583,0.375,0.291,0.875
2026-07-09 05:00:00,5,3,0,16,5,8,198,200,2,17,30,16,6,12,2,8,9,55,3,8,52,0.5,0.25,0.164,0.375
2026-07-09 06:00:00,6,3,0,24,7,7,198,200,2,19,30,24,8,12,4,8,15,55,5,8,45,0.667,0.5,0.273,0.625
2026-07-09 07:00:00,7,3,0,15,4,8,198,200,2,14,30,22,10,12,1,8,15,55,4,8,72,0.833,0.125,0.273,0.5
2026-07-09 08:00:00,8,3,0,17,5,2,198,200,2,22,30,20,5,12,2,8,12,55,5,8,73,0.417,0.25,0.218,0.625
2026-07-09 09:00:00,9,3,0,23,6,11,198,200,2,19,30,27,9,12,2,8,15,55,5,8,75,0.75,0.25,0.273,0.625
2026-07-09 10:00:00,10,3,0,19,5,12,198,200,2,16,30,29,10,12,3,8,17,55,5,8,76,0.833,0.375,0.309,0.625
2026-07-09 11:00:00,11,3,0,21,5,8,198,200,2,14,30,22,7,12,2,8,16,55,5,8,77,0.583,0.25,0.291,0.625
2026-07-09 12:00:00,12,3,0,29,8,8,198,200,2,14,30,27,9,12,3,8,20,55,4,8,76,0.75,0.375,0.364,0.5
2026-07-09 13:00:00,13,3,0,17,4,10,198,200,2,22,30,27,9,12,2,8,13,55,7,8,75,0.75,0.25,0.236,0.875
2026-07-09 14:00:00,14,3,0,25,7,16,198,200,2,17,30,31,12,12,2,8,21,55,4,8,75,1.0,0.25,0.382,0.5
2026-07-09 15:00:00,15,3,0,20,5,7,198,200,2,18,30,22,8,12,0,8,14,55,6,8,71,0.667,0.0,0.255,0.75
2026-07-09 16:00:00,16,3,0,21,6,12,198,200,2,20,30,28,10,12,3,8,19,55,5,8,72,0.833,0.375,0.345,0.625
2026-07-09 17:00:00,17,3,0,24,7,12,198,200,2,17,30,29,5,12,2,8,17,55,4,8,77,0.417,0.25,0.309,0.5
2026-07-09 18:00:00,18,3,0,19,6,8,198,200,2,21,30,20,8,12,1,8,9,55,6,8,77,0.667,0.125,0.164,0.75
2026-07-09 19:00:00,19,3,0,22,7,13,198,200,2,18,30,28,7,12,4,8,19,55,4,8,50,0.583,0.5,0.345,0.5
2026-07-09 20:00:00,20,3,0,19,6,19,198,200,2,19,30,27,10,12,2,8,15,55,5,8,46,0.833,0.25,0.273,0.625
2026-07-09 21:00:00,21,3,0,16,5,15,198,200,2,15,30,19,9,12,3,8,9,55,4,8,51,0.75,0.375,0.164,0.5
2026-07-09 22:00:00,22,3,0,12,4,11,198,200,2,17,30,22,6,12,4,8,11,55,5,8,45,0.5,0.5,0.2,0.625
2026-07-09 23:00:00,23,3,0,19,6,12,198,200,2,19,30,26,8,12,1,8,17,55,4,8,51,0.667,0.125,0.309,0.5
2026-07-10 00:00:00,0,4,0,13,4,11,198,200,2,16,30,18,5,12,2,8,11,55,4,8,47,0.417,0.25,0.2,0.5
2026-07-10 01:00:00,1,4,0,13,4,15,198,200,2,21,30,18,8,12,1,8,13,55,5,8,53,0.667,0.125,0.236,0.625
2026-07-10 02:00:00,2,4,0,16,5,8,198,200,2,22,30,17,6,12,0,8,12,55,4,8,43,0.5,0.0,0.218,0.5
2026-07-10 03:00:00,3,4,0,25,8,10,198,200,2,19,30,28,12,12,1,8,17,55,4,8,53,1.0,0.125,0.309,0.5
2026-07-10 04:00:00,4,4,0,14,4,9,198,200,2,20,30,19,7,12,3,8,12,55,3,8,47,0.583,0.375,0.218,0.375
2026-07-10 05:00:00,5,4,0,17,5,9,198,200,2,20,30,22,8,12,4,8,13,55,5,8,47,0.667,0.5,0.236,0.625
2026-07-10 06:00:00,6,4,0,18,5,5,198,200,2,18,30,19,7,12,3,8,11,55,6,8,49,0.583,0.375,0.2,0.75
2026-07-10 07:00:00,7,4,0,17,5,12,198,200,2,21,30,30,11,12,3,8,17,55,7,8,72,0.917,0.375,0.309,0.875
2026-07-10 08:00:00,8,4,0,15,4,9,198,200,2,23,30,22,5,12,2,8,14,55,5,8,74,0.417,0.25,0.255,0.625
2026-07-10 09:00:00,9,4,0,11,3,8,198,200,2,18,30,18,6,12,3,8,13,55,6,8,72,0.5,0.375,0.236,0.75
2026-07-10 10:00:00,10,4,0,21,6,12,198,200,2,15,30,26,9,12,5,8,14,55,3,8,72,0.75,0.625,0.255,0.375
2026-07-10 11:00:00,11,4,0,23,6,15,198,200,2,18,30,36,13,12,3,8,25,55,7,8,75,1.083,0.375,0.455,0.875
2026-07-10 12:00:00,12,4,0,21,5,5,198,200,2,19,30,20,7,12,0,8,13,55,6,8,71,0.583,0.0,0.236,0.75
2026-07-10 13:00:00,13,4,0,22,6,12,198,200,2,17,30,29,8,12,1,8,18,55,5,8,72,0.667,0.125,0.327,0.625
2026-07-10 14:00:00,14,4,0,24,6,9,198,200,2,24,30,28,9,12,4,8,14,55,7,8,70,0.75,0.5,0.255,0.875
2026-07-10 15:00:00,15,4,0,24,7,11,198,200,2,19,30,30,9,12,3,8,15,55,5,8,72,0.75,0.375,0.273,0.625
2026-07-10 16:00:00,16,4,0,21,6,11,198,200,2,21,30,27,6,12,3,8,17,55,5,8,78,0.5,0.375,0.309,0.625
2026-07-10 17:00:00,17,4,0,21,6,7,198,200,2,19,30,30,11,12,1,8,20,55,6,8,71,0.917,0.125,0.364,0.75
2026-07-10 18:00:00,18,4,0,28,8,9,198,200,2,16,30,29,11,12,2,8,17,55,4,8,72,0.917,0.25,0.309,0.5
2026-07-10 19:00:00,19,4,0,20,6,11,198,200,2,17,30,22,8,12,2,8,17,55,6,8,49,0.667,0.25,0.309,0.75
2026-07-10 20:00:00,20,4,0,13,4,14,198,200,2,16,30,16,7,12,2,8,11,55,4,8,47,0.583,0.25,0.2,0.5
2026-07-10 21:00:00,21,4,0,12,4,12,198,200,2,18,30,18,5,12,1,8,9,55,4,8,55,0.417,0.125,0.164,0.5
2026-07-10 22:00:00,22,4,0,14,5,13,198,200,2,19,30,22,5,12,1,8,14,55,4,8,48,0.417,0.125,0.255,0.5
2026-07-10 23:00:00,23,4,0,24,8,15,198,200,2,20,30,25,9,12,2,8,20,55,5,8,49,0.75,0.25,0.364,0.625
2026-07-11 00:00:00,0,5,1,14,5,13,198,200,2,12,30,17,5,12,3,8,8,55,1,8,51,0.417,0.375,0.145,0.125
2026-07-11 01:00:00,1,5,1,15,5,12,198,200,2,15,30,13,4,12,2,8,9,55,1,8,51,0.333,0.25,0.164,0.125
2026-07-11 02:00:00,2,5,1,11,4,15,198,200,2,13,30,12,4,12,2,8,7,55,1,8,49,0.333,0.25,0.127,0.125
2026-07-11 03:00:00,3,5,1,17,6,10,198,200,2,17,30,16,5,12,1,8,11,55,2,8,48,0.417,0.125,0.2,0.25
2026-07-11 04:00:00,4,5,1,14,4,9,198,200,2,16,30,14,2,12,0,8,11,55,1,8,54,0.167,0.0,0.2,0.125
2026-07-11 05:00:00,5,5,1,15,5,8,198,200,2,13,30,17,5,12,1,8,10,55,1,8,48,0.417,0.125,0.182,0.125
2026-07-11 06:00:00,6,5,1,19,6,7,198,200,2,20,30,19,5,12,1,8,14,55,4,8,47,0.417,0.125,0.255,0.5
2026-07-11 07:00:00,7,5,1,12,3,15,198,200,2,20,30,10,4,12,1,8,11,55,1,8,72,0.333,0.125,0.2,0.125
2026-07-11 08:00:00,8,5,1,22,6,7,198,200,2,18,30,23,7,12,6,8,14,55,2,8,69,0.583,0.75,0.255,0.25
2026-07-11 09:00:00,9,5,1,17,5,7,198,200,2,16,30,25,10,12,3,8,17,55,2,8,76,0.833,0.375,0.309,0.25
2026-07-11 10:00:00,10,5,1,21,6,5,198,200,2,16,30,19,9,12,5,8,11,55,2,8,67,0.75,0.625,0.2,0.25
2026-07-11 11:00:00,11,5,1,22,6,7,198,200,2,17,30,30,11,12,4,8,19,55,3,8,74,0.917,0.5,0.345,0.375
2026-07-11 12:00:00,12,5,1,17,4,7,198,200,2,15,30,26,6,12,2,8,16,55,3,8,73,0.5,0.25,0.291,0.375
2026-07-11 13:00:00,13,5,1,25,7,11,198,200,2,17,30,24,11,12,3,8,16,55,2,8,81,0.917,0.375,0.291,0.25
2026-07-11 14:00:00,14,5,1,17,5,9,198,200,2,13,30,15,8,12,3,8,12,55,1,8,69,0.667,0.375,0.218,0.125
2026-07-11 15:00:00,15,5,1,23,6,7,198,200,2,14,30,24,8,12,4,8,15,55,4,8,71,0.667,0.5,0.273,0.5
2026-07-11 16:00:00,16,5,1,23,6,11,198,200,2,17,30,23,10,12,2,8,17,55,2,8,74,0.833,0.25,0.309,0.25
2026-07-11 17:00:00,17,5,1,21,6,9,198,200,2,18,30,20,6,12,2,8,15,55,4,8,73,0.5,0.25,0.273,0.5
2026-07-11 18:00:00,18,5,1,24,7,9,198,200,2,14,30,20,4,12,1,8,14,55,0,8,72,0.333,0.125,0.255,0.0
2026-07-11 19:00:00,19,5,1,11,3,12,198,200,2,14,30,19,5,12,3,8,11,55,3,8,48,0.417,0.375,0.2,0.375
2026-07-11 20:00:00,20,5,1,10,3,9,198,200,2,18,30,13,7,12,3,8,7,55,4,8,44,0.583,0.375,0.127,0.5
2026-07-11 21:00:00,21,5,1,15,5,15,198,200,2,14,30,15,3,12,2,8,8,55,2,8,49,0.25,0.25,0.145,0.25
2026-07-11 22:00:00,22,5,1,13,4,10,198,200,2,16,30,9,3,12,0,8,7,55,2,8,41,0.25,0.0,0.127,0.25
2026-07-11 23:00:00,23,5,1,15,5,10,198,200,2,20,30,17,6,12,2,8,8,55,2,8,48,0.5,0.25,0.145,0.25
2026-07-12 00:00:00,0,6,1,7,2,15,198,200,2,16,30,8,2,12,1,8,6,55,1,8,46,0.167,0.125,0.109,0.125
2026-07-12 01:00:00,1,6,1,17,6,12,198,200,2,14,30,18,6,12,2,8,9,55,2,8,51,0.5,0.25,0.164,0.25
2026-07-12 02:00:00,2,6,1,5,2,14,198,200,2,13,30,7,3,12,1,8,6,55,2,8,53,0.25,0.125,0.109,0.25
2026-07-12 03:00:00,3,6,1,12,4,6,198,200,2,16,30,11,3,12,1,8,7,55,1,8,47,0.25,0.125,0.127,0.125
2026-07-12 04:00:00,4,6,1,11,4,4,198,200,2,14,30,16,3,12,3,8,13,55,3,8,52,0.25,0.375,0.236,0.375
2026-07-12 05:00:00,5,6,1,13,4,9,198,200,2,12,30,14,5,12,2,8,11,55,2,8,47,0.417,0.25,0.2,0.25
2026-07-12 06:00:00,6,6,1,13,4,8,198,200,2,17,30,15,7,12,1,8,12,55,2,8,45,0.583,0.125,0.218,0.25
2026-07-12 07:00:00,7,6,1,12,3,5,198,200,2,17,30,16,7,12,1,8,13,55,3,8,79,0.583,0.125,0.236,0.375
2026-07-12 08:00:00,8,6,1,15,4,3,198,200,2,17,30,20,6,12,2,8,13,55,2,8,76,0.5,0.25,0.236,0.25
2026-07-12 09:00:00,9,6,1,18,5,9,198,200,2,16,30,19,5,12,3,8,9,55,1,8,74,0.417,0.375,0.164,0.125
2026-07-12 10:00:00,10,6,1,19,5,3,198,200,2,16,30,20,6,12,2,8,10,55,2,8,76,0.5,0.25,0.182,0.25
2026-07-12 11:00:00,11,6,1,11,3,9,198,200,2,15,30,17,8,12,1,8,6,55,2,8,75,0.667,0.125,0.109,0.25
2026-07-12 12:00:00,12,6,1,16,4,5,198,200,2,16,30,17,7,12,2,8,8,55,1,8,74,0.583,0.25,0.145,0.125
2026-07-12 13:00:00,13,6,1,21,5,6,198,200,2,19,30,25,9,12,2,8,16,55,2,8,70,0.75,0.25,0.291,0.25
2026-07-12 14:00:00,14,6,1,17,5,6,198,200,2,15,30,20,8,12,3,8,11,55,2,8,73,0.667,0.375,0.2,0.25
2026-07-12 15:00:00,15,6,1,17,5,5,198,200,2,17,30,17,7,12,2,8,10,55,5,8,76,0.583,0.25,0.182,0.625
2026-07-12 16:00:00,16,6,1,21,6,8,198,200,2,12,30,22,8,12,2,8,15,55,0,8,74,0.667,0.25,0.273,0.0
2026-07-12 17:00:00,17,6,1,22,6,11,198,200,2,15,30,23,9,12,3,8,14,55,2,8,77,0.75,0.375,0.255,0.25
2026-07-12 18:00:00,18,6,1,8,2,8,198,200,2,18,30,13,3,12,3,8,6,55,4,8,75,0.25,0.375,0.109,0.5
2026-07-12 19:00:00,19,6,1,20,6,7,198,200,2,13,30,23,6,12,2,8,14,55,3,8,45,0.5,0.25,0.255,0.375
2026-07-12 20:00:00,20,6,1,21,7,5,198,200,2,18,30,22,9,12,3,8,12,55,3,8,44,0.75,0.375,0.218,0.375
2026-07-12 21:00:00,21,6,1,13,4,10,198,200,2,17,30,15,7,12,1,8,9,55,2,8,48,0.583,0.125,0.164,0.25
2026-07-12 22:00:00,22,6,1,13,4,9,198,200,2,12,30,11,2,12,2,8,10,55,1,8,46,0.167,0.25,0.182,0.125
2026-07-12 23:00:00,23,6,1,13,4,13,198,200,2,13,30,15,6,12,1,8,9,55,0,8,49,0.5,0.125,0.164,0.0
2026-07-13 00:00:00,0,0,0,20,7,11,198,200,2,19,30,25,11,12,3,8,19,55,5,8,46,0.917,0.375,0.345,0.625
2026-07-13 01:00:00,1,0,0,14,5,8,198,200,2,18,30,18,6,12,3,8,14,55,4,8,46,0.5,0.375,0.255,0.5
2026-07-13 02:00:00,2,0,0,15,5,0,198,200,2,18,30,15,4,12,1,8,8,55,3,8,51,0.333,0.125,0.145,0.375
2026-07-13 03:00:00,3,0,0,16,5,11,198,200,2,18,30,21,7,12,1,8,11,55,4,8,48,0.583,0.125,0.2,0.5
2026-07-13 04:00:00,4,0,0,18,6,13,198,200,2,22,30,26,8,12,1,8,16,55,6,8,46,0.667,0.125,0.291,0.75
2026-07-13 05:00:00,5,0,0,13,4,8,198,200,2,19,30,24,7,12,1,8,17,55,7,8,48,0.583,0.125,0.309,0.875
2026-07-13 06:00:00,6,0,0,20,6,7,198,200,2,17,30,22,8,12,3,8,13,55,5,8,52,0.667,0.375,0.236,0.625
2026-07-13 07:00:00,7,0,0,8,2,9,198,200,2,15,30,9,1,12,0,8,7,55,4,8,75,0.083,0.0,0.127,0.5
2026-07-13 08:00:00,8,0,0,29,8,10,198,200,2,20,30,33,9,12,3,8,23,55,4,8,76,0.75,0.375,0.418,0.5
2026-07-13 09:00:00,9,0,0,18,5,9,198,200,2,19,30,28,9,12,3,8,16,55,5,8,72,0.75,0.375,0.291,0.625
2026-07-13 10:00:00,10,0,0,16,4,5,198,200,2,21,30,22,7,12,3,8,12,55,7,8,77,0.583,0.375,0.218,0.875
2026-07-13 11:00:00,11,0,0,19,5,7,198,200,2,20,30,29,10,12,3,8,19,55,5,8,81,0.833,0.375,0.345,0.625
2026-07-13 12:00:00,12,0,0,26,7,6,198,200,2,13,30,28,12,12,3,8,18,55,3,8,72,1.0,0.375,0.327,0.375
2026-07-13 13:00:00,13,0,0,18,5,7,198,200,2,17,30,25,9,12,3,8,14,55,6,8,70,0.75,0.375,0.255,0.75
2026-07-13 14:00:00,14,0,0,22,6,11,198,200,2,18,30,29,11,12,3,8,17,55,7,8,75,0.917,0.375,0.309,0.875
2026-07-13 15:00:00,15,0,0,18,5,5,198,200,2,16,30,18,5,12,2,8,11,55,4,8,77,0.417,0.25,0.2,0.5
2026-07-13 16:00:00,16,0,0,23,6,16,198,200,2,19,30,33,12,12,6,8,17,55,6,8,74,1.0,0.75,0.309,0.75
2026-07-13 17:00:00,17,0,0,15,4,8,198,200,2,21,30,21,6,12,3,8,15,55,6,8,71,0.5,0.375,0.273,0.75
2026-07-13 18:00:00,18,0,0,24,7,8,198,200,2,21,30,27,9,12,5,8,16,55,5,8,74,0.75,0.625,0.291,0.625
2026-07-13 19:00:00,19,0,0,21,7,7,198,200,2,18,30,29,10,12,2,8,12,55,5,8,50,0.833,0.25,0.218,0.625
2026-07-13 20:00:00,20,0,0,21,7,17,198,200,2,19,30,22,9,12,2,8,14,55,6,8,47,0.75,0.25,0.255,0.75
2026-07-13 21:00:00,21,0,0,23,8,9,198,200,2,18,30,23,6,12,1,8,13,55,5,8,50,0.5,0.125,0.236,0.625
2026-07-13 22:00:00,22,0,0,15,5,11,198,200,2,17,30,18,3,12,1,8,15,55,3,8,51,0.25,0.125,0.273,0.375
2026-07-13 23:00:00,23,0,0,10,3,13,198,200,2,17,30,14,4,12,3,8,8,55,3,8,49,0.333,0.375,0.145,0.375
2026-07-14 00:00:00,0,1,0,12,4,10,198,200,2,21,30,22,8,12,2,8,11,55,6,8,48,0.667,0.25,0.2,0.75
2026-07-14 01:00:00,1,1,0,13,4,6,198,200,2,20,30,19,7,12,4,8,13,55,5,8,50,0.583,0.5,0.236,0.625
2026-07-14 02:00:00,2,1,0,9,3,11,198,200,2,13,30,22,9,12,1,8,12,55,4,8,45,0.75,0.125,0.218,0.5
2026-07-14 03:00:00,3,1,0,15,5,11,198,200,2,17,30,19,7,12,1,8,10,55,4,8,45,0.583,0.125,0.182,0.5
2026-07-14 04:00:00,4,1,0,15,5,12,198,200,2,21,30,19,6,12,2,8,13,55,4,8,47,0.5,0.25,0.236,0.5
2026-07-14 05:00:00,5,1,0,26,8,14,198,200,2,16,30,25,5,12,2,8,13,55,3,8,47,0.417,0.25,0.236,0.375
2026-07-14 06:00:00,6,1,0,19,6,13,198,200,2,20,30,23,8,12,3,8,11,55,4,8,46,0.667,0.375,0.2,0.5
2026-07-14 07:00:00,7,1,0,12,3,1,198,200,2,16,30,17,7,12,2,8,14,55,3,8,79,0.583,0.25,0.255,0.375
2026-07-14 08:00:00,8,1,0,12,3,8,198,200,2,18,30,21,6,12,2,8,14,55,4,8,81,0.5,0.25,0.255,0.5
2026-07-14 09:00:00,9,1,0,23,6,6,198,200,2,16,30,24,8,12,2,8,14,55,5,8,73,0.667,0.25,0.255,0.625
2026-07-14 10:00:00,10,1,0,18,5,4,198,200,2,17,30,25,9,12,2,8,15,55,6,8,74,0.75,0.25,0.273,0.75
2026-07-14 11:00:00,11,1,0,26,7,7,198,200,2,20,30,32,9,12,2,8,21,55,5,8,73,0.75,0.25,0.382,0.625
2026-07-14 12:00:00,12,1,0,28,7,6,198,200,2,21,30,36,13,12,3,8,24,55,6,8,77,1.083,0.375,0.436,0.75
2026-07-14 13:00:00,13,1,0,26,7,18,198,200,2,20,30,34,14,12,4,8,20,55,7,8,78,1.167,0.5,0.364,0.875
2026-07-14 14:00:00,14,1,0,20,5,12,198,200,2,18,30,31,10,12,1,8,20,55,7,8,69,0.833,0.125,0.364,0.875
2026-07-14 15:00:00,15,1,0,13,4,7,198,200,2,19,30,19,5,12,4,8,11,55,6,8,75,0.417,0.5,0.2,0.75
2026-07-14 16:00:00,16,1,0,18,5,9,198,200,2,22,30,30,10,12,3,8,18,55,6,8,70,0.833,0.375,0.327,0.75
2026-07-14 17:00:00,17,1,0,24,7,10,198,200,2,22,30,32,8,12,2,8,20,55,5,8,79,0.667,0.25,0.364,0.625
2026-07-14 18:00:00,18,1,0,29,9,7,198,200,2,19,30,31,11,12,4,8,19,55,6,8,75,0.917,0.5,0.345,0.75
2026-07-14 19:00:00,19,1,0,31,10,10,198,200,2,17,30,35,13,12,5,8,23,55,7,8,46,1.083,0.625,0.418,0.875
2026-07-14 20:00:00,20,1,0,16,5,14,198,200,2,21,30,21,10,12,3,8,14,55,6,8,47,0.833,0.375,0.255,0.75
2026-07-14 21:00:00,21,1,0,13,4,15,198,200,2,20,30,25,8,12,3,8,12,55,7,8,47,0.667,0.375,0.218,0.875
2026-07-14 22:00:00,22,1,0,18,6,11,198,200,2,19,30,17,7,12,3,8,8,55,3,8,50,0.583,0.375,0.145,0.375
2026-07-14 23:00:00,23,1,0,16,5,7,198,200,2,18,30,18,5,12,0,8,10,55,3,8,51,0.417,0.0,0.182,0.375
2026-07-15 00:00:00,0,2,0,19,6,7,198,200,2,17,30,26,8,12,2,8,20,55,5,8,45,0.667,0.25,0.364,0.625
2026-07-15 01:00:00,1,2,0,13,4,15,198,200,2,19,30,19,4,12,1,8,10,55,5,8,54,0.333,0.125,0.182,0.625
2026-07-15 02:00:00,2,2,0,12,4,16,198,200,2,22,30,21,7,12,3,8,13,55,6,8,53,0.583,0.375,0.236,0.75
2026-07-15 03:00:00,3,2,0,21,7,19,198,200,2,18,30,21,7,12,2,8,12,55,4,8,45,0.583,0.25,0.218,0.5
2026-07-15 04:00:00,4,2,0,15,5,5,198,200,2,15,30,20,7,12,3,8,11,55,3,8,48,0.583,0.375,0.2,0.375
2026-07-15 05:00:00,5,2,0,18,6,8,198,200,2,15,30,20,6,12,3,8,13,55,4,8,53,0.5,0.375,0.236,0.5
2026-07-15 06:00:00,6,2,0,11,3,8,198,200,2,15,30,13,5,12,0,8,11,55,3,8,52,0.417,0.0,0.2,0.375
2026-07-15 07:00:00,7,2,0,19,6,8,198,200,2,16,30,22,7,12,2,8,15,55,3,8,73,0.583,0.25,0.273,0.375
2026-07-15 08:00:00,8,2,0,18,5,12,198,200,2,21,30,26,8,12,4,8,15,55,6,8,76,0.667,0.5,0.273,0.75
2026-07-15 09:00:00,9,2,0,19,5,7,198,200,2,17,30,26,9,12,2,8,22,55,6,8,83,0.75,0.25,0.4,0.75
2026-07-15 10:00:00,10,2,0,12,3,5,198,200,2,22,30,18,6,12,2,8,11,55,6,8,74,0.5,0.25,0.2,0.75
2026-07-15 11:00:00,11,2,0,25,7,12,198,200,2,15,30,27,11,12,2,8,16,55,4,8,72,0.917,0.25,0.291,0.5
2026-07-15 12:00:00,12,2,0,22,6,5,198,200,2,23,30,27,9,12,2,8,20,55,5,8,75,0.75,0.25,0.364,0.625
2026-07-15 13:00:00,13,2,0,10,3,12,198,200,2,21,30,11,3,12,1,8,6,55,4,8,75,0.25,0.125,0.109,0.5
2026-07-15 14:00:00,14,2,0,21,6,6,198,200,2,21,30,28,9,12,2,8,21,55,7,8,72,0.75,0.25,0.382,0.875
2026-07-15 15:00:00,15,2,0,27,7,13,198,200,2,16,30,33,10,12,2,8,19,55,5,8,75,0.833,0.25,0.345,0.625
2026-07-15 16:00:00,16,2,0,33,9,9,198,200,2,19,30,33,11,12,4,8,23,55,5,8,70,0.917,0.5,0.418,0.625
2026-07-15 17:00:00,17,2,0,21,6,9,198,200,2,19,30,32,14,12,2,8,20,55,6,8,72,1.167,0.25,0.364,0.75
2026-07-15 18:00:00,18,2,0,19,6,5,198,200,2,16,30,28,8,12,2,8,20,55,5,8,76,0.667,0.25,0.364,0.625
2026-07-15 19:00:00,19,2,0,11,3,16,198,200,2,21,30,18,6,12,1,8,15,55,7,8,43,0.5,0.125,0.273,0.875
2026-07-15 20:00:00,20,2,0,21,7,11,198,200,2,16,30,29,9,12,3,8,16,55,4,8,51,0.75,0.375,0.291,0.5
2026-07-15 21:00:00,21,2,0,17,6,7,198,200,2,16,30,21,7,12,3,8,16,55,4,8,42,0.583,0.375,0.291,0.5
2026-07-15 22:00:00,22,2,0,13,4,11,198,200,2,16,30,17,5,12,3,8,8,55,3,8,43,0.417,0.375,0.145,0.375
2026-07-15 23:00:00,23,2,0,17,6,11,198,200,2,18,30,21,8,12,1,8,11,55,5,8,47,0.667,0.125,0.2,0.625
2026-07-16 00:00:00,0,3,0,16,5,17,198,200,2,22,30,23,5,12,4,8,13,55,4,8,49,0.417,0.5,0.236,0.5
2026-07-16 01:00:00,1,3,0,14,5,9,198,200,2,16,30,18,8,12,1,8,12,55,3,8,52,0.667,0.125,0.218,0.375
2026-07-16 02:00:00,2,3,0,21,7,11,198,200,2,20,30,24,9,12,3,8,15,55,5,8,48,0.75,0.375,0.273,0.625
2026-07-16 03:00:00,3,3,0,16,5,4,198,200,2,19,30,19,5,12,1,8,11,55,5,8,47,0.417,0.125,0.2,0.625
2026-07-16 04:00:00,4,3,0,13,4,13,198,200,2,18,30,13,1,12,0,8,8,55,4,8,50,0.083,0.0,0.145,0.5
2026-07-16 05:00:00,5,3,0,18,6,9,198,200,2,20,30,26,7,12,2,8,17,55,6,8,45,0.583,0.25,0.309,0.75
2026-07-16 06:00:00,6,3,0,15,4,7,198,200,2,20,30,23,7,12,2,8,16,55,5,8,48,0.583,0.25,0.291,0.625
2026-07-16 07:00:00,7,3,0,17,5,11,198,200,2,18,30,23,12,12,3,8,16,55,4,8,70,1.0,0.375,0.291,0.5
2026-07-16 08:00:00,8,3,0,12,3,11,198,200,2,18,30,17,6,12,2,8,14,55,4,8,74,0.5,0.25,0.255,0.5
2026-07-16 09:00:00,9,3,0,17,5,8,198,200,2,20,30,21,4,12,1,8,13,55,6,8,74,0.333,0.125,0.236,0.75
2026-07-16 10:00:00,10,3,0,23,6,10,198,200,2,19,30,28,8,12,2,8,16,55,6,8,72,0.667,0.25,0.291,0.75
2026-07-16 11:00:00,11,3,0,19,5,5,198,200,2,18,30,30,10,12,2,8,20,55,6,8,74,0.833,0.25,0.364,0.75
2026-07-16 12:00:00,12,3,0,22,6,6,198,200,2,19,30,26,9,12,2,8,14,55,5,8,74,0.75,0.25,0.255,0.625
2026-07-16 13:00:00,13,3,0,26,7,9,198,200,2,20,30,33,9,12,3,8,19,55,6,8,78,0.75,0.375,0.345,0.75
2026-07-16 14:00:00,14,3,0,22,6,8,198,200,2,20,30,24,8,12,1,8,17,55,5,8,69,0.667,0.125,0.309,0.625
2026-07-16 15:00:00,15,3,0,23,6,9,198,200,2,20,30,31,9,12,3,8,19,55,6,8,74,0.75,0.375,0.345,0.75
2026-07-16 16:00:00,16,3,0,14,4,8,198,200,2,20,30,22,6,12,4,8,11,55,7,8,72,0.5,0.5,0.2,0.875
2026-07-16 17:00:00,17,3,0,16,5,8,198,200,2,18,30,25,9,12,2,8,13,55,5,8,77,0.75,0.25,0.236,0.625
2026-07-16 18:00:00,18,3,0,8,2,13,198,200,2,16,30,16,6,12,1,8,10,55,4,8,76,0.5,0.125,0.182,0.5
2026-07-16 19:00:00,19,3,0,24,7,13,198,200,2,19,30,26,10,12,3,8,18,55,4,8,50,0.833,0.375,0.327,0.5
2026-07-16 20:00:00,20,3,0,27,9,13,198,200,2,19,30,33,12,12,3,8,23,55,6,8,46,1.0,0.375,0.418,0.75
2026-07-16 21:00:00,21,3,0,16,5,14,198,200,2,19,30,20,6,12,3,8,13,55,5,8,51,0.5,0.375,0.236,0.625
2026-07-16 22:00:00,22,3,0,16,5,11,198,200,2,21,30,18,7,12,1,8,15,55,5,8,43,0.583,0.125,0.273,0.625
2026-07-16 23:00:00,23,3,0,13,4,11,198,200,2,16,30,15,6,12,3,8,9,55,4,8,43,0.5,0.375,0.164,0.5
2026-07-17 00:00:00,0,4,0,20,7,6,198,200,2,20,30,26,9,12,3,8,16,55,5,8,44,0.75,0.375,0.291,0.625
2026-07-17 01:00:00,1,4,0,18,6,8,198,200,2,18,30,23,7,12,2,8,9,55,4,8,48,0.583,0.25,0.164,0.5
2026-07-17 02:00:00,2,4,0,14,5,6,198,200,2,23,30,21,6,12,2,8,12,55,5,8,50,0.5,0.25,0.218,0.625
2026-07-17 03:00:00,3,4,0,15,5,13,198,200,2,17,30,19,7,12,1,8,13,55,4,8,39,0.583,0.125,0.236,0.5
2026-07-17 04:00:00,4,4,0,13,4,12,198,200,2,18,30,19,10,12,3,8,15,55,3,8,52,0.833,0.375,0.273,0.375
2026-07-17 05:00:00,5,4,0,11,3,12,198,200,2,18,30,16,6,12,0,8,8,55,4,8,48,0.5,0.0,0.145,0.5
2026-07-17 06:00:00,6,4,0,16,5,9,198,200,2,15,30,23,7,12,2,8,15,55,4,8,43,0.583,0.25,0.273,0.5
2026-07-17 07:00:00,7,4,0,15,4,4,198,200,2,17,30,16,4,12,1,8,12,55,5,8,74,0.333,0.125,0.218,0.625
2026-07-17 08:00:00,8,4,0,21,6,10,198,200,2,20,30,15,5,12,1,8,9,55,5,8,77,0.417,0.125,0.164,0.625
2026-07-17 09:00:00,9,4,0,19,5,10,198,200,2,15,30,19,10,12,2,8,7,55,1,8,76,0.833,0.25,0.127,0.125
2026-07-17 10:00:00,10,4,0,18,5,11,198,200,2,13,30,18,6,12,0,8,12,55,4,8,77,0.5,0.0,0.218,0.5
2026-07-17 11:00:00,11,4,0,14,4,6,198,200,2,18,30,20,8,12,2,8,14,55,5,8,70,0.667,0.25,0.255,0.625
2026-07-17 12:00:00,12,4,0,21,5,9,198,200,2,18,30,29,9,12,3,8,16,55,7,8,73,0.75,0.375,0.291,0.875
2026-07-17 13:00:00,13,4,0,36,9,9,198,200,2,19,30,44,15,12,4,8,27,55,5,8,71,1.25,0.5,0.491,0.625
2026-07-17 14:00:00,14,4,0,18,5,8,198,200,2,23,30,27,10,12,3,8,14,55,6,8,79,0.833,0.375,0.255,0.75
2026-07-17 15:00:00,15,4,0,17,5,8,198,200,2,22,30,27,8,12,4,8,12,55,7,8,76,0.667,0.5,0.218,0.875
2026-07-17 16:00:00,16,4,0,17,5,9,198,200,2,21,30,24,7,12,2,8,17,55,4,8,83,0.583,0.25,0.309,0.5
2026-07-17 17:00:00,17,4,0,19,6,10,198,200,2,18,30,27,12,12,3,8,17,55,6,8,73,1.0,0.375,0.309,0.75
2026-07-17 18:00:00,18,4,0,17,5,10,198,200,2,18,30,22,9,12,0,8,17,55,5,8,72,0.75,0.0,0.309,0.625
2026-07-17 19:00:00,19,4,0,23,7,9,198,200,2,17,30,31,12,12,3,8,21,55,5,8,48,1.0,0.375,0.382,0.625
2026-07-17 20:00:00,20,4,0,16,5,14,198,200,2,16,30,17,7,12,3,8,10,55,4,8,52,0.583,0.375,0.182,0.5
2026-07-17 21:00:00,21,4,0,20,7,18,198,200,2,16,30,25,9,12,2,8,15,55,4,8,47,0.75,0.25,0.273,0.5
2026-07-17 22:00:00,22,4,0,17,6,6,198,200,2,19,30,23,11,12,2,8,15,55,8,8,48,0.917,0.25,0.273,1.0
2026-07-17 23:00:00,23,4,0,8,3,9,198,200,2,21,30,16,5,12,4,8,12,55,5,8,48,0.417,0.5,0.218,0.625
2026-07-18 00:00:00,0,5,1,15,5,10,198,200,2,13,30,18,7,12,4,8,12,55,3,8,48,0.583,0.5,0.218,0.375
2026-07-18 01:00:00,1,5,1,16,5,11,198,200,2,19,30,22,5,12,3,8,16,55,2,8,46,0.417,0.375,0.291,0.25
2026-07-18 02:00:00,2,5,1,21,7,9,198,200,2,17,30,13,4,12,2,8,7,55,0,8,48,0.333,0.25,0.127,0.0
2026-07-18 03:00:00,3,5,1,10,3,13,198,200,2,17,30,10,2,12,0,8,4,55,2,8,47,0.167,0.0,0.073,0.25
2026-07-18 04:00:00,4,5,1,11,4,12,198,200,2,15,30,17,8,12,1,8,10,55,3,8,48,0.667,0.125,0.182,0.375
2026-07-18 05:00:00,5,5,1,17,5,12,198,200,2,12,30,17,2,12,1,8,11,55,1,8,51,0.167,0.125,0.2,0.125
2026-07-18 06:00:00,6,5,1,14,4,9,198,200,2,16,30,18,6,12,2,8,9,55,3,8,53,0.5,0.25,0.164,0.375
2026-07-18 07:00:00,7,5,1,19,6,3,198,200,2,18,30,18,2,12,1,8,8,55,3,8,71,0.167,0.125,0.145,0.375
2026-07-18 08:00:00,8,5,1,18,5,8,198,200,2,18,30,20,6,12,0,8,13,55,4,8,73,0.5,0.0,0.236,0.5
2026-07-18 09:00:00,9,5,1,24,7,12,198,200,2,14,30,28,9,12,3,8,17,55,2,8,72,0.75,0.375,0.309,0.25
2026-07-18 10:00:00,10,5,1,20,6,11,198,200,2,18,30,19,9,12,2,8,11,55,1,8,73,0.75,0.25,0.2,0.125
2026-07-18 11:00:00,11,5,1,19,5,5,198,200,2,20,30,21,8,12,4,8,12,55,2,8,71,0.667,0.5,0.218,0.25
2026-07-18 12:00:00,12,5,1,31,8,5,198,200,2,18,30,33,10,12,3,8,24,55,4,8,73,0.833,0.375,0.436,0.5
2026-07-18 13:00:00,13,5,1,29,8,12,198,200,2,16,30,23,10,12,1,8,17,55,1,8,76,0.833,0.125,0.309,0.125
2026-07-18 14:00:00,14,5,1,36,10,12,198,200,2,13,30,35,12,12,1,8,19,55,1,8,65,1.0,0.125,0.345,0.125
2026-07-18 15:00:00,15,5,1,24,7,11,198,200,2,16,30,27,9,12,2,8,16,55,3,8,74,0.75,0.25,0.291,0.375
2026-07-18 16:00:00,16,5,1,23,7,10,198,200,2,17,30,30,8,12,4,8,20,55,2,8,71,0.667,0.5,0.364,0.25
2026-07-18 17:00:00,17,5,1,30,9,13,198,200,2,18,30,28,9,12,2,8,19,55,3,8,74,0.75,0.25,0.345,0.375
2026-07-18 18:00:00,18,5,1,22,7,6,198,200,2,16,30,26,8,12,5,8,16,55,3,8,70,0.667,0.625,0.291,0.375
2026-07-18 19:00:00,19,5,1,25,8,12,198,200,2,16,30,21,8,12,2,8,11,55,2,8,50,0.667,0.25,0.2,0.25
2026-07-18 20:00:00,20,5,1,11,4,17,198,200,2,14,30,10,4,12,1,8,5,55,0,8,49,0.333,0.125,0.091,0.0
2026-07-18 21:00:00,21,5,1,21,7,17,198,200,2,17,30,28,12,12,1,8,16,55,4,8,48,1.0,0.125,0.291,0.5
2026-07-18 22:00:00,22,5,1,14,5,18,198,200,2,16,30,7,4,12,1,8,5,55,1,8,49,0.333,0.125,0.091,0.125
2026-07-18 23:00:00,23,5,1,20,7,12,198,200,2,12,30,18,3,12,0,8,15,55,1,8,44,0.25,0.0,0.273,0.125
2026-07-19 00:00:00,0,6,1,14,5,12,198,200,2,17,30,15,6,12,2,8,8,55,3,8,44,0.5,0.25,0.145,0.375
2026-07-19 01:00:00,1,6,1,18,6,19,198,200,2,17,30,17,4,12,2,8,8,55,2,8,49,0.333,0.25,0.145,0.25
2026-07-19 02:00:00,2,6,1,23,8,11,198,200,2,15,30,24,7,12,4,8,15,55,2,8,44,0.583,0.5,0.273,0.25
2026-07-19 03:00:00,3,6,1,19,6,18,198,200,2,15,30,23,7,12,1,8,16,55,2,8,51,0.583,0.125,0.291,0.25
2026-07-19 04:00:00,4,6,1,18,6,7,198,200,2,16,30,20,6,12,2,8,10,55,3,8,45,0.5,0.25,0.182,0.375
2026-07-19 05:00:00,5,6,1,16,5,9,198,200,2,15,30,18,4,12,2,8,14,55,2,8,48,0.333,0.25,0.255,0.25
2026-07-19 06:00:00,6,6,1,21,7,7,198,200,2,18,30,25,9,12,3,8,15,55,4,8,53,0.75,0.375,0.273,0.5
2026-07-19 07:00:00,7,6,1,23,7,10,198,200,2,15,30,20,5,12,1,8,11,55,0,8,70,0.417,0.125,0.2,0.0
2026-07-19 08:00:00,8,6,1,18,5,3,198,200,2,13,30,17,7,12,0,8,7,55,3,8,72,0.583,0.0,0.127,0.375
2026-07-19 09:00:00,9,6,1,25,7,13,198,200,2,17,30,26,12,12,3,8,18,55,1,8,75,1.0,0.375,0.327,0.125
2026-07-19 10:00:00,10,6,1,13,4,14,198,200,2,17,30,19,4,12,2,8,11,55,4,8,75,0.333,0.25,0.2,0.5
2026-07-19 11:00:00,11,6,1,34,9,12,198,200,2,21,30,35,12,12,3,8,22,55,3,8,71,1.0,0.375,0.4,0.375
2026-07-19 12:00:00,12,6,1,27,7,10,198,200,2,14,30,24,5,12,3,8,13,55,2,8,71,0.417,0.375,0.236,0.25
2026-07-19 13:00:00,13,6,1,20,5,6,198,200,2,15,30,21,7,12,2,8,12,55,3,8,72,0.583,0.25,0.218,0.375
2026-07-19 14:00:00,14,6,1,29,8,11,198,200,2,17,30,29,11,12,2,8,17,55,3,8,77,0.917,0.25,0.309,0.375
2026-07-19 15:00:00,15,6,1,22,6,14,198,200,2,18,30,19,8,12,0,8,12,55,3,8,71,0.667,0.0,0.218,0.375
2026-07-19 16:00:00,16,6,1,15,4,8,198,200,2,12,30,11,4,12,0,8,5,55,2,8,72,0.333,0.0,0.091,0.25
2026-07-19 17:00:00,17,6,1,17,5,9,198,200,2,15,30,16,7,12,4,8,7,55,2,8,71,0.583,0.5,0.127,0.25
2026-07-19 18:00:00,18,6,1,27,8,7,198,200,2,18,30,28,14,12,4,8,23,55,2,8,74,1.167,0.5,0.418,0.25
2026-07-19 19:00:00,19,6,1,21,7,18,198,200,2,15,30,19,10,12,2,8,9,55,2,8,47,0.833,0.25,0.164,0.25
2026-07-19 20:00:00,20,6,1,20,7,15,198,200,2,20,30,19,6,12,2,8,12,55,3,8,43,0.5,0.25,0.218,0.375
2026-07-19 21:00:00,21,6,1,16,5,12,198,200,2,14,30,11,2,12,1,8,3,55,0,8,43,0.167,0.125,0.055,0.0
2026-07-19 22:00:00,22,6,1,11,4,17,198,200,2,14,30,11,3,12,2,8,3,55,2,8,42,0.25,0.25,0.055,0.25
2026-07-19 23:00:00,23,6,1,14,5,13,198,200,2,17,30,14,4,12,1,8,9,55,2,8,46,0.333,0.125,0.164,0.25
2026-07-20 00:00:00,0,0,0,12,4,11,198,200,2,21,30,23,8,12,3,8,15,55,4,8,50,0.667,0.375,0.273,0.5
2026-07-20 01:00:00,1,0,0,15,5,6,198,200,2,19,30,23,6,12,2,8,17,55,4,8,52,0.5,0.25,0.309,0.5
2026-07-20 02:00:00,2,0,0,15,5,16,198,200,2,20,30,23,8,12,4,8,15,55,4,8,50,0.667,0.5,0.273,0.5
2026-07-20 03:00:00,3,0,0,11,4,13,198,200,2,19,30,15,6,12,2,8,9,55,1,8,50,0.5,0.25,0.164,0.125
2026-07-20 04:00:00,4,0,0,17,5,9,198,200,2,16,30,18,6,12,3,8,9,55,4,8,48,0.5,0.375,0.164,0.5
2026-07-20 05:00:00,5,0,0,13,4,6,198,200,2,19,30,12,3,12,1,8,10,55,3,8,50,0.25,0.125,0.182,0.375
2026-07-20 06:00:00,6,0,0,17,5,5,198,200,2,16,30,20,9,12,3,8,14,55,5,8,49,0.75,0.375,0.255,0.625
2026-07-20 07:00:00,7,0,0,25,7,6,198,200,2,19,30,32,8,12,3,8,17,55,4,8,79,0.667,0.375,0.309,0.5
2026-07-20 08:00:00,8,0,0,13,4,8,198,200,2,18,30,18,6,12,2,8,11,55,5,8,74,0.5,0.25,0.2,0.625
2026-07-20 09:00:00,9,0,0,21,6,7,198,200,2,23,30,26,9,12,4,8,16,55,7,8,78,0.75,0.5,0.291,0.875
2026-07-20 10:00:00,10,0,0,18,5,7,198,200,2,22,30,24,8,12,1,8,14,55,6,8,77,0.667,0.125,0.255,0.75
2026-07-20 11:00:00,11,0,0,21,5,5,198,200,2,21,30,27,9,12,3,8,18,55,6,8,76,0.75,0.375,0.327,0.75
2026-07-20 12:00:00,12,0,0,20,5,12,198,200,2,19,30,26,10,12,3,8,18,55,5,8,68,0.833,0.375,0.327,0.625
2026-07-20 13:00:00,13,0,0,19,5,7,198,200,2,20,30,27,9,12,3,8,16,55,6,8,77,0.75,0.375,0.291,0.75
2026-07-20 14:00:00,14,0,0,16,4,9,198,200,2,19,30,20,6,12,2,8,12,55,5,8,74,0.5,0.25,0.218,0.625
2026-07-20 15:00:00,15,0,0,37,10,14,198,200,2,20,30,44,14,12,6,8,30,55,6,8,73,1.167,0.75,0.545,0.75
2026-07-20 16:00:00,16,0,0,13,4,10,198,200,2,22,30,19,6,12,1,8,14,55,6,8,70,0.5,0.125,0.255,0.75
2026-07-20 17:00:00,17,0,0,27,8,10,198,200,2,22,30,31,12,12,5,8,19,55,5,8,74,1.0,0.625,0.345,0.625
2026-07-20 18:00:00,18,0,0,16,5,13,198,200,2,20,30,28,8,12,4,8,14,55,7,8,74,0.667,0.5,0.255,0.875
2026-07-20 19:00:00,19,0,0,21,7,12,198,200,2,19,30,24,10,12,4,8,16,55,5,8,44,0.833,0.5,0.291,0.625
2026-07-20 20:00:00,20,0,0,18,6,11,198,200,2,20,30,24,8,12,1,8,16,55,6,8,44,0.667,0.125,0.291,0.75
2026-07-20 21:00:00,21,0,0,18,6,15,198,200,2,16,30,27,8,12,2,8,11,55,6,8,49,0.667,0.25,0.2,0.75
2026-07-20 22:00:00,22,0,0,18,6,7,198,200,2,19,30,23,9,12,4,8,15,55,6,8,51,0.75,0.5,0.273,0.75
2026-07-20 23:00:00,23,0,0,18,6,20,198,200,2,20,30,19,6,12,0,8,11,55,3,8,49,0.5,0.0,0.2,0.375
2026-07-21 00:00:00,0,1,0,11,4,5,198,200,2,17,30,20,8,12,0,8,12,55,5,8,51,0.667,0.0,0.218,0.625
2026-07-21 01:00:00,1,1,0,11,4,17,198,200,2,23,30,24,8,12,2,8,13,55,5,8,48,0.667,0.25,0.236,0.625
2026-07-21 02:00:00,2,1,0,6,2,12,198,200,2,21,30,15,4,12,2,8,9,55,5,8,48,0.333,0.25,0.164,0.625
2026-07-21 03:00:00,3,1,0,17,6,15,198,200,2,18,30,21,8,12,4,8,16,55,3,8,45,0.667,0.5,0.291,0.375
2026-07-21 04:00:00,4,1,0,16,5,12,198,200,2,19,30,22,8,12,2,8,13,55,4,8,43,0.667,0.25,0.236,0.5
2026-07-21 05:00:00,5,1,0,23,7,10,198,200,2,17,30,25,10,12,2,8,17,55,5,8,54,0.833,0.25,0.309,0.625
2026-07-21 06:00:00,6,1,0,23,7,9,198,200,2,18,30,27,11,12,3,8,15,55,4,8,51,0.917,0.375,0.273,0.5
2026-07-21 07:00:00,7,1,0,12,3,7,198,200,2,20,30,17,6,12,2,8,12,55,4,8,70,0.5,0.25,0.218,0.5
2026-07-21 08:00:00,8,1,0,20,6,10,198,200,2,18,30,28,8,12,3,8,17,55,6,8,74,0.667,0.375,0.309,0.75
2026-07-21 09:00:00,9,1,0,18,5,7,198,200,2,21,30,24,12,12,2,8,16,55,5,8,74,1.0,0.25,0.291,0.625
2026-07-21 10:00:00,10,1,0,17,5,2,198,200,2,15,30,22,5,12,0,8,14,55,4,8,73,0.417,0.0,0.255,0.5
2026-07-21 11:00:00,11,1,0,21,5,12,198,200,2,15,30,24,10,12,1,8,16,55,4,8,73,0.833,0.125,0.291,0.5
2026-07-21 12:00:00,12,1,0,17,4,7,198,200,2,23,30,25,9,12,4,8,10,55,6,8,75,0.75,0.5,0.182,0.75
2026-07-21 13:00:00,13,1,0,27,7,13,198,200,2,18,30,26,7,12,3,8,13,55,4,8,76,0.583,0.375,0.236,0.5
2026-07-21 14:00:00,14,1,0,25,7,12,198,200,2,18,30,29,10,12,3,8,19,55,5,8,75,0.833,0.375,0.345,0.625
2026-07-21 15:00:00,15,1,0,22,6,8,198,200,2,22,30,33,11,12,4,8,16,55,6,8,74,0.917,0.5,0.291,0.75
2026-07-21 16:00:00,16,1,0,23,6,11,198,200,2,23,30,32,13,12,2,8,19,55,7,8,74,1.083,0.25,0.345,0.875
2026-07-21 17:00:00,17,1,0,19,6,7,198,200,2,21,30,26,8,12,2,8,16,55,6,8,77,0.667,0.25,0.291,0.75
2026-07-21 18:00:00,18,1,0,27,8,10,198,200,2,18,30,37,12,12,4,8,21,55,5,8,75,1.0,0.5,0.382,0.625
2026-07-21 19:00:00,19,1,0,23,7,14,198,200,2,20,30,27,6,12,2,8,15,55,7,8,48,0.5,0.25,0.273,0.875
2026-07-21 20:00:00,20,1,0,16,5,9,198,200,2,19,30,19,9,12,2,8,12,55,5,8,48,0.75,0.25,0.218,0.625
2026-07-21 21:00:00,21,1,0,14,5,16,198,200,2,19,30,24,6,12,2,8,17,55,4,8,49,0.5,0.25,0.309,0.5
2026-07-21 22:00:00,22,1,0,7,2,12,198,200,2,17,30,15,5,12,0,8,7,55,5,8,47,0.417,0.0,0.127,0.625
2026-07-21 23:00:00,23,1,0,22,7,12,198,200,2,20,30,28,10,12,3,8,16,55,6,8,50,0.833,0.375,0.291,0.75
2026-07-22 00:00:00,0,2,0,17,6,11,198,200,2,19,30,19,7,12,1,8,10,55,5,8,45,0.583,0.125,0.182,0.625
2026-07-22 01:00:00,1,2,0,16,5,12,198,200,2,20,30,22,9,12,2,8,9,55,4,8,47,0.75,0.25,0.164,0.5
2026-07-22 02:00:00,2,2,0,9,3,15,198,200,2,21,30,19,9,12,3,8,12,55,6,8,50,0.75,0.375,0.218,0.75
2026-07-22 03:00:00,3,2,0,7,2,14,198,200,2,14,30,8,3,12,1,8,7,55,3,8,45,0.25,0.125,0.127,0.375
2026-07-22 04:00:00,4,2,0,18,6,11,198,200,2,17,30,20,8,12,1,8,14,55,3,8,43,0.667,0.125,0.255,0.375
2026-07-22 05:00:00,5,2,0,9,3,9,198,200,2,15,30,12,5,12,1,8,6,55,3,8,48,0.417,0.125,0.109,0.375
2026-07-22 06:00:00,6,2,0,13,4,4,198,200,2,20,30,20,8,12,1,8,10,55,5,8,43,0.667,0.125,0.182,0.625
2026-07-22 07:00:00,7,2,0,16,5,10,198,200,2,20,30,19,6,12,2,8,12,55,5,8,70,0.5,0.25,0.218,0.625
2026-07-22 08:00:00,8,2,0,15,4,9,198,200,2,19,30,27,10,12,3,8,18,55,6,8,76,0.833,0.375,0.327,0.75
2026-07-22 09:00:00,9,2,0,28,8,8,198,200,2,18,30,35,14,12,5,8,22,55,5,8,73,1.167,0.625,0.4,0.625
2026-07-22 10:00:00,10,2,0,17,5,4,198,200,2,19,30,22,9,12,3,8,14,55,5,8,78,0.75,0.375,0.255,0.625
2026-07-22 11:00:00,11,2,0,28,7,3,198,200,2,19,30,32,10,12,3,8,22,55,5,8,70,0.833,0.375,0.4,0.625
2026-07-22 12:00:00,12,2,0,13,3,8,198,200,2,18,30,21,7,12,3,8,12,55,6,8,74,0.583,0.375,0.218,0.75
2026-07-22 13:00:00,13,2,0,21,5,1,198,200,2,15,30,22,8,12,2,8,13,55,4,8,75,0.667,0.25,0.236,0.5
2026-07-22 14:00:00,14,2,0,16,4,6,198,200,2,17,30,26,6,12,3,8,19,55,8,8,70,0.5,0.375,0.345,1.0
2026-07-22 15:00:00,15,2,0,26,7,9,198,200,2,22,30,31,13,12,3,8,19,55,6,8,77,1.083,0.375,0.345,0.75
2026-07-22 16:00:00,16,2,0,19,5,6,198,200,2,20,30,31,10,12,4,8,17,55,6,8,76,0.833,0.5,0.309,0.75
2026-07-22 17:00:00,17,2,0,14,4,15,198,200,2,20,30,25,9,12,4,8,14,55,6,8,69,0.75,0.5,0.255,0.75
2026-07-22 18:00:00,18,2,0,14,4,13,198,200,2,22,30,25,7,12,3,8,14,55,6,8,74,0.583,0.375,0.255,0.75
2026-07-22 19:00:00,19,2,0,14,4,17,198,200,2,16,30,22,5,12,3,8,14,55,5,8,49,0.417,0.375,0.255,0.625
2026-07-22 20:00:00,20,2,0,12,4,10,198,200,2,15,30,15,4,12,2,8,8,55,5,8,46,0.333,0.25,0.145,0.625
2026-07-22 21:00:00,21,2,0,19,6,12,198,200,2,20,30,26,9,12,3,8,17,55,6,8,44,0.75,0.375,0.309,0.75
2026-07-22 22:00:00,22,2,0,16,5,11,198,200,2,19,30,25,9,12,1,8,14,55,5,8,49,0.75,0.125,0.255,0.625
2026-07-22 23:00:00,23,2,0,8,3,13,198,200,2,14,30,10,4,12,3,8,2,55,4,8,55,0.333,0.375,0.036,0.5
2026-07-23 00:00:00,0,3,0,11,4,9,198,200,2,20,30,21,8,12,4,8,14,55,6,8,47,0.667,0.5,0.255,0.75
2026-07-23 01:00:00,1,3,0,8,3,2,198,200,2,18,30,22,7,12,2,8,14,55,5,8,53,0.583,0.25,0.255,0.625
2026-07-23 02:00:00,2,3,0,14,5,10,198,200,2,17,30,24,9,12,2,8,16,55,5,8,46,0.75,0.25,0.291,0.625
2026-07-23 03:00:00,3,3,0,11,4,11,198,200,2,19,30,24,10,12,3,8,14,55,6,8,49,0.833,0.375,0.255,0.75
2026-07-23 04:00:00,4,3,0,13,4,5,198,200,2,13,30,19,7,12,2,8,10,55,4,8,50,0.583,0.25,0.182,0.5
2026-07-23 05:00:00,5,3,0,16,5,10,198,200,2,17,30,25,10,12,2,8,16,55,5,8,48,0.833,0.25,0.291,0.625
2026-07-23 06:00:00,6,3,0,14,4,7,198,200,2,17,30,18,7,12,1,8,14,55,5,8,47,0.583,0.125,0.255,0.625
2026-07-23 07:00:00,7,3,0,17,5,5,198,200,2,19,30,24,6,12,3,8,15,55,4,8,76,0.5,0.375,0.273,0.5
2026-07-23 08:00:00,8,3,0,20,6,8,198,200,2,18,30,27,8,12,3,8,18,55,5,8,80,0.667,0.375,0.327,0.625
2026-07-23 09:00:00,9,3,0,18,5,1,198,200,2,20,30,25,9,12,3,8,15,55,5,8,75,0.75,0.375,0.273,0.625
2026-07-23 10:00:00,10,3,0,25,7,9,198,200,2,13,30,32,11,12,4,8,17,55,4,8,72,0.917,0.5,0.309,0.5
2026-07-23 11:00:00,11,3,0,20,5,5,198,200,2,19,30,29,10,12,3,8,20,55,8,8,73,0.833,0.375,0.364,1.0
2026-07-23 12:00:00,12,3,0,21,5,7,198,200,2,19,30,24,11,12,3,8,17,55,4,8,82,0.917,0.375,0.309,0.5
2026-07-23 13:00:00,13,3,0,18,5,10,198,200,2,17,30,22,9,12,2,8,15,55,4,8,74,0.75,0.25,0.273,0.5
2026-07-23 14:00:00,14,3,0,23,6,7,198,200,2,22,30,28,11,12,2,8,17,55,7,8,72,0.917,0.25,0.309,0.875
2026-07-23 15:00:00,15,3,0,19,5,9,198,200,2,16,30,27,9,12,3,8,18,55,6,8,71,0.75,0.375,0.327,0.75
2026-07-23 16:00:00,16,3,0,16,4,11,198,200,2,20,30,17,5,12,0,8,12,55,5,8,69,0.417,0.0,0.218,0.625
2026-07-23 17:00:00,17,3,0,18,5,12,198,200,2,18,30,29,10,12,3,8,21,55,6,8,75,0.833,0.375,0.382,0.75
2026-07-23 18:00:00,18,3,0,23,7,15,198,200,2,19,30,32,10,12,4,8,22,55,7,8,76,0.833,0.5,0.4,0.875
2026-07-23 19:00:00,19,3,0,18,6,11,198,200,2,21,30,22,10,12,3,8,14,55,5,8,47,0.833,0.375,0.255,0.625
2026-07-23 20:00:00,20,3,0,19,6,9,198,200,2,23,30,27,10,12,4,8,14,55,8,8,48,0.833,0.5,0.255,1.0
2026-07-23 21:00:00,21,3,0,13,4,9,198,200,2,19,30,15,6,12,1,8,10,55,3,8,44,0.5,0.125,0.182,0.375
2026-07-23 22:00:00,22,3,0,18,6,14,198,200,2,23,30,26,11,12,3,8,17,55,5,8,48,0.917,0.375,0.309,0.625
2026-07-23 23:00:00,23,3,0,19,6,11,198,200,2,22,30,28,6,12,4,8,19,55,6,8,49,0.5,0.5,0.345,0.75
2026-07-24 00:00:00,0,4,0,12,4,10,198,200,2,17,30,17,7,12,4,8,13,55,5,8,46,0.583,0.5,0.236,0.625
2026-07-24 01:00:00,1,4,0,13,4,13,198,200,2,18,30,15,3,12,2,8,9,55,4,8,53,0.25,0.25,0.164,0.5
2026-07-24 02:00:00,2,4,0,13,4,15,198,200,2,17,30,20,7,12,1,8,17,55,4,8,45,0.583,0.125,0.309,0.5
2026-07-24 03:00:00,3,4,0,12,4,10,198,200,2,23,30,17,5,12,3,8,7,55,5,8,49,0.417,0.375,0.127,0.625
2026-07-24 04:00:00,4,4,0,20,6,9,198,200,2,21,30,26,10,12,4,8,17,55,5,8,51,0.833,0.5,0.309,0.625
2026-07-24 05:00:00,5,4,0,13,4,2,198,200,2,18,30,20,7,12,2,8,11,55,5,8,48,0.583,0.25,0.2,0.625
2026-07-24 06:00:00,6,4,0,27,8,10,198,200,2,22,30,34,14,12,4,8,17,55,6,8,47,1.167,0.5,0.309,0.75
2026-07-24 07:00:00,7,4,0,18,5,10,198,200,2,15,30,25,7,12,4,8,15,55,4,8,70,0.583,0.5,0.273,0.5
2026-07-24 08:00:00,8,4,0,15,4,7,198,200,2,19,30,17,7,12,3,8,8,55,5,8,78,0.583,0.375,0.145,0.625
2026-07-24 09:00:00,9,4,0,19,5,7,198,200,2,16,30,17,6,12,2,8,10,55,4,8,73,0.5,0.25,0.182,0.5
2026-07-24 10:00:00,10,4,0,15,4,7,198,200,2,15,30,20,4,12,1,8,12,55,5,8,76,0.333,0.125,0.218,0.625
2026-07-24 11:00:00,11,4,0,18,5,3,198,200,2,21,30,31,9,12,3,8,21,55,6,8,76,0.75,0.375,0.382,0.75
2026-07-24 12:00:00,12,4,0,18,5,9,198,200,2,21,30,32,10,12,4,8,17,55,6,8,72,0.833,0.5,0.309,0.75
2026-07-24 13:00:00,13,4,0,24,6,8,198,200,2,22,30,39,14,12,5,8,26,55,8,8,73,1.167,0.625,0.473,1.0
2026-07-24 14:00:00,14,4,0,23,6,18,198,200,2,19,30,29,10,12,3,8,18,55,6,8,78,0.833,0.375,0.327,0.75
2026-07-24 15:00:00,15,4,0,16,4,10,198,200,2,17,30,18,4,12,1,8,13,55,6,8,71,0.333,0.125,0.236,0.75
2026-07-24 16:00:00,16,4,0,20,6,9,198,200,2,17,30,20,7,12,3,8,12,55,6,8,80,0.583,0.375,0.218,0.75
2026-07-24 17:00:00,17,4,0,20,6,12,198,200,2,17,30,24,11,12,3,8,12,55,5,8,72,0.917,0.375,0.218,0.625
2026-07-24 18:00:00,18,4,0,22,7,7,198,200,2,18,30,27,10,12,3,8,14,55,5,8,70,0.833,0.375,0.255,0.625
2026-07-24 19:00:00,19,4,0,22,7,11,198,200,2,23,30,35,11,12,3,8,19,55,7,8,48,0.917,0.375,0.345,0.875
2026-07-24 20:00:00,20,4,0,12,4,8,198,200,2,21,30,21,8,12,2,8,14,55,5,8,55,0.667,0.25,0.255,0.625
2026-07-24 21:00:00,21,4,0,18,6,15,198,200,2,15,30,23,9,12,3,8,17,55,4,8,42,0.75,0.375,0.309,0.5
2026-07-24 22:00:00,22,4,0,11,4,13,198,200,2,16,30,13,4,12,0,8,7,55,4,8,48,0.333,0.0,0.127,0.5
2026-07-24 23:00:00,23,4,0,20,7,9,198,200,2,17,30,21,8,12,0,8,14,55,4,8,49,0.667,0.0,0.255,0.5
2026-07-25 00:00:00,0,5,1,18,6,9,198,200,2,11,30,19,6,12,3,8,9,55,2,8,48,0.5,0.375,0.164,0.25
2026-07-25 01:00:00,1,5,1,13,4,12,198,200,2,18,30,18,7,12,2,8,12,55,3,8,49,0.583,0.25,0.218,0.375
2026-07-25 02:00:00,2,5,1,17,6,16,198,200,2,15,30,17,6,12,2,8,12,55,1,8,46,0.5,0.25,0.218,0.125
2026-07-25 03:00:00,3,5,1,14,5,10,198,200,2,16,30,12,5,12,0,8,5,55,2,8,46,0.417,0.0,0.091,0.25
2026-07-25 04:00:00,4,5,1,12,4,6,198,200,2,19,30,16,4,12,2,8,10,55,2,8,48,0.333,0.25,0.182,0.25
2026-07-25 05:00:00,5,5,1,11,3,10,198,200,2,15,30,11,3,12,1,8,8,55,0,8,45,0.25,0.125,0.145,0.0
2026-07-25 06:00:00,6,5,1,12,4,8,198,200,2,14,30,9,5,12,0,8,0,55,1,8,48,0.417,0.0,0.0,0.125
2026-07-25 07:00:00,7,5,1,11,3,10,198,200,2,16,30,9,3,12,2,8,8,55,1,8,73,0.25,0.25,0.145,0.125
2026-07-25 08:00:00,8,5,1,22,6,4,198,200,2,18,30,22,8,12,2,8,14,55,1,8,73,0.667,0.25,0.255,0.125
2026-07-25 09:00:00,9,5,1,12,3,10,198,200,2,17,30,13,4,12,1,8,9,55,2,8,75,0.333,0.125,0.164,0.25
2026-07-25 10:00:00,10,5,1,19,5,11,198,200,2,18,30,24,9,12,2,8,14,55,2,8,69,0.75,0.25,0.255,0.25
2026-07-25 11:00:00,11,5,1,22,6,4,198,200,2,16,30,24,7,12,0,8,11,55,2,8,73,0.583,0.0,0.2,0.25
2026-07-25 12:00:00,12,5,1,22,6,5,198,200,2,17,30,22,7,12,3,8,15,55,3,8,81,0.583,0.375,0.273,0.375
2026-07-25 13:00:00,13,5,1,21,5,9,198,200,2,18,30,25,10,12,3,8,15,55,4,8,71,0.833,0.375,0.273,0.5
2026-07-25 14:00:00,14,5,1,27,7,9,198,200,2,17,30,30,12,12,3,8,19,55,4,8,78,1.0,0.375,0.345,0.5
2026-07-25 15:00:00,15,5,1,16,4,8,198,200,2,14,30,13,4,12,3,8,10,55,1,8,74,0.333,0.375,0.182,0.125
2026-07-25 16:00:00,16,5,1,14,4,12,198,200,2,20,30,14,8,12,0,8,10,55,3,8,72,0.667,0.0,0.182,0.375
2026-07-25 17:00:00,17,5,1,14,4,7,198,200,2,20,30,17,6,12,1,8,14,55,2,8,70,0.5,0.125,0.255,0.25
2026-07-25 18:00:00,18,5,1,14,4,10,198,200,2,20,30,20,5,12,1,8,13,55,3,8,74,0.417,0.125,0.236,0.375
2026-07-25 19:00:00,19,5,1,20,6,14,198,200,2,14,30,22,8,12,2,8,12,55,2,8,52,0.667,0.25,0.218,0.25
2026-07-25 20:00:00,20,5,1,19,6,10,198,200,2,13,30,24,8,12,2,8,15,55,2,8,47,0.667,0.25,0.273,0.25
2026-07-25 21:00:00,21,5,1,13,4,10,198,200,2,14,30,13,5,12,2,8,9,55,2,8,48,0.417,0.25,0.164,0.25
2026-07-25 22:00:00,22,5,1,11,4,17,198,200,2,16,30,18,6,12,1,8,13,55,2,8,51,0.5,0.125,0.236,0.25
2026-07-25 23:00:00,23,5,1,11,4,9,198,200,2,10,30,8,3,12,0,8,2,55,1,8,49,0.25,0.0,0.036,0.125
2026-07-26 00:00:00,0,6,1,18,6,10,198,200,2,15,30,16,5,12,3,8,10,55,2,8,43,0.417,0.375,0.182,0.25
2026-07-26 01:00:00,1,6,1,10,3,6,198,200,2,19,30,7,4,12,3,8,8,55,2,8,48,0.333,0.375,0.145,0.25
2026-07-26 02:00:00,2,6,1,6,2,8,198,200,2,19,30,9,1,12,1,8,5,55,3,8,53,0.083,0.125,0.091,0.375
2026-07-26 03:00:00,3,6,1,9,3,9,198,200,2,16,30,11,2,12,0,8,9,55,3,8,48,0.167,0.0,0.164,0.375
2026-07-26 04:00:00,4,6,1,12,4,10,198,200,2,14,30,13,5,12,3,8,9,55,1,8,40,0.417,0.375,0.164,0.125
2026-07-26 05:00:00,5,6,1,17,5,4,198,200,2,17,30,19,9,12,0,8,14,55,2,8,49,0.75,0.0,0.255,0.25
2026-07-26 06:00:00,6,6,1,12,4,5,198,200,2,19,30,12,4,12,1,8,6,55,3,8,47,0.333,0.125,0.109,0.375
2026-07-26 07:00:00,7,6,1,11,3,3,198,200,2,16,30,13,5,12,1,8,6,55,3,8,69,0.417,0.125,0.109,0.375
2026-07-26 08:00:00,8,6,1,19,5,11,198,200,2,16,30,18,8,12,1,8,11,55,2,8,69,0.667,0.125,0.2,0.25
2026-07-26 09:00:00,9,6,1,20,5,7,198,200,2,15,30,15,7,12,1,8,6,55,2,8,77,0.583,0.125,0.109,0.25
2026-07-26 10:00:00,10,6,1,22,6,0,198,200,2,14,30,21,7,12,1,8,12,55,3,8,72,0.583,0.125,0.218,0.375
2026-07-26 11:00:00,11,6,1,18,5,8,198,200,2,15,30,15,4,12,2,8,10,55,1,8,71,0.333,0.25,0.182,0.125
2026-07-26 12:00:00,12,6,1,24,6,12,198,200,2,16,30,28,6,12,3,8,21,55,2,8,74,0.5,0.375,0.382,0.25
2026-07-26 13:00:00,13,6,1,22,6,9,198,200,2,15,30,24,8,12,2,8,16,55,3,8,72,0.667,0.25,0.291,0.375
2026-07-26 14:00:00,14,6,1,21,6,5,198,200,2,18,30,25,10,12,2,8,17,55,3,8,74,0.833,0.25,0.309,0.375
2026-07-26 15:00:00,15,6,1,15,4,12,198,200,2,17,30,12,3,12,1,8,10,55,2,8,73,0.25,0.125,0.182,0.25
2026-07-26 16:00:00,16,6,1,16,4,8,198,200,2,18,30,22,8,12,3,8,12,55,3,8,70,0.667,0.375,0.218,0.375
2026-07-26 17:00:00,17,6,1,22,6,11,198,200,2,15,30,26,7,12,2,8,16,55,2,8,72,0.583,0.25,0.291,0.25
2026-07-26 18:00:00,18,6,1,18,5,12,198,200,2,13,30,14,5,12,2,8,14,55,3,8,75,0.417,0.25,0.255,0.375
2026-07-26 19:00:00,19,6,1,16,5,13,198,200,2,17,30,15,6,12,2,8,9,55,2,8,48,0.5,0.25,0.164,0.25
2026-07-26 20:00:00,20,6,1,18,6,14,198,200,2,15,30,20,6,12,3,8,15,55,2,8,48,0.5,0.375,0.273,0.25
2026-07-26 21:00:00,21,6,1,23,8,11,198,200,2,15,30,25,9,12,4,8,17,55,2,8,54,0.75,0.5,0.309,0.25
2026-07-26 22:00:00,22,6,1,14,5,10,198,200,2,14,30,13,4,12,0,8,5,55,2,8,50,0.333,0.0,0.091,0.25
2026-07-26 23:00:00,23,6,1,16,5,8,198,200,2,16,30,16,7,12,1,8,11,55,2,8,51,0.583,0.125,0.2,0.25
2026-07-27 00:00:00,0,0,0,12,4,7,198,200,2,22,30,17,6,12,3,8,11,55,5,8,48,0.5,0.375,0.2,0.625
2026-07-27 01:00:00,1,0,0,15,5,12,198,200,2,17,30,20,7,12,2,8,13,55,4,8,49,0.583,0.25,0.236,0.5
2026-07-27 02:00:00,2,0,0,10,3,9,198,200,2,17,30,22,9,12,0,8,12,55,6,8,47,0.75,0.0,0.218,0.75
2026-07-27 03:00:00,3,0,0,13,4,6,198,200,2,21,30,19,7,12,2,8,10,55,6,8,50,0.583,0.25,0.182,0.75
2026-07-27 04:00:00,4,0,0,19,6,12,198,200,2,17,30,24,7,12,3,8,14,55,3,8,48,0.583,0.375,0.255,0.375
2026-07-27 05:00:00,5,0,0,16,5,12,198,200,2,14,30,18,6,12,0,8,11,55,4,8,49,0.5,0.0,0.2,0.5
2026-07-27 06:00:00,6,0,0,15,4,5,198,200,2,19,30,17,6,12,3,8,13,55,4,8,48,0.5,0.375,0.236,0.5
2026-07-27 07:00:00,7,0,0,12,3,8,198,200,2,22,30,19,6,12,1,8,15,55,4,8,74,0.5,0.125,0.273,0.5
2026-07-27 08:00:00,8,0,0,18,5,7,198,200,2,15,30,30,14,12,3,8,21,55,7,8,83,1.167,0.375,0.382,0.875
2026-07-27 09:00:00,9,0,0,16,4,5,198,200,2,16,30,25,9,12,2,8,17,55,5,8,72,0.75,0.25,0.309,0.625
2026-07-27 10:00:00,10,0,0,12,3,6,198,200,2,13,30,16,2,12,0,8,8,55,6,8,72,0.167,0.0,0.145,0.75
2026-07-27 11:00:00,11,0,0,22,6,5,198,200,2,19,30,28,9,12,2,8,17,55,6,8,76,0.75,0.25,0.309,0.75
2026-07-27 12:00:00,12,0,0,16,4,14,198,200,2,20,30,25,5,12,2,8,16,55,5,8,72,0.417,0.25,0.291,0.625
2026-07-27 13:00:00,13,0,0,18,5,10,198,200,2,19,30,24,8,12,3,8,14,55,5,8,73,0.667,0.375,0.255,0.625
2026-07-27 14:00:00,14,0,0,28,7,7,198,200,2,22,30,29,7,12,3,8,19,55,5,8,71,0.583,0.375,0.345,0.625
2026-07-27 15:00:00,15,0,0,26,7,5,198,200,2,21,30,32,10,12,3,8,21,55,5,8,75,0.833,0.375,0.382,0.625
2026-07-27 16:00:00,16,0,0,18,5,10,198,200,2,20,30,18,4,12,1,8,12,55,3,8,76,0.333,0.125,0.218,0.375
2026-07-27 17:00:00,17,0,0,12,3,10,198,200,2,21,30,26,9,12,4,8,18,55,6,8,73,0.75,0.5,0.327,0.75
2026-07-27 18:00:00,18,0,0,11,3,7,198,200,2,20,30,28,9,12,4,8,16,55,8,8,76,0.75,0.5,0.291,1.0
2026-07-27 19:00:00,19,0,0,15,5,12,198,200,2,20,30,25,9,12,4,8,17,55,6,8,42,0.75,0.5,0.309,0.75
2026-07-27 20:00:00,20,0,0,14,4,9,198,200,2,16,30,23,7,12,3,8,13,55,4,8,46,0.583,0.375,0.236,0.5
2026-07-27 21:00:00,21,0,0,12,4,9,198,200,2,17,30,17,4,12,2,8,9,55,4,8,47,0.333,0.25,0.164,0.5
2026-07-27 22:00:00,22,0,0,27,9,15,198,200,2,18,30,32,12,12,2,8,21,55,4,8,44,1.0,0.25,0.382,0.5
2026-07-27 23:00:00,23,0,0,12,4,10,198,200,2,18,30,21,10,12,2,8,15,55,4,8,43,0.833,0.25,0.273,0.5
2026-07-28 00:00:00,0,1,0,12,4,12,198,200,2,21,30,19,7,12,1,8,13,55,5,8,47,0.583,0.125,0.236,0.625
2026-07-28 01:00:00,1,1,0,11,4,7,198,200,2,18,30,17,5,12,0,8,11,55,5,8,50,0.417,0.0,0.2,0.625
2026-07-28 02:00:00,2,1,0,11,4,5,198,200,2,15,30,9,1,12,2,8,6,55,3,8,52,0.083,0.25,0.109,0.375
2026-07-28 03:00:00,3,1,0,16,5,12,198,200,2,17,30,22,6,12,2,8,14,55,5,8,46,0.5,0.25,0.255,0.625
2026-07-28 04:00:00,4,1,0,11,4,8,198,200,2,21,30,22,8,12,3,8,11,55,6,8,50,0.667,0.375,0.2,0.75
2026-07-28 05:00:00,5,1,0,10,3,5,198,200,2,16,30,22,9,12,3,8,11,55,6,8,50,0.75,0.375,0.2,0.75
2026-07-28 06:00:00,6,1,0,21,6,17,198,200,2,20,30,31,11,12,4,8,19,55,7,8,52,0.917,0.5,0.345,0.875
2026-07-28 07:00:00,7,1,0,10,3,7,198,200,2,20,30,14,6,12,2,8,9,55,4,8,73,0.5,0.25,0.164,0.5
2026-07-28 08:00:00,8,1,0,15,4,7,198,200,2,21,30,20,8,12,1,8,12,55,8,8,69,0.667,0.125,0.218,1.0
2026-07-28 09:00:00,9,1,0,23,6,5,198,200,2,19,30,27,10,12,5,8,18,55,5,8,74,0.833,0.625,0.327,0.625
2026-07-28 10:00:00,10,1,0,20,5,7,198,200,2,19,30,25,7,12,3,8,15,55,5,8,71,0.583,0.375,0.273,0.625
2026-07-28 11:00:00,11,1,0,14,4,8,198,200,2,17,30,21,7,12,2,8,14,55,6,8,72,0.583,0.25,0.255,0.75
2026-07-28 12:00:00,12,1,0,17,4,7,198,200,2,17,30,25,7,12,2,8,15,55,5,8,73,0.583,0.25,0.273,0.625
2026-07-28 13:00:00,13,1,0,13,3,2,198,200,2,19,30,27,9,12,2,8,20,55,6,8,73,0.75,0.25,0.364,0.75
2026-07-28 14:00:00,14,1,0,18,5,11,198,200,2,18,30,22,8,12,3,8,14,55,4,8,74,0.667,0.375,0.255,0.5
2026-07-28 15:00:00,15,1,0,11,3,9,198,200,2,21,30,19,9,12,2,8,16,55,6,8,76,0.75,0.25,0.291,0.75
2026-07-28 16:00:00,16,1,0,20,6,7,198,200,2,21,30,28,8,12,2,8,18,55,7,8,73,0.667,0.25,0.327,0.875
2026-07-28 17:00:00,17,1,0,21,6,11,198,200,2,22,30,28,10,12,1,8,17,55,6,8,75,0.833,0.125,0.309,0.75
2026-07-28 18:00:00,18,1,0,17,5,10,198,200,2,23,30,22,10,12,1,8,12,55,6,8,74,0.833,0.125,0.218,0.75
2026-07-28 19:00:00,19,1,0,25,8,5,198,200,2,21,30,32,12,12,4,8,17,55,6,8,51,1.0,0.5,0.309,0.75
2026-07-28 20:00:00,20,1,0,13,4,5,198,200,2,22,30,23,9,12,2,8,12,55,6,8,47,0.75,0.25,0.218,0.75
2026-07-28 21:00:00,21,1,0,20,7,7,198,200,2,15,30,23,9,12,2,8,13,55,3,8,48,0.75,0.25,0.236,0.375
2026-07-28 22:00:00,22,1,0,16,5,10,198,200,2,16,30,23,10,12,4,8,15,55,5,8,47,0.833,0.5,0.273,0.625
2026-07-28 23:00:00,23,1,0,13,4,6,198,200,2,19,30,19,5,12,1,8,11,55,4,8,48,0.417,0.125,0.2,0.5
2026-07-29 00:00:00,0,2,0,13,4,11,198,200,2,16,30,14,3,12,1,8,9,55,5,8,46,0.25,0.125,0.164,0.625
2026-07-29 01:00:00,1,2,0,14,5,12,198,200,2,18,30,22,7,12,1,8,16,55,5,8,45,0.583,0.125,0.291,0.625
2026-07-29 02:00:00,2,2,0,9,3,11,198,200,2,18,30,11,1,12,3,8,7,55,3,8,50,0.083,0.375,0.127,0.375
2026-07-29 03:00:00,3,2,0,23,8,13,198,200,2,20,30,21,10,12,4,8,17,55,3,8,45,0.833,0.5,0.309,0.375
2026-07-29 04:00:00,4,2,0,15,5,6,198,200,2,16,30,13,7,12,2,8,6,55,2,8,47,0.583,0.25,0.109,0.25
2026-07-29 05:00:00,5,2,0,15,5,10,198,200,2,17,30,21,7,12,3,8,13,55,4,8,51,0.583,0.375,0.236,0.5
2026-07-29 06:00:00,6,2,0,12,4,10,198,200,2,20,30,20,6,12,1,8,11,55,6,8,47,0.5,0.125,0.2,0.75
2026-07-29 07:00:00,7,2,0,15,4,10,198,200,2,16,30,16,5,12,4,8,12,55,5,8,76,0.417,0.5,0.218,0.625
2026-07-29 08:00:00,8,2,0,12,3,6,198,200,2,16,30,17,6,12,2,8,6,55,3,8,72,0.5,0.25,0.109,0.375
2026-07-29 09:00:00,9,2,0,14,4,8,198,200,2,18,30,16,6,12,2,8,7,55,5,8,71,0.5,0.25,0.127,0.625
2026-07-29 10:00:00,10,2,0,15,4,6,198,200,2,18,30,20,8,12,2,8,12,55,4,8,69,0.667,0.25,0.218,0.5
2026-07-29 11:00:00,11,2,0,25,7,11,198,200,2,18,30,29,10,12,3,8,21,55,4,8,78,0.833,0.375,0.382,0.5
2026-07-29 12:00:00,12,2,0,22,6,8,198,200,2,18,30,32,12,12,5,8,20,55,6,8,71,1.0,0.625,0.364,0.75
2026-07-29 13:00:00,13,2,0,19,5,5,198,200,2,16,30,28,10,12,3,8,15,55,4,8,76,0.833,0.375,0.273,0.5
2026-07-29 14:00:00,14,2,0,19,5,3,198,200,2,19,30,24,7,12,4,8,12,55,7,8,71,0.583,0.5,0.218,0.875
2026-07-29 15:00:00,15,2,0,22,6,9,198,200,2,16,30,29,12,12,3,8,21,55,6,8,78,1.0,0.375,0.382,0.75
2026-07-29 16:00:00,16,2,0,25,7,6,198,200,2,20,30,31,9,12,2,8,18,55,6,8,81,0.75,0.25,0.327,0.75
2026-07-29 17:00:00,17,2,0,23,7,8,198,200,2,21,30,29,10,12,2,8,16,55,5,8,69,0.833,0.25,0.291,0.625
2026-07-29 18:00:00,18,2,0,16,5,8,198,200,2,21,30,24,10,12,3,8,18,55,6,8,71,0.833,0.375,0.327,0.75
2026-07-29 19:00:00,19,2,0,23,7,12,198,200,2,19,30,29,9,12,2,8,20,55,6,8,50,0.75,0.25,0.364,0.75
2026-07-29 20:00:00,20,2,0,21,7,12,198,200,2,18,30,27,10,12,2,8,19,55,6,8,50,0.833,0.25,0.345,0.75
2026-07-29 21:00:00,21,2,0,16,5,8,198,200,2,21,30,20,8,12,3,8,10,55,6,8,50,0.667,0.375,0.182,0.75
2026-07-29 22:00:00,22,2,0,10,3,13,198,200,2,20,30,20,5,12,1,8,9,55,5,8,46,0.417,0.125,0.164,0.625
2026-07-29 23:00:00,23,2,0,22,7,9,198,200,2,19,30,29,10,12,3,8,18,55,5,8,54,0.833,0.375,0.327,0.625
2026-07-30 00:00:00,0,3,0,12,4,13,198,200,2,21,30,20,6,12,2,8,13,55,4,8,48,0.5,0.25,0.236,0.5
2026-07-30 01:00:00,1,3,0,14,5,11,198,200,2,18,30,18,5,12,1,8,12,55,4,8,44,0.417,0.125,0.218,0.5
2026-07-30 02:00:00,2,3,0,17,6,10,198,200,2,17,30,19,10,12,3,8,15,55,4,8,47,0.833,0.375,0.273,0.5
2026-07-30 03:00:00,3,3,0,14,5,12,198,200,2,17,30,15,4,12,0,8,6,55,4,8,44,0.333,0.0,0.109,0.5
2026-07-30 04:00:00,4,3,0,18,6,11,198,200,2,15,30,23,9,12,3,8,16,55,4,8,53,0.75,0.375,0.291,0.5
2026-07-30 05:00:00,5,3,0,20,6,11,198,200,2,20,30,22,7,12,2,8,11,55,5,8,46,0.583,0.25,0.2,0.625
2026-07-30 06:00:00,6,3,0,14,4,6,198,200,2,19,30,28,7,12,3,8,19,55,6,8,49,0.583,0.375,0.345,0.75
2026-07-30 07:00:00,7,3,0,18,5,13,198,200,2,20,30,22,8,12,1,8,13,55,6,8,73,0.667,0.125,0.236,0.75
2026-07-30 08:00:00,8,3,0,18,5,5,198,200,2,21,30,23,9,12,3,8,13,55,4,8,72,0.75,0.375,0.236,0.5
2026-07-30 09:00:00,9,3,0,9,2,5,198,200,2,18,30,23,9,12,3,8,13,55,6,8,68,0.75,0.375,0.236,0.75
2026-07-30 10:00:00,10,3,0,20,5,10,198,200,2,14,30,27,11,12,2,8,14,55,5,8,76,0.917,0.25,0.255,0.625
2026-07-30 11:00:00,11,3,0,26,7,7,198,200,2,21,30,33,16,12,4,8,21,55,6,8,78,1.333,0.5,0.382,0.75
2026-07-30 12:00:00,12,3,0,17,4,11,198,200,2,19,30,20,7,12,2,8,11,55,5,8,71,0.583,0.25,0.2,0.625
2026-07-30 13:00:00,13,3,0,25,7,11,198,200,2,18,30,27,8,12,1,8,18,55,6,8,69,0.667,0.125,0.327,0.75
2026-07-30 14:00:00,14,3,0,23,6,8,198,200,2,20,30,32,11,12,2,8,21,55,6,8,76,0.917,0.25,0.382,0.75
2026-07-30 15:00:00,15,3,0,16,4,7,198,200,2,19,30,25,8,12,4,8,19,55,4,8,69,0.667,0.5,0.345,0.5
2026-07-30 16:00:00,16,3,0,26,7,14,198,200,2,18,30,31,12,12,3,8,20,55,6,8,78,1.0,0.375,0.364,0.75
2026-07-30 17:00:00,17,3,0,24,7,5,198,200,2,20,30,29,8,12,2,8,19,55,7,8,71,0.667,0.25,0.345,0.875
2026-07-30 18:00:00,18,3,0,24,7,12,198,200,2,22,30,22,11,12,1,8,16,55,5,8,71,0.917,0.125,0.291,0.625
2026-07-30 19:00:00,19,3,0,21,7,13,198,200,2,19,30,27,11,12,2,8,15,55,7,8,49,0.917,0.25,0.273,0.875
2026-07-30 20:00:00,20,3,0,26,8,10,198,200,2,19,30,30,8,12,3,8,16,55,5,8,45,0.667,0.375,0.291,0.625
2026-07-30 21:00:00,21,3,0,9,3,11,198,200,2,14,30,23,6,12,1,8,15,55,6,8,46,0.5,0.125,0.273,0.75
2026-07-30 22:00:00,22,3,0,21,7,14,198,200,2,14,30,25,10,12,1,8,13,55,3,8,49,0.833,0.125,0.236,0.375
2026-07-30 23:00:00,23,3,0,19,6,8,198,200,2,21,30,29,12,12,4,8,23,55,7,8,41,1.0,0.5,0.418,0.875
2026-07-31 00:00:00,0,4,0,13,4,14,198,200,2,22,30,20,5,12,3,8,15,55,6,8,53,0.417,0.375,0.273,0.75
2026-07-31 01:00:00,1,4,0,24,8,15,198,200,2,15,30,25,10,12,1,8,20,55,4,8,48,0.833,0.125,0.364,0.5
2026-07-31 02:00:00,2,4,0,22,7,11,198,200,2,17,30,26,6,12,3,8,16,55,2,8,44,0.5,0.375,0.291,0.25
2026-07-31 03:00:00,3,4,0,16,5,10,198,200,2,18,30,23,8,12,1,8,15,55,5,8,45,0.667,0.125,0.273,0.625
2026-07-31 04:00:00,4,4,0,13,4,15,198,200,2,19,30,10,5,12,1,8,5,55,3,8,51,0.417,0.125,0.091,0.375
2026-07-31 05:00:00,5,4,0,18,6,9,198,200,2,16,30,22,7,12,2,8,15,55,5,8,50,0.583,0.25,0.273,0.625
2026-07-31 06:00:00,6,4,0,19,6,11,198,200,2,20,30,22,5,12,2,8,11,55,5,8,52,0.417,0.25,0.2,0.625
2026-07-31 07:00:00,7,4,0,15,4,12,198,200,2,16,30,18,6,12,4,8,6,55,4,8,72,0.5,0.5,0.109,0.5
2026-07-31 08:00:00,8,4,0,17,5,7,198,200,2,20,30,26,8,12,2,8,15,55,6,8,75,0.667,0.25,0.273,0.75
2026-07-31 09:00:00,9,4,0,17,5,17,198,200,2,20,30,24,9,12,2,8,12,55,6,8,75,0.75,0.25,0.218,0.75
2026-07-31 10:00:00,10,4,0,28,7,9,198,200,2,19,30,34,10,12,3,8,24,55,6,8,76,0.833,0.375,0.436,0.75
2026-07-31 11:00:00,11,4,0,19,5,9,198,200,2,20,30,29,8,12,4,8,22,55,5,8,77,0.667,0.5,0.4,0.625
2026-07-31 12:00:00,12,4,0,12,3,4,198,200,2,18,30,15,2,12,0,8,6,55,4,8,72,0.167,0.0,0.109,0.5
2026-07-31 13:00:00,13,4,0,16,4,5,198,200,2,20,30,31,10,12,2,8,22,55,7,8,74,0.833,0.25,0.4,0.875
2026-07-31 14:00:00,14,4,0,21,6,11,198,200,2,18,30,24,8,12,4,8,17,55,5,8,72,0.667,0.5,0.309,0.625
2026-07-31 15:00:00,15,4,0,18,5,9,198,200,2,18,30,22,6,12,2,8,11,55,4,8,74,0.5,0.25,0.2,0.5
2026-07-31 16:00:00,16,4,0,23,6,9,198,200,2,21,30,31,11,12,3,8,18,55,7,8,76,0.917,0.375,0.327,0.875
2026-07-31 17:00:00,17,4,0,24,7,9,198,200,2,19,30,34,13,12,6,8,20,55,8,8,69,1.083,0.75,0.364,1.0
2026-07-31 18:00:00,18,4,0,24,7,22,198,200,2,18,30,30,10,12,3,8,20,55,5,8,77,0.833,0.375,0.364,0.625
2026-07-31 19:00:00,19,4,0,21,7,10,198,200,2,19,30,33,12,12,3,8,18,55,8,8,45,1.0,0.375,0.327,1.0
2026-07-31 20:00:00,20,4,0,17,5,8,198,200,2,19,30,21,8,12,2,8,13,55,5,8,47,0.667,0.25,0.236,0.625
2026-07-31 21:00:00,21,4,0,15,5,8,198,200,2,17,30,18,4,12,1,8,10,55,5,8,52,0.333,0.125,0.182,0.625
2026-07-31 22:00:00,22,4,0,13,4,12,198,200,2,19,30,25,11,12,4,8,16,55,4,8,49,0.917,0.5,0.291,0.5
2026-07-31 23:00:00,23,4,0,11,4,9,198,200,2,21,30,18,5,12,2,8,11,55,6,8,49,0.417,0.25,0.2,0.75
2026-08-01 00:00:00,0,5,1,13,4,12,198,200,2,13,30,15,6,12,3,8,8,55,1,8,44,0.5,0.375,0.145,0.125
2026-08-01 01:00:00,1,5,1,8,3,17,198,200,2,17,30,7,4,12,2,8,4,55,3,8,45,0.333,0.25,0.073,0.375
2026-08-01 02:00:00,2,5,1,13,4,16,198,200,2,17,30,12,4,12,1,8,12,55,1,8,51,0.333,0.125,0.218,0.125
2026-08-01 03:00:00,3,5,1,13,4,12,198,200,2,15,30,12,5,12,0,8,7,55,1,8,46,0.417,0.0,0.127,0.125
2026-08-01 04:00:00,4,5,1,15,5,5,198,200,2,16,30,19,7,12,2,8,10,55,3,8,47,0.583,0.25,0.182,0.375
2026-08-01 05:00:00,5,5,1,10,3,8,198,200,2,14,30,4,0,12,0,8,4,55,2,8,51,0.0,0.0,0.073,0.25
2026-08-01 06:00:00,6,5,1,15,4,13,198,200,2,18,30,17,5,12,2,8,10,55,2,8,45,0.417,0.25,0.182,0.25
2026-08-01 07:00:00,7,5,1,14,4,6,198,200,2,19,30,14,4,12,3,8,6,55,3,8,75,0.333,0.375,0.109,0.375
2026-08-01 08:00:00,8,5,1,21,6,9,198,200,2,18,30,26,8,12,2,8,21,55,4,8,74,0.667,0.25,0.382,0.5
2026-08-01 09:00:00,9,5,1,16,4,7,198,200,2,18,30,16,4,12,2,8,9,55,3,8,74,0.333,0.25,0.164,0.375
2026-08-01 10:00:00,10,5,1,22,6,8,198,200,2,10,30,20,9,12,2,8,12,55,2,8,72,0.75,0.25,0.218,0.25
2026-08-01 11:00:00,11,5,1,20,5,5,198,200,2,19,30,20,9,12,3,8,13,55,2,8,72,0.75,0.375,0.236,0.25
2026-08-01 12:00:00,12,5,1,15,4,3,198,200,2,17,30,15,7,12,1,8,13,55,3,8,71,0.583,0.125,0.236,0.375
2026-08-01 13:00:00,13,5,1,21,5,7,198,200,2,17,30,22,9,12,0,8,10,55,3,8,75,0.75,0.0,0.182,0.375
2026-08-01 14:00:00,14,5,1,20,5,7,198,200,2,16,30,17,5,12,2,8,11,55,2,8,72,0.417,0.25,0.2,0.25
2026-08-01 15:00:00,15,5,1,15,4,8,198,200,2,20,30,12,3,12,2,8,12,55,3,8,77,0.25,0.25,0.218,0.375
2026-08-01 16:00:00,16,5,1,18,5,9,198,200,2,15,30,23,7,12,3,8,15,55,3,8,73,0.583,0.375,0.273,0.375
2026-08-01 17:00:00,17,5,1,9,3,8,198,200,2,18,30,5,3,12,0,8,1,55,1,8,71,0.25,0.0,0.018,0.125
2026-08-01 18:00:00,18,5,1,21,6,12,198,200,2,17,30,21,8,12,1,8,12,55,2,8,73,0.667,0.125,0.218,0.25
2026-08-01 19:00:00,19,5,1,14,4,12,198,200,2,17,30,18,6,12,2,8,12,55,2,8,47,0.5,0.25,0.218,0.25
2026-08-01 20:00:00,20,5,1,13,4,6,198,200,2,15,30,13,7,12,1,8,11,55,2,8,51,0.583,0.125,0.2,0.25
2026-08-01 21:00:00,21,5,1,14,5,14,198,200,2,15,30,16,6,12,1,8,9,55,4,8,47,0.5,0.125,0.164,0.5
2026-08-01 22:00:00,22,5,1,19,6,10,198,200,2,18,30,20,6,12,4,8,14,55,2,8,47,0.5,0.5,0.255,0.25
2026-08-01 23:00:00,23,5,1,12,4,5,198,200,2,16,30,15,4,12,1,8,6,55,1,8,52,0.333,0.125,0.109,0.125
2026-08-02 00:00:00,0,6,1,17,6,10,198,200,2,19,30,14,6,12,3,8,6,55,2,8,50,0.5,0.375,0.109,0.25
2026-08-02 01:00:00,1,6,1,10,3,5,198,200,2,16,30,11,5,12,1,8,6,55,2,8,53,0.417,0.125,0.109,0.25
2026-08-02 02:00:00,2,6,1,13,4,12,198,200,2,15,30,9,4,12,0,8,8,55,2,8,52,0.333,0.0,0.145,0.25
2026-08-02 03:00:00,3,6,1,18,6,10,198,200,2,19,30,18,9,12,2,8,11,55,2,8,45,0.75,0.25,0.2,0.25
2026-08-02 04:00:00,4,6,1,12,4,7,198,200,2,21,30,15,8,12,2,8,10,55,3,8,51,0.667,0.25,0.182,0.375
2026-08-02 05:00:00,5,6,1,18,6,7,198,200,2,16,30,16,7,12,1,8,10,55,2,8,53,0.583,0.125,0.182,0.25
2026-08-02 06:00:00,6,6,1,14,4,8,198,200,2,16,30,17,5,12,0,8,13,55,4,8,53,0.417,0.0,0.236,0.5
2026-08-02 07:00:00,7,6,1,23,7,8,198,200,2,19,30,20,5,12,2,8,11,55,3,8,77,0.417,0.25,0.2,0.375
2026-08-02 08:00:00,8,6,1,24,7,10,198,200,2,15,30,22,7,12,1,8,15,55,1,8,77,0.583,0.125,0.273,0.125
2026-08-02 09:00:00,9,6,1,18,5,5,198,200,2,19,30,25,10,12,3,8,14,55,4,8,73,0.833,0.375,0.255,0.5
2026-08-02 10:00:00,10,6,1,18,5,3,198,200,2,16,30,17,9,12,2,8,15,55,3,8,71,0.75,0.25,0.273,0.375
2026-08-02 11:00:00,11,6,1,14,4,13,198,200,2,19,30,13,5,12,0,8,6,55,2,8,73,0.417,0.0,0.109,0.25
2026-08-02 12:00:00,12,6,1,22,6,4,198,200,2,17,30,27,11,12,2,8,15,55,4,8,69,0.917,0.25,0.273,0.5
2026-08-02 13:00:00,13,6,1,19,5,9,198,200,2,20,30,28,9,12,4,8,18,55,5,8,78,0.75,0.5,0.327,0.625
2026-08-02 14:00:00,14,6,1,22,6,8,198,200,2,16,30,19,8,12,1,8,12,55,3,8,73,0.667,0.125,0.218,0.375
2026-08-02 15:00:00,15,6,1,18,5,10,198,200,2,16,30,18,8,12,1,8,12,55,2,8,78,0.667,0.125,0.218,0.25
2026-08-02 16:00:00,16,6,1,18,5,10,198,200,2,15,30,20,4,12,1,8,13,55,2,8,70,0.333,0.125,0.236,0.25
2026-08-02 17:00:00,17,6,1,23,7,6,198,200,2,19,30,24,8,12,3,8,13,55,3,8,77,0.667,0.375,0.236,0.375
2026-08-02 18:00:00,18,6,1,17,5,11,198,200,2,20,30,14,7,12,2,8,12,55,4,8,73,0.583,0.25,0.218,0.5
2026-08-02 19:00:00,19,6,1,11,3,7,198,200,2,18,30,16,6,12,1,8,12,55,3,8,44,0.5,0.125,0.218,0.375
2026-08-02 20:00:00,20,6,1,16,5,18,198,200,2,16,30,22,6,12,2,8,16,55,2,8,53,0.5,0.25,0.291,0.25
2026-08-02 21:00:00,21,6,1,18,6,8,198,200,2,18,30,22,4,12,4,8,13,55,4,8,51,0.333,0.5,0.236,0.5
2026-08-02 22:00:00,22,6,1,14,5,10,198,200,2,18,30,12,4,12,0,8,8,55,2,8,49,0.333,0.0,0.145,0.25
2026-08-02 23:00:00,23,6,1,10,3,9,198,200,2,19,30,12,4,12,0,8,8,55,3,8,48,0.333,0.0,0.145,0.375
2026-08-03 00:00:00,0,0,0,16,5,10,198,200,2,12,30,26,7,12,3,8,18,55,4,8,49,0.583,0.375,0.327,0.5
2026-08-03 01:00:00,1,0,0,15,5,12,198,200,2,18,30,24,8,12,2,8,17,55,5,8,49,0.667,0.25,0.309,0.625
2026-08-03 02:00:00,2,0,0,24,8,11,198,200,2,18,30,29,11,12,2,8,18,55,4,8,46,0.917,0.25,0.327,0.5
2026-08-03 03:00:00,3,0,0,21,7,4,198,200,2,19,30,26,10,12,3,8,13,55,4,8,47,0.833,0.375,0.236,0.5
2026-08-03 04:00:00,4,0,0,17,5,6,198,200,2,18,30,19,3,12,3,8,15,55,4,8,54,0.25,0.375,0.273,0.5
2026-08-03 05:00:00,5,0,0,19,6,6,198,200,2,21,30,26,7,12,0,8,17,55,6,8,56,0.583,0.0,0.309,0.75
2026-08-03 06:00:00,6,0,0,19,6,3,198,200,2,16,30,23,8,12,2,8,13,55,4,8,53,0.667,0.25,0.236,0.5
2026-08-03 07:00:00,7,0,0,18,5,4,198,200,2,18,30,24,9,12,5,8,16,55,4,8,75,0.75,0.625,0.291,0.5
2026-08-03 08:00:00,8,0,0,18,5,8,198,200,2,22,30,32,11,12,4,8,17,55,7,8,73,0.917,0.5,0.309,0.875
2026-08-03 09:00:00,9,0,0,27,7,7,198,200,2,17,30,37,13,12,4,8,25,55,6,8,72,1.083,0.5,0.455,0.75
2026-08-03 10:00:00,10,0,0,26,7,16,198,200,2,22,30,23,8,12,3,8,11,55,3,8,72,0.667,0.375,0.2,0.375
2026-08-03 11:00:00,11,0,0,21,5,14,198,200,2,21,30,27,9,12,3,8,16,55,5,8,72,0.75,0.375,0.291,0.625
2026-08-03 12:00:00,12,0,0,23,6,9,198,200,2,18,30,29,9,12,4,8,18,55,4,8,80,0.75,0.5,0.327,0.5
2026-08-03 13:00:00,13,0,0,35,9,7,198,200,2,17,30,40,15,12,5,8,27,55,5,8,79,1.25,0.625,0.491,0.625
2026-08-03 14:00:00,14,0,0,26,7,9,198,200,2,17,30,25,7,12,3,8,16,55,3,8,76,0.583,0.375,0.291,0.375
2026-08-03 15:00:00,15,0,0,25,7,9,198,200,2,20,30,40,15,12,4,8,26,55,6,8,71,1.25,0.5,0.473,0.75
2026-08-03 16:00:00,16,0,0,32,9,9,198,200,2,20,30,32,12,12,3,8,20,55,5,8,77,1.0,0.375,0.364,0.625
2026-08-03 17:00:00,17,0,0,25,7,13,198,200,2,23,30,28,10,12,2,8,17,55,6,8,73,0.833,0.25,0.309,0.75
2026-08-03 18:00:00,18,0,0,22,7,13,198,200,2,17,30,26,8,12,3,8,16,55,4,8,68,0.667,0.375,0.291,0.5
2026-08-03 19:00:00,19,0,0,22,7,11,198,200,2,20,30,34,9,12,2,8,21,55,5,8,49,0.75,0.25,0.382,0.625
2026-08-03 20:00:00,20,0,0,27,9,11,198,200,2,16,30,29,9,12,2,8,15,55,5,8,45,0.75,0.25,0.273,0.625
2026-08-03 21:00:00,21,0,0,19,6,20,198,200,2,19,30,27,9,12,2,8,15,55,7,8,46,0.75,0.25,0.273,0.875
2026-08-03 22:00:00,22,0,0,14,5,15,198,200,2,20,30,25,5,12,2,8,16,55,6,8,47,0.417,0.25,0.291,0.75
2026-08-03 23:00:00,23,0,0,15,5,12,198,200,2,20,30,21,7,12,2,8,13,55,5,8,47,0.583,0.25,0.236,0.625
2026-08-04 00:00:00,0,1,0,11,4,20,198,200,2,16,30,15,7,12,1,8,9,55,4,8,48,0.583,0.125,0.164,0.5
2026-08-04 01:00:00,1,1,0,8,3,12,198,200,2,18,30,19,7,12,2,8,11,55,6,8,48,0.583,0.25,0.2,0.75
2026-08-04 02:00:00,2,1,0,9,3,9,198,200,2,20,30,14,4,12,2,8,7,55,3,8,42,0.333,0.25,0.127,0.375
2026-08-04 03:00:00,3,1,0,17,6,13,198,200,2,19,30,23,8,12,2,8,13,55,3,8,53,0.667,0.25,0.236,0.375
2026-08-04 04:00:00,4,1,0,11,4,13,198,200,2,18,30,20,6,12,3,8,12,55,4,8,45,0.5,0.375,0.218,0.5
2026-08-04 05:00:00,5,1,0,29,9,11,198,200,2,16,30,37,13,12,5,8,23,55,7,8,45,1.083,0.625,0.418,0.875
2026-08-04 06:00:00,6,1,0,24,7,3,198,200,2,23,30,28,12,12,3,8,18,55,4,8,47,1.0,0.375,0.327,0.5
2026-08-04 07:00:00,7,1,0,8,2,11,198,200,2,17,30,14,6,12,2,8,8,55,4,8,74,0.5,0.25,0.145,0.5
2026-08-04 08:00:00,8,1,0,20,6,7,198,200,2,16,30,24,9,12,3,8,13,55,3,8,78,0.75,0.375,0.236,0.375
2026-08-04 09:00:00,9,1,0,17,5,1,198,200,2,18,30,25,8,12,4,8,13,55,6,8,75,0.667,0.5,0.236,0.75
2026-08-04 10:00:00,10,1,0,22,6,2,198,200,2,20,30,29,11,12,4,8,23,55,6,8,76,0.917,0.5,0.418,0.75
2026-08-04 11:00:00,11,1,0,18,5,13,198,200,2,20,30,29,7,12,4,8,16,55,6,8,75,0.583,0.5,0.291,0.75
2026-08-04 12:00:00,12,1,0,19,5,5,198,200,2,21,30,29,9,12,3,8,17,55,5,8,75,0.75,0.375,0.309,0.625
2026-08-04 13:00:00,13,1,0,20,5,14,198,200,2,17,30,21,8,12,3,8,14,55,5,8,75,0.667,0.375,0.255,0.625
2026-08-04 14:00:00,14,1,0,12,3,9,198,200,2,17,30,17,7,12,3,8,11,55,4,8,68,0.583,0.375,0.2,0.5
2026-08-04 15:00:00,15,1,0,18,5,4,198,200,2,23,30,23,9,12,2,8,15,55,6,8,73,0.75,0.25,0.273,0.75
2026-08-04 16:00:00,16,1,0,15,4,11,198,200,2,19,30,20,7,12,2,8,12,55,5,8,77,0.583,0.25,0.218,0.625
2026-08-04 17:00:00,17,1,0,19,6,11,198,200,2,18,30,24,8,12,2,8,15,55,4,8,86,0.667,0.25,0.273,0.5
2026-08-04 18:00:00,18,1,0,13,4,9,198,200,2,17,30,22,8,12,3,8,14,55,5,8,70,0.667,0.375,0.255,0.625
2026-08-04 19:00:00,19,1,0,23,7,7,198,200,2,20,30,28,8,12,4,8,17,55,5,8,49,0.667,0.5,0.309,0.625
2026-08-04 20:00:00,20,1,0,19,6,11,198,200,2,21,30,19,6,12,2,8,12,55,5,8,46,0.5,0.25,0.218,0.625
2026-08-04 21:00:00,21,1,0,16,5,13,198,200,2,20,30,19,7,12,0,8,14,55,5,8,54,0.583,0.0,0.255,0.625
2026-08-04 22:00:00,22,1,0,17,6,3,198,200,2,18,30,26,9,12,3,8,16,55,5,8,44,0.75,0.375,0.291,0.625
2026-08-04 23:00:00,23,1,0,17,6,12,198,200,2,19,30,13,2,12,0,8,8,55,4,8,50,0.167,0.0,0.145,0.5
2026-08-05 00:00:00,0,2,0,19,6,8,198,200,2,22,30,28,10,12,1,8,19,55,5,8,44,0.833,0.125,0.345,0.625
2026-08-05 01:00:00,1,2,0,10,3,13,198,200,2,19,30,15,6,12,0,8,11,55,3,8,47,0.5,0.0,0.2,0.375
2026-08-05 02:00:00,2,2,0,13,4,7,198,200,2,16,30,22,7,12,3,8,17,55,4,8,48,0.583,0.375,0.309,0.5
2026-08-05 03:00:00,3,2,0,17,6,8,198,200,2,13,30,21,11,12,3,8,10,55,4,8,51,0.917,0.375,0.182,0.5
2026-08-05 04:00:00,4,2,0,18,6,10,198,200,2,18,30,14,4,12,1,8,10,55,3,8,45,0.333,0.125,0.182,0.375
2026-08-05 05:00:00,5,2,0,18,6,11,198,200,2,20,30,25,8,12,3,8,17,55,5,8,50,0.667,0.375,0.309,0.625
2026-08-05 06:00:00,6,2,0,14,4,8,198,200,2,16,30,23,7,12,3,8,12,55,4,8,48,0.583,0.375,0.218,0.5
2026-08-05 07:00:00,7,2,0,17,5,9,198,200,2,19,30,26,9,12,1,8,17,55,5,8,75,0.75,0.125,0.309,0.625
2026-08-05 08:00:00,8,2,0,21,6,10,198,200,2,19,30,26,8,12,3,8,18,55,6,8,77,0.667,0.375,0.327,0.75
2026-08-05 09:00:00,9,2,0,22,6,0,198,200,2,20,30,29,8,12,3,8,16,55,6,8,70,0.667,0.375,0.291,0.75
2026-08-05 10:00:00,10,2,0,19,5,10,198,200,2,18,30,23,7,12,3,8,15,55,5,8,76,0.583,0.375,0.273,0.625
2026-08-05 11:00:00,11,2,0,25,7,8,198,200,2,21,30,27,9,12,2,8,18,55,5,8,72,0.75,0.25,0.327,0.625
2026-08-05 12:00:00,12,2,0,24,6,11,198,200,2,20,30,33,13,12,2,8,18,55,6,8,77,1.083,0.25,0.327,0.75
2026-08-05 13:00:00,13,2,0,25,7,10,198,200,2,18,30,28,13,12,3,8,17,55,6,8,75,1.083,0.375,0.309,0.75
2026-08-05 14:00:00,14,2,0,29,8,10,198,200,2,21,30,30,12,12,5,8,19,55,5,8,73,1.0,0.625,0.345,0.625
2026-08-05 15:00:00,15,2,0,22,6,10,198,200,2,16,30,24,7,12,3,8,13,55,5,8,72,0.583,0.375,0.236,0.625
2026-08-05 16:00:00,16,2,0,21,6,11,198,200,2,20,30,20,6,12,1,8,11,55,4,8,76,0.5,0.125,0.2,0.5
2026-08-05 17:00:00,17,2,0,19,6,10,198,200,2,22,30,27,9,12,1,8,16,55,6,8,78,0.75,0.125,0.291,0.75
2026-08-05 18:00:00,18,2,0,26,8,12,198,200,2,22,30,34,14,12,2,8,23,55,5,8,72,1.167,0.25,0.418,0.625
2026-08-05 19:00:00,19,2,0,28,9,10,198,200,2,20,30,35,12,12,5,8,23,55,7,8,45,1.0,0.625,0.418,0.875
2026-08-05 20:00:00,20,2,0,23,7,14,198,200,2,19,30,25,7,12,2,8,14,55,6,8,50,0.583,0.25,0.255,0.75
2026-08-05 21:00:00,21,2,0,22,7,12,198,200,2,20,30,31,10,12,3,8,21,55,6,8,44,0.833,0.375,0.382,0.75
2026-08-05 22:00:00,22,2,0,21,7,18,198,200,2,18,30,30,11,12,4,8,17,55,4,8,44,0.917,0.5,0.309,0.5
2026-08-05 23:00:00,23,2,0,14,5,12,198,200,2,18,30,20,8,12,0,8,9,55,6,8,45,0.667,0.0,0.164,0.75
2026-08-06 00:00:00,0,3,0,19,6,13,198,200,2,17,30,22,7,12,4,8,13,55,4,8,47,0.583,0.5,0.236,0.5
2026-08-06 01:00:00,1,3,0,20,7,11,198,200,2,18,30,27,10,12,2,8,19,55,5,8,44,0.833,0.25,0.345,0.625
2026-08-06 02:00:00,2,3,0,17,6,11,198,200,2,15,30,24,5,12,1,8,16,55,3,8,42,0.417,0.125,0.291,0.375
2026-08-06 03:00:00,3,3,0,13,4,14,198,200,2,19,30,16,6,12,1,8,10,55,4,8,45,0.5,0.125,0.182,0.5
2026-08-06 04:00:00,4,3,0,17,5,14,198,200,2,16,30,14,6,12,1,8,8,55,2,8,50,0.5,0.125,0.145,0.25
2026-08-06 05:00:00,5,3,0,18,6,12,198,200,2,17,30,24,7,12,3,8,14,55,4,8,44,0.583,0.375,0.255,0.5
2026-08-06 06:00:00,6,3,0,16,5,14,198,200,2,16,30,24,7,12,2,8,15,55,5,8,47,0.583,0.25,0.273,0.625
2026-08-06 07:00:00,7,3,0,21,6,9,198,200,2,16,30,25,6,12,1,8,13,55,4,8,80,0.5,0.125,0.236,0.5
2026-08-06 08:00:00,8,3,0,21,6,9,198,200,2,22,30,23,10,12,2,8,14,55,4,8,74,0.833,0.25,0.255,0.5
2026-08-06 09:00:00,9,3,0,21,6,9,198,200,2,18,30,31,9,12,2,8,19,55,6,8,75,0.75,0.25,0.345,0.75
2026-08-06 10:00:00,10,3,0,17,5,10,198,200,2,20,30,25,9,12,3,8,13,55,5,8,71,0.75,0.375,0.236,0.625
2026-08-06 11:00:00,11,3,0,15,4,3,198,200,2,19,30,19,7,12,1,8,10,55,5,8,80,0.583,0.125,0.182,0.625
2026-08-06 12:00:00,12,3,0,28,7,13,198,200,2,14,30,34,14,12,3,8,22,55,6,8,72,1.167,0.375,0.4,0.75
2026-08-06 13:00:00,13,3,0,26,7,11,198,200,2,25,30,32,11,12,3,8,20,55,8,8,73,0.917,0.375,0.364,1.0
2026-08-06 14:00:00,14,3,0,22,6,11,198,200,2,22,30,33,10,12,3,8,20,55,7,8,78,0.833,0.375,0.364,0.875
2026-08-06 15:00:00,15,3,0,20,5,8,198,200,2,19,30,28,10,12,3,8,16,55,7,8,73,0.833,0.375,0.291,0.875
2026-08-06 16:00:00,16,3,0,19,5,14,198,200,2,19,30,25,10,12,3,8,19,55,6,8,74,0.833,0.375,0.345,0.75
2026-08-06 17:00:00,17,3,0,23,7,16,198,200,2,17,30,30,10,12,2,8,17,55,6,8,73,0.833,0.25,0.309,0.75
2026-08-06 18:00:00,18,3,0,21,6,7,198,200,2,21,30,23,7,12,2,8,15,55,3,8,73,0.583,0.25,0.273,0.375
2026-08-06 19:00:00,19,3,0,17,5,10,198,200,2,17,30,26,6,12,0,8,15,55,5,8,49,0.5,0.0,0.273,0.625
2026-08-06 20:00:00,20,3,0,31,10,15,198,200,2,18,30,37,11,12,4,8,23,55,5,8,50,0.917,0.5,0.418,0.625
2026-08-06 21:00:00,21,3,0,24,8,11,198,200,2,16,30,25,10,12,2,8,16,55,3,8,46,0.833,0.25,0.291,0.375
2026-08-06 22:00:00,22,3,0,18,6,13,198,200,2,18,30,24,8,12,1,8,12,55,4,8,46,0.667,0.125,0.218,0.5
2026-08-06 23:00:00,23,3,0,9,3,13,198,200,2,20,30,14,4,12,2,8,9,55,3,8,46,0.333,0.25,0.164,0.375
2026-08-07 00:00:00,0,4,0,17,6,9,198,200,2,21,30,20,6,12,3,8,15,55,4,8,44,0.5,0.375,0.273,0.5
2026-08-07 01:00:00,1,4,0,22,7,15,198,200,2,18,30,27,9,12,2,8,20,55,5,8,43,0.75,0.25,0.364,0.625
2026-08-07 02:00:00,2,4,0,10,3,8,198,200,2,19,30,17,5,12,1,8,10,55,5,8,49,0.417,0.125,0.182,0.625
2026-08-07 03:00:00,3,4,0,13,4,6,198,200,2,19,30,21,7,12,2,8,13,55,5,8,51,0.583,0.25,0.236,0.625
2026-08-07 04:00:00,4,4,0,19,6,17,198,200,2,15,30,20,9,12,1,8,17,55,3,8,51,0.75,0.125,0.309,0.375
2026-08-07 05:00:00,5,4,0,14,4,13,198,200,2,21,30,14,7,12,1,8,11,55,2,8,41,0.583,0.125,0.2,0.25
2026-08-07 06:00:00,6,4,0,14,4,8,198,200,2,20,30,23,5,12,4,8,13,55,3,8,47,0.417,0.5,0.236,0.375
2026-08-07 07:00:00,7,4,0,20,6,7,198,200,2,17,30,25,9,12,3,8,14,55,3,8,71,0.75,0.375,0.255,0.375
2026-08-07 08:00:00,8,4,0,20,6,10,198,200,2,21,30,22,7,12,0,8,16,55,4,8,74,0.583,0.0,0.291,0.5
2026-08-07 09:00:00,9,4,0,23,6,14,198,200,2,21,30,30,10,12,1,8,17,55,5,8,73,0.833,0.125,0.309,0.625
2026-08-07 10:00:00,10,4,0,23,6,5,198,200,2,18,30,27,10,12,3,8,19,55,4,8,76,0.833,0.375,0.345,0.5
2026-08-07 11:00:00,11,4,0,19,5,8,198,200,2,20,30,28,9,12,4,8,18,55,6,8,74,0.75,0.5,0.327,0.75
2026-08-07 12:00:00,12,4,0,15,4,10,198,200,2,22,30,22,8,12,1,8,15,55,5,8,68,0.667,0.125,0.273,0.625
2026-08-07 13:00:00,13,4,0,31,8,12,198,200,2,18,30,40,14,12,4,8,24,55,6,8,71,1.167,0.5,0.436,0.75
2026-08-07 14:00:00,14,4,0,15,4,6,198,200,2,23,30,26,9,12,4,8,15,55,7,8,74,0.75,0.5,0.273,0.875
2026-08-07 15:00:00,15,4,0,26,7,15,198,200,2,18,30,30,9,12,5,8,22,55,5,8,74,0.75,0.625,0.4,0.625
2026-08-07 16:00:00,16,4,0,16,4,11,198,200,2,22,30,27,8,12,3,8,16,55,6,8,70,0.667,0.375,0.291,0.75
2026-08-07 17:00:00,17,4,0,25,7,10,198,200,2,20,30,32,9,12,4,8,19,55,6,8,69,0.75,0.5,0.345,0.75
2026-08-07 18:00:00,18,4,0,17,5,15,198,200,2,19,30,23,7,12,0,8,14,55,5,8,74,0.583,0.0,0.255,0.625
2026-08-07 19:00:00,19,4,0,20,6,11,198,200,2,19,30,28,12,12,5,8,18,55,6,8,44,1.0,0.625,0.327,0.75
2026-08-07 20:00:00,20,4,0,29,9,10,198,200,2,19,30,35,11,12,3,8,20,55,6,8,43,0.917,0.375,0.364,0.75
2026-08-07 21:00:00,21,4,0,18,6,19,198,200,2,17,30,22,6,12,1,8,13,55,4,8,47,0.5,0.125,0.236,0.5
2026-08-07 22:00:00,22,4,0,18,6,9,198,200,2,21,30,22,8,12,2,8,12,55,5,8,47,0.667,0.25,0.218,0.625
2026-08-07 23:00:00,23,4,0,17,6,13,198,200,2,14,30,21,7,12,4,8,15,55,5,8,45,0.583,0.5,0.273,0.625
2026-08-08 00:00:00,0,5,1,11,4,11,198,200,2,14,30,10,3,12,3,8,4,55,2,8,46,0.25,0.375,0.073,0.25
2026-08-08 01:00:00,1,5,1,12,4,14,198,200,2,15,30,11,6,12,1,8,3,55,3,8,48,0.5,0.125,0.055,0.375
2026-08-08 02:00:00,2,5,1,13,4,11,198,200,2,14,30,12,5,12,2,8,4,55,2,8,46,0.417,0.25,0.073,0.25
2026-08-08 03:00:00,3,5,1,15,5,7,198,200,2,21,30,19,6,12,2,8,9,55,4,8,48,0.5,0.25,0.164,0.5
2026-08-08 04:00:00,4,5,1,12,4,17,198,200,2,17,30,11,3,12,0,8,10,55,0,8,47,0.25,0.0,0.182,0.0
2026-08-08 05:00:00,5,5,1,13,4,9,198,200,2,17,30,14,4,12,3,8,9,55,2,8,49,0.333,0.375,0.164,0.25
2026-08-08 06:00:00,6,5,1,17,5,13,198,200,2,14,30,9,5,12,0,8,7,55,1,8,51,0.417,0.0,0.127,0.125
2026-08-08 07:00:00,7,5,1,11,3,11,198,200,2,19,30,19,6,12,3,8,13,55,3,8,77,0.5,0.375,0.236,0.375
2026-08-08 08:00:00,8,5,1,11,3,7,198,200,2,12,30,14,2,12,3,8,9,55,1,8,78,0.167,0.375,0.164,0.125
2026-08-08 09:00:00,9,5,1,20,5,8,198,200,2,21,30,23,8,12,3,8,14,55,3,8,77,0.667,0.375,0.255,0.375
2026-08-08 10:00:00,10,5,1,19,5,5,198,200,2,15,30,25,6,12,4,8,18,55,2,8,75,0.5,0.5,0.327,0.25
2026-08-08 11:00:00,11,5,1,21,5,11,198,200,2,16,30,18,10,12,4,8,11,55,2,8,73,0.833,0.5,0.2,0.25
2026-08-08 12:00:00,12,5,1,19,5,11,198,200,2,15,30,24,7,12,2,8,18,55,1,8,73,0.583,0.25,0.327,0.125
2026-08-08 13:00:00,13,5,1,26,7,8,198,200,2,14,30,23,8,12,1,8,16,55,2,8,71,0.667,0.125,0.291,0.25
2026-08-08 14:00:00,14,5,1,14,4,13,198,200,2,22,30,19,7,12,0,8,11,55,4,8,74,0.583,0.0,0.2,0.5
2026-08-08 15:00:00,15,5,1,21,6,5,198,200,2,19,30,19,6,12,4,8,11,55,3,8,76,0.5,0.5,0.2,0.375
2026-08-08 16:00:00,16,5,1,12,3,4,198,200,2,19,30,15,5,12,1,8,8,55,3,8,72,0.417,0.125,0.145,0.375
2026-08-08 17:00:00,17,5,1,13,4,11,198,200,2,15,30,19,7,12,3,8,14,55,4,8,74,0.583,0.375,0.255,0.5
2026-08-08 18:00:00,18,5,1,19,6,11,198,200,2,17,30,21,10,12,1,8,12,55,3,8,72,0.833,0.125,0.218,0.375
2026-08-08 19:00:00,19,5,1,20,6,11,198,200,2,17,30,23,9,12,4,8,13,55,2,8,49,0.75,0.5,0.236,0.25
2026-08-08 20:00:00,20,5,1,19,6,12,198,200,2,18,30,22,10,12,1,8,14,55,3,8,46,0.833,0.125,0.255,0.375
2026-08-08 21:00:00,21,5,1,14,5,15,198,200,2,14,30,14,4,12,0,8,8,55,2,8,46,0.333,0.0,0.145,0.25
2026-08-08 22:00:00,22,5,1,16,5,6,198,200,2,18,30,15,6,12,1,8,10,55,2,8,46,0.5,0.125,0.182,0.25
2026-08-08 23:00:00,23,5,1,13,4,13,198,200,2,16,30,15,5,12,1,8,13,55,1,8,50,0.417,0.125,0.236,0.125
2026-08-09 00:00:00,0,6,1,14,5,8,198,200,2,15,30,15,6,12,2,8,11,55,3,8,48,0.5,0.25,0.2,0.375
2026-08-09 01:00:00,1,6,1,16,5,7,198,200,2,12,30,20,9,12,2,8,12,55,2,8,47,0.75,0.25,0.218,0.25
2026-08-09 02:00:00,2,6,1,12,4,13,198,200,2,17,30,17,5,12,2,8,8,55,2,8,49,0.417,0.25,0.145,0.25
2026-08-09 03:00:00,3,6,1,16,5,9,198,200,2,20,30,10,3,12,1,8,5,55,1,8,47,0.25,0.125,0.091,0.125
2026-08-09 04:00:00,4,6,1,16,5,11,198,200,2,14,30,20,8,12,1,8,14,55,2,8,51,0.667,0.125,0.255,0.25
2026-08-09 05:00:00,5,6,1,18,6,5,198,200,2,16,30,23,5,12,2,8,12,55,1,8,45,0.417,0.25,0.218,0.125
2026-08-09 06:00:00,6,6,1,14,4,7,198,200,2,18,30,16,5,12,4,8,14,55,2,8,47,0.417,0.5,0.255,0.25
2026-08-09 07:00:00,7,6,1,13,4,6,198,200,2,14,30,18,6,12,2,8,11,55,3,8,70,0.5,0.25,0.2,0.375
2026-08-09 08:00:00,8,6,1,15,4,6,198,200,2,16,30,21,6,12,0,8,13,55,3,8,73,0.5,0.0,0.236,0.375
2026-08-09 09:00:00,9,6,1,16,4,8,198,200,2,14,30,16,7,12,1,8,9,55,2,8,69,0.583,0.125,0.164,0.25
2026-08-09 10:00:00,10,6,1,14,4,6,198,200,2,17,30,14,3,12,1,8,10,55,1,8,76,0.25,0.125,0.182,0.125
2026-08-09 11:00:00,11,6,1,17,4,10,198,200,2,21,30,19,6,12,4,8,9,55,5,8,76,0.5,0.5,0.164,0.625
2026-08-09 12:00:00,12,6,1,19,5,8,198,200,2,18,30,23,8,12,3,8,19,55,4,8,76,0.667,0.375,0.345,0.5
2026-08-09 13:00:00,13,6,1,22,6,7,198,200,2,15,30,25,11,12,2,8,18,55,3,8,74,0.917,0.25,0.327,0.375
2026-08-09 14:00:00,14,6,1,22,6,10,198,200,2,15,30,24,8,12,5,8,17,55,2,8,71,0.667,0.625,0.309,0.25
2026-08-09 15:00:00,15,6,1,15,4,5,198,200,2,15,30,19,8,12,2,8,9,55,2,8,72,0.667,0.25,0.164,0.25
2026-08-09 16:00:00,16,6,1,21,6,8,198,200,2,14,30,19,8,12,3,8,12,55,2,8,79,0.667,0.375,0.218,0.25
2026-08-09 17:00:00,17,6,1,18,5,10,198,200,2,18,30,21,7,12,1,8,15,55,4,8,78,0.583,0.125,0.273,0.5
2026-08-09 18:00:00,18,6,1,13,4,8,198,200,2,18,30,22,6,12,0,8,15,55,3,8,74,0.5,0.0,0.273,0.375
2026-08-09 19:00:00,19,6,1,13,4,12,198,200,2,17,30,14,3,12,0,8,7,55,2,8,46,0.25,0.0,0.127,0.25
2026-08-09 20:00:00,20,6,1,13,4,11,198,200,2,16,30,15,5,12,0,8,8,55,2,8,52,0.417,0.0,0.145,0.25
2026-08-09 21:00:00,21,6,1,17,6,10,198,200,2,17,30,19,6,12,4,8,11,55,3,8,46,0.5,0.5,0.2,0.375
2026-08-09 22:00:00,22,6,1,20,7,16,198,200,2,18,30,21,9,12,2,8,12,55,4,8,49,0.75,0.25,0.218,0.5
2026-08-09 23:00:00,23,6,1,13,4,9,198,200,2,15,30,23,9,12,1,8,17,55,4,8,52,0.75,0.125,0.309,0.5
2026-08-10 00:00:00,0,0,0,16,5,11,198,200,2,19,30,21,7,12,3,8,9,55,5,8,45,0.583,0.375,0.164,0.625
2026-08-10 01:00:00,1,0,0,14,5,12,198,200,2,17,30,15,4,12,2,8,11,55,4,8,50,0.333,0.25,0.2,0.5
2026-08-10 02:00:00,2,0,0,10,3,8,198,200,2,12,30,9,4,12,2,8,3,55,1,8,50,0.333,0.25,0.055,0.125
2026-08-10 03:00:00,3,0,0,14,5,8,198,200,2,19,30,14,4,12,3,8,7,55,5,8,48,0.333,0.375,0.127,0.625
2026-08-10 04:00:00,4,0,0,19,6,12,198,200,2,17,30,21,6,12,2,8,9,55,4,8,45,0.5,0.25,0.164,0.5
2026-08-10 05:00:00,5,0,0,21,7,9,198,200,2,18,30,22,6,12,1,8,13,55,4,8,46,0.5,0.125,0.236,0.5
2026-08-10 06:00:00,6,0,0,17,5,10,198,200,2,20,30,25,8,12,3,8,19,55,5,8,49,0.667,0.375,0.345,0.625
2026-08-10 07:00:00,7,0,0,22,6,7,198,200,2,15,30,22,9,12,3,8,14,55,3,8,70,0.75,0.375,0.255,0.375
2026-08-10 08:00:00,8,0,0,16,4,11,198,200,2,19,30,25,8,12,3,8,13,55,5,8,74,0.667,0.375,0.236,0.625
2026-08-10 09:00:00,9,0,0,14,4,5,198,200,2,16,30,26,8,12,5,8,18,55,6,8,76,0.667,0.625,0.327,0.75
2026-08-10 10:00:00,10,0,0,34,9,2,198,200,2,23,30,41,12,12,4,8,28,55,6,8,77,1.0,0.5,0.509,0.75
2026-08-10 11:00:00,11,0,0,25,7,7,198,200,2,17,30,31,11,12,2,8,19,55,6,8,70,0.917,0.25,0.345,0.75
2026-08-10 12:00:00,12,0,0,21,5,7,198,200,2,18,30,28,8,12,3,8,21,55,6,8,78,0.667,0.375,0.382,0.75
2026-08-10 13:00:00,13,0,0,23,6,11,198,200,2,21,30,23,8,12,2,8,16,55,5,8,79,0.667,0.25,0.291,0.625
2026-08-10 14:00:00,14,0,0,25,7,10,198,200,2,19,30,31,10,12,4,8,21,55,6,8,75,0.833,0.5,0.382,0.75
2026-08-10 15:00:00,15,0,0,19,5,10,198,200,2,17,30,24,9,12,2,8,13,55,6,8,71,0.75,0.25,0.236,0.75
2026-08-10 16:00:00,16,0,0,21,6,6,198,200,2,21,30,30,10,12,3,8,20,55,6,8,73,0.833,0.375,0.364,0.75
2026-08-10 17:00:00,17,0,0,20,6,8,198,200,2,22,30,37,12,12,6,8,23,55,7,8,74,1.0,0.75,0.418,0.875
2026-08-10 18:00:00,18,0,0,19,6,20,198,200,2,18,30,28,10,12,2,8,18,55,6,8,75,0.833,0.25,0.327,0.75
2026-08-10 19:00:00,19,0,0,19,6,10,198,200,2,19,30,22,11,12,1,8,12,55,7,8,48,0.917,0.125,0.218,0.875
2026-08-10 20:00:00,20,0,0,20,6,13,198,200,2,19,30,28,11,12,4,8,18,55,7,8,49,0.917,0.5,0.327,0.875
2026-08-10 21:00:00,21,0,0,22,7,14,198,200,2,18,30,28,10,12,2,8,16,55,5,8,48,0.833,0.25,0.291,0.625
2026-08-10 22:00:00,22,0,0,21,7,16,198,200,2,12,30,20,7,12,1,8,8,55,1,8,49,0.583,0.125,0.145,0.125
2026-08-10 23:00:00,23,0,0,20,7,13,198,200,2,19,30,25,8,12,3,8,17,55,6,8,47,0.667,0.375,0.309,0.75
2026-08-11 00:00:00,0,1,0,16,5,16,198,200,2,21,30,21,6,12,3,8,10,55,4,8,47,0.5,0.375,0.182,0.5
2026-08-11 01:00:00,1,1,0,11,4,10,198,200,2,16,30,12,3,12,2,8,8,55,4,8,46,0.25,0.25,0.145,0.5
2026-08-11 02:00:00,2,1,0,16,5,11,198,200,2,17,30,18,5,12,1,8,12,55,4,8,54,0.417,0.125,0.218,0.5
2026-08-11 03:00:00,3,1,0,18,6,10,198,200,2,16,30,24,9,12,3,8,16,55,4,8,52,0.75,0.375,0.291,0.5
2026-08-11 04:00:00,4,1,0,12,4,11,198,200,2,20,30,16,4,12,1,8,9,55,5,8,50,0.333,0.125,0.164,0.625
2026-08-11 05:00:00,5,1,0,9,3,15,198,200,2,19,30,14,7,12,1,8,9,55,3,8,52,0.583,0.125,0.164,0.375
2026-08-11 06:00:00,6,1,0,12,4,9,198,200,2,19,30,11,5,12,2,8,8,55,3,8,50,0.417,0.25,0.145,0.375
2026-08-11 07:00:00,7,1,0,13,4,9,198,200,2,16,30,25,8,12,2,8,17,55,5,8,75,0.667,0.25,0.309,0.625
2026-08-11 08:00:00,8,1,0,9,3,12,198,200,2,19,30,14,5,12,2,8,12,55,5,8,69,0.417,0.25,0.218,0.625
2026-08-11 09:00:00,9,1,0,20,5,8,198,200,2,22,30,27,8,12,3,8,17,55,6,8,73,0.667,0.375,0.309,0.75
2026-08-11 10:00:00,10,1,0,19,5,8,198,200,2,19,30,24,9,12,1,8,15,55,4,8,73,0.75,0.125,0.273,0.5
2026-08-11 11:00:00,11,1,0,15,4,12,198,200,2,19,30,18,8,12,3,8,9,55,4,8,71,0.667,0.375,0.164,0.5
2026-08-11 12:00:00,12,1,0,13,3,7,198,200,2,17,30,20,5,12,3,8,13,55,5,8,70,0.417,0.375,0.236,0.625
2026-08-11 13:00:00,13,1,0,23,6,8,198,200,2,20,30,31,8,12,1,8,21,55,6,8,75,0.667,0.125,0.382,0.75
2026-08-11 14:00:00,14,1,0,29,8,7,198,200,2,23,30,39,14,12,4,8,24,55,7,8,75,1.167,0.5,0.436,0.875
2026-08-11 15:00:00,15,1,0,34,9,9,198,200,2,19,30,38,14,12,3,8,25,55,4,8,70,1.167,0.375,0.455,0.5
2026-08-11 16:00:00,16,1,0,14,4,10,198,200,2,17,30,22,6,12,3,8,13,55,6,8,72,0.5,0.375,0.236,0.75
2026-08-11 17:00:00,17,1,0,16,5,12,198,200,2,17,30,20,6,12,1,8,14,55,4,8,77,0.5,0.125,0.255,0.5
2026-08-11 18:00:00,18,1,0,22,7,11,198,200,2,20,30,33,10,12,3,8,22,55,4,8,71,0.833,0.375,0.4,0.5
2026-08-11 19:00:00,19,1,0,17,5,10,198,200,2,20,30,27,8,12,3,8,19,55,6,8,49,0.667,0.375,0.345,0.75
2026-08-11 20:00:00,20,1,0,14,4,6,198,200,2,20,30,19,6,12,2,8,12,55,6,8,47,0.5,0.25,0.218,0.75
2026-08-11 21:00:00,21,1,0,12,4,17,198,200,2,17,30,19,6,12,3,8,10,55,5,8,50,0.5,0.375,0.182,0.625
2026-08-11 22:00:00,22,1,0,13,4,16,198,200,2,22,30,20,6,12,0,8,11,55,6,8,45,0.5,0.0,0.2,0.75
2026-08-11 23:00:00,23,1,0,25,8,18,198,200,2,21,30,28,9,12,4,8,19,55,4,8,48,0.75,0.5,0.345,0.5
2026-08-12 00:00:00,0,2,0,14,5,6,198,200,2,20,30,15,5,12,2,8,14,55,4,8,49,0.417,0.25,0.255,0.5
2026-08-12 01:00:00,1,2,0,8,3,11,198,200,2,23,30,17,6,12,3,8,10,55,7,8,49,0.5,0.375,0.182,0.875
2026-08-12 02:00:00,2,2,0,17,6,14,198,200,2,17,30,27,9,12,4,8,18,55,4,8,48,0.75,0.5,0.327,0.5
2026-08-12 03:00:00,3,2,0,14,5,8,198,200,2,18,30,22,9,12,2,8,13,55,5,8,49,0.75,0.25,0.236,0.625
2026-08-12 04:00:00,4,2,0,14,4,9,198,200,2,17,30,11,5,12,0,8,5,55,4,8,55,0.417,0.0,0.091,0.5
2026-08-12 05:00:00,5,2,0,14,4,4,198,200,2,17,30,21,5,12,2,8,12,55,3,8,56,0.417,0.25,0.218,0.375
2026-08-12 06:00:00,6,2,0,21,6,8,198,200,2,19,30,25,9,12,4,8,11,55,2,8,45,0.75,0.5,0.2,0.25
2026-08-12 07:00:00,7,2,0,18,5,15,198,200,2,20,30,21,8,12,3,8,16,55,4,8,66,0.667,0.375,0.291,0.5
2026-08-12 08:00:00,8,2,0,18,5,11,198,200,2,20,30,28,9,12,2,8,13,55,6,8,75,0.75,0.25,0.236,0.75
2026-08-12 09:00:00,9,2,0,18,5,3,198,200,2,17,30,23,6,12,0,8,14,55,6,8,74,0.5,0.0,0.255,0.75
2026-08-12 10:00:00,10,2,0,27,7,7,198,200,2,16,30,32,11,12,3,8,17,55,6,8,76,0.917,0.375,0.309,0.75
2026-08-12 11:00:00,11,2,0,25,7,6,198,200,2,19,30,33,11,12,3,8,19,55,4,8,74,0.917,0.375,0.345,0.5
2026-08-12 12:00:00,12,2,0,17,5,5,198,200,2,22,30,26,7,12,2,8,19,55,7,8,73,0.583,0.25,0.345,0.875
2026-08-12 13:00:00,13,2,0,24,6,10,198,200,2,19,30,23,6,12,3,8,15,55,5,8,76,0.5,0.375,0.273,0.625
2026-08-12 14:00:00,14,2,0,33,9,15,198,200,2,24,30,38,13,12,5,8,22,55,6,8,77,1.083,0.625,0.4,0.75
2026-08-12 15:00:00,15,2,0,22,6,11,198,200,2,17,30,29,9,12,4,8,17,55,6,8,69,0.75,0.5,0.309,0.75
2026-08-12 16:00:00,16,2,0,23,7,12,198,200,2,17,30,33,11,12,4,8,19,55,6,8,71,0.917,0.5,0.345,0.75
2026-08-12 17:00:00,17,2,0,24,7,10,198,200,2,19,30,32,11,12,1,8,20,55,7,8,73,0.917,0.125,0.364,0.875
2026-08-12 18:00:00,18,2,0,31,9,15,198,200,2,18,30,34,10,12,3,8,21,55,5,8,73,0.833,0.375,0.382,0.625
2026-08-12 19:00:00,19,2,0,26,8,13,198,200,2,19,30,32,10,12,6,8,24,55,4,8,46,0.833,0.75,0.436,0.5
2026-08-12 20:00:00,20,2,0,21,7,9,198,200,2,18,30,27,10,12,3,8,13,55,5,8,48,0.833,0.375,0.236,0.625
2026-08-12 21:00:00,21,2,0,20,7,10,198,200,2,16,30,23,8,12,3,8,14,55,5,8,50,0.667,0.375,0.255,0.625
2026-08-12 22:00:00,22,2,0,22,7,19,198,200,2,23,30,36,10,12,4,8,22,55,8,8,52,0.833,0.5,0.4,1.0
2026-08-12 23:00:00,23,2,0,13,4,12,198,200,2,15,30,20,6,12,2,8,14,55,5,8,49,0.5,0.25,0.255,0.625
2026-08-13 00:00:00,0,3,0,14,5,14,198,200,2,16,30,19,5,12,0,8,12,55,4,8,44,0.417,0.0,0.218,0.5
2026-08-13 01:00:00,1,3,0,20,7,13,198,200,2,14,30,23,9,12,2,8,15,55,3,8,47,0.75,0.25,0.273,0.375
2026-08-13 02:00:00,2,3,0,17,6,17,198,200,2,17,30,15,6,12,1,8,10,55,2,8,47,0.5,0.125,0.182,0.25
2026-08-13 03:00:00,3,3,0,19,6,13,198,200,2,17,30,20,5,12,3,8,11,55,3,8,49,0.417,0.375,0.2,0.375
2026-08-13 04:00:00,4,3,0,13,4,12,198,200,2,22,30,18,7,12,2,8,14,55,4,8,48,0.583,0.25,0.255,0.5
2026-08-13 05:00:00,5,3,0,20,6,12,198,200,2,21,30,27,8,12,1,8,18,55,6,8,53,0.667,0.125,0.327,0.75
2026-08-13 06:00:00,6,3,0,16,5,10,198,200,2,22,30,28,12,12,3,8,19,55,6,8,46,1.0,0.375,0.345,0.75
2026-08-13 07:00:00,7,3,0,25,7,7,198,200,2,19,30,30,10,12,2,8,21,55,5,8,74,0.833,0.25,0.382,0.625
2026-08-13 08:00:00,8,3,0,18,5,8,198,200,2,16,30,25,7,12,1,8,16,55,4,8,80,0.583,0.125,0.291,0.5
2026-08-13 09:00:00,9,3,0,24,7,10,198,200,2,19,30,29,8,12,2,8,21,55,5,8,71,0.667,0.25,0.382,0.625
2026-08-13 10:00:00,10,3,0,28,8,8,198,200,2,20,30,35,12,12,4,8,22,55,5,8,73,1.0,0.5,0.4,0.625
2026-08-13 11:00:00,11,3,0,25,7,11,198,200,2,22,30,34,11,12,5,8,21,55,7,8,70,0.917,0.625,0.382,0.875
2026-08-13 12:00:00,12,3,0,22,6,5,198,200,2,18,30,27,9,12,3,8,17,55,5,8,73,0.75,0.375,0.309,0.625
2026-08-13 13:00:00,13,3,0,28,7,12,198,200,2,21,30,34,14,12,4,8,21,55,6,8,71,1.167,0.5,0.382,0.75
2026-08-13 14:00:00,14,3,0,23,6,7,198,200,2,16,30,23,7,12,3,8,13,55,4,8,76,0.583,0.375,0.236,0.5
2026-08-13 15:00:00,15,3,0,26,7,16,198,200,2,18,30,34,12,12,4,8,24,55,6,8,73,1.0,0.5,0.436,0.75
2026-08-13 16:00:00,16,3,0,29,8,15,198,200,2,18,30,36,14,12,4,8,23,55,7,8,70,1.167,0.5,0.418,0.875
2026-08-13 17:00:00,17,3,0,19,6,11,198,200,2,19,30,23,8,12,0,8,14,55,5,8,76,0.667,0.0,0.255,0.625
2026-08-13 18:00:00,18,3,0,16,5,16,198,200,2,16,30,25,6,12,3,8,16,55,5,8,74,0.5,0.375,0.291,0.625
2026-08-13 19:00:00,19,3,0,24,8,12,198,200,2,19,30,27,10,12,2,8,23,55,6,8,50,0.833,0.25,0.418,0.75
2026-08-13 20:00:00,20,3,0,22,7,14,198,200,2,20,30,24,7,12,4,8,13,55,4,8,44,0.583,0.5,0.236,0.5
2026-08-13 21:00:00,21,3,0,16,5,13,198,200,2,17,30,27,11,12,3,8,15,55,6,8,48,0.917,0.375,0.273,0.75
2026-08-13 22:00:00,22,3,0,25,9,14,198,200,2,17,30,29,9,12,3,8,15,55,4,8,49,0.75,0.375,0.273,0.5
2026-08-13 23:00:00,23,3,0,25,9,13,198,200,2,18,30,28,14,12,1,8,17,55,4,8,46,1.167,0.125,0.309,0.5
2026-08-14 00:00:00,0,4,0,22,8,16,198,200,2,18,30,25,11,12,4,8,16,55,3,8,43,0.917,0.5,0.291,0.375
2026-08-14 01:00:00,1,4,0,18,6,8,198,200,2,18,30,24,7,12,3,8,14,55,5,8,47,0.583,0.375,0.255,0.625
2026-08-14 02:00:00,2,4,0,14,5,10,198,200,2,22,30,19,7,12,2,8,11,55,7,8,51,0.583,0.25,0.2,0.875
2026-08-14 03:00:00,3,4,0,14,5,12,198,200,2,20,30,19,8,12,1,8,12,55,5,8,50,0.667,0.125,0.218,0.625
2026-08-14 04:00:00,4,4,0,19,6,13,198,200,2,19,30,26,10,12,2,8,15,55,3,8,46,0.833,0.25,0.273,0.375
2026-08-14 05:00:00,5,4,0,18,6,8,198,200,2,19,30,22,8,12,2,8,14,55,5,8,43,0.667,0.25,0.255,0.625
2026-08-14 06:00:00,6,4,0,12,4,14,198,200,2,17,30,16,7,12,1,8,12,55,4,8,46,0.583,0.125,0.218,0.5
2026-08-14 07:00:00,7,4,0,16,5,14,198,200,2,18,30,22,7,12,3,8,15,55,6,8,72,0.583,0.375,0.273,0.75
2026-08-14 08:00:00,8,4,0,17,5,11,198,200,2,20,30,24,8,12,0,8,17,55,6,8,74,0.667,0.0,0.309,0.75
2026-08-14 09:00:00,9,4,0,21,6,10,198,200,2,16,30,20,7,12,2,8,15,55,2,8,73,0.583,0.25,0.273,0.25
2026-08-14 10:00:00,10,4,0,26,7,11,198,200,2,17,30,30,12,12,5,8,19,55,4,8,71,1.0,0.625,0.345,0.5
2026-08-14 11:00:00,11,4,0,34,9,6,198,200,2,19,30,40,14,12,4,8,24,55,6,8,76,1.167,0.5,0.436,0.75
2026-08-14 12:00:00,12,4,0,25,7,13,198,200,2,18,30,34,12,12,4,8,20,55,6,8,73,1.0,0.5,0.364,0.75
2026-08-14 13:00:00,13,4,0,28,7,13,198,200,2,19,30,29,11,12,5,8,17,55,5,8,74,0.917,0.625,0.309,0.625
2026-08-14 14:00:00,14,4,0,29,8,5,198,200,2,16,30,32,8,12,1,8,19,55,5,8,68,0.667,0.125,0.345,0.625
2026-08-14 15:00:00,15,4,0,33,9,6,198,200,2,19,30,34,12,12,3,8,23,55,4,8,66,1.0,0.375,0.418,0.5
2026-08-14 16:00:00,16,4,0,21,6,10,198,200,2,21,30,29,10,12,2,8,19,55,6,8,69,0.833,0.25,0.345,0.75
2026-08-14 17:00:00,17,4,0,25,7,10,198,200,2,20,30,32,13,12,4,8,21,55,8,8,72,1.083,0.5,0.382,1.0
2026-08-14 18:00:00,18,4,0,20,6,18,198,200,2,23,30,30,8,12,4,8,16,55,6,8,75,0.667,0.5,0.291,0.75
2026-08-14 19:00:00,19,4,0,27,9,19,198,200,2,22,30,40,16,12,3,8,28,55,8,8,40,1.333,0.375,0.509,1.0
2026-08-14 20:00:00,20,4,0,20,7,12,198,200,2,17,30,24,9,12,3,8,14,55,6,8,52,0.75,0.375,0.255,0.75
2026-08-14 21:00:00,21,4,0,29,10,13,198,200,2,19,30,33,12,12,3,8,18,55,6,8,48,1.0,0.375,0.327,0.75
2026-08-14 22:00:00,22,4,0,23,8,18,198,200,2,21,30,30,13,12,4,8,18,55,7,8,51,1.083,0.5,0.327,0.875
2026-08-14 23:00:00,23,4,0,17,6,17,198,200,2,20,30,31,11,12,2,8,24,55,5,8,44,0.917,0.25,0.436,0.625
2026-08-15 00:00:00,0,5,1,18,6,12,198,200,2,16,30,17,7,12,2,8,10,55,2,8,49,0.583,0.25,0.182,0.25
2026-08-15 01:00:00,1,5,1,17,6,16,198,200,2,15,30,25,9,12,2,8,15,55,3,8,47,0.75,0.25,0.273,0.375
2026-08-15 02:00:00,2,5,1,16,5,10,198,200,2,15,30,15,5,12,3,8,9,55,3,8,49,0.417,0.375,0.164,0.375
2026-08-15 03:00:00,3,5,1,15,5,15,198,200,2,14,30,11,4,12,1,8,7,55,1,8,46,0.333,0.125,0.127,0.125
2026-08-15 04:00:00,4,5,1,19,6,11,198,200,2,14,30,16,5,12,2,8,8,55,1,8,48,0.417,0.25,0.145,0.125
2026-08-15 05:00:00,5,5,1,15,5,17,198,200,2,14,30,14,5,12,2,8,9,55,2,8,50,0.417,0.25,0.164,0.25
2026-08-15 06:00:00,6,5,1,13,4,14,198,200,2,15,30,15,2,12,2,8,11,55,3,8,45,0.167,0.25,0.2,0.375
2026-08-15 07:00:00,7,5,1,25,7,9,198,200,2,19,30,24,9,12,3,8,16,55,3,8,74,0.75,0.375,0.291,0.375
2026-08-15 08:00:00,8,5,1,25,7,10,198,200,2,19,30,20,7,12,2,8,10,55,1,8,67,0.583,0.25,0.182,0.125
2026-08-15 09:00:00,9,5,1,31,9,9,198,200,2,20,30,37,12,12,3,8,22,55,4,8,75,1.0,0.375,0.4,0.5
2026-08-15 10:00:00,10,5,1,19,5,6,198,200,2,19,30,23,8,12,2,8,13,55,2,8,79,0.667,0.25,0.236,0.25
2026-08-15 11:00:00,11,5,1,22,6,9,198,200,2,18,30,25,6,12,3,8,16,55,2,8,69,0.5,0.375,0.291,0.25
2026-08-15 12:00:00,12,5,1,19,5,14,198,200,2,18,30,21,10,12,2,8,16,55,2,8,73,0.833,0.25,0.291,0.25
2026-08-15 13:00:00,13,5,1,20,5,6,198,200,2,18,30,26,9,12,2,8,16,55,5,8,76,0.75,0.25,0.291,0.625
2026-08-15 14:00:00,14,5,1,29,8,6,198,200,2,18,30,28,10,12,3,8,17,55,3,8,73,0.833,0.375,0.309,0.375
2026-08-15 15:00:00,15,5,1,17,5,12,198,200,2,15,30,15,4,12,0,8,13,55,2,8,73,0.333,0.0,0.236,0.25
2026-08-15 16:00:00,16,5,1,33,9,15,198,200,2,17,30,34,12,12,4,8,23,55,3,8,72,1.0,0.5,0.418,0.375
2026-08-15 17:00:00,17,5,1,20,6,18,198,200,2,17,30,19,9,12,2,8,13,55,3,8,72,0.75,0.25,0.236,0.375
2026-08-15 18:00:00,18,5,1,19,6,10,198,200,2,18,30,17,8,12,3,8,14,55,2,8,74,0.667,0.375,0.255,0.25
2026-08-15 19:00:00,19,5,1,11,3,10,198,200,2,18,30,18,7,12,2,8,12,55,3,8,48,0.583,0.25,0.218,0.375
2026-08-15 20:00:00,20,5,1,14,4,11,198,200,2,16,30,21,8,12,0,8,9,55,2,8,44,0.667,0.0,0.164,0.25
2026-08-15 21:00:00,21,5,1,18,6,8,198,200,2,16,30,20,7,12,2,8,14,55,2,8,48,0.583,0.25,0.255,0.25
2026-08-15 22:00:00,22,5,1,22,7,16,198,200,2,16,30,22,6,12,2,8,10,55,0,8,53,0.5,0.25,0.182,0.0
2026-08-15 23:00:00,23,5,1,18,6,11,198,200,2,17,30,16,6,12,2,8,11,55,1,8,47,0.5,0.25,0.2,0.125
2026-08-16 00:00:00,0,6,1,15,5,16,198,200,2,15,30,16,5,12,0,8,6,55,4,8,44,0.417,0.0,0.109,0.5
2026-08-16 01:00:00,1,6,1,18,6,8,198,200,2,16,30,24,10,12,2,8,14,55,4,8,48,0.833,0.25,0.255,0.5
2026-08-16 02:00:00,2,6,1,12,4,14,198,200,2,18,30,15,6,12,2,8,9,55,2,8,46,0.5,0.25,0.164,0.25
2026-08-16 03:00:00,3,6,1,12,4,5,198,200,2,18,30,17,8,12,1,8,9,55,4,8,44,0.667,0.125,0.164,0.5
2026-08-16 04:00:00,4,6,1,17,5,10,198,200,2,15,30,17,8,12,2,8,10,55,2,8,48,0.667,0.25,0.182,0.25
2026-08-16 05:00:00,5,6,1,10,3,10,198,200,2,15,30,15,4,12,1,8,11,55,2,8,46,0.333,0.125,0.2,0.25
2026-08-16 06:00:00,6,6,1,14,4,12,198,200,2,16,30,12,2,12,0,8,6,55,2,8,46,0.167,0.0,0.109,0.25
2026-08-16 07:00:00,7,6,1,15,4,11,198,200,2,17,30,14,7,12,1,8,10,55,2,8,74,0.583,0.125,0.182,0.25
2026-08-16 08:00:00,8,6,1,20,6,6,198,200,2,14,30,17,8,12,1,8,9,55,2,8,69,0.667,0.125,0.164,0.25
2026-08-16 09:00:00,9,6,1,11,3,10,198,200,2,17,30,15,3,12,2,8,9,55,3,8,69,0.25,0.25,0.164,0.375
2026-08-16 10:00:00,10,6,1,20,5,6,198,200,2,17,30,17,8,12,1,8,11,55,2,8,76,0.667,0.125,0.2,0.25
2026-08-16 11:00:00,11,6,1,16,4,4,198,200,2,18,30,17,6,12,1,8,9,55,3,8,68,0.5,0.125,0.164,0.375
2026-08-16 12:00:00,12,6,1,22,6,10,198,200,2,18,30,23,8,12,4,8,12,55,4,8,71,0.667,0.5,0.218,0.5
2026-08-16 13:00:00,13,6,1,18,5,5,198,200,2,18,30,20,9,12,3,8,13,55,3,8,69,0.75,0.375,0.236,0.375
2026-08-16 14:00:00,14,6,1,21,6,7,198,200,2,15,30,17,8,12,0,8,13,55,2,8,73,0.667,0.0,0.236,0.25
2026-08-16 15:00:00,15,6,1,16,4,6,198,200,2,13,30,16,6,12,1,8,10,55,1,8,75,0.5,0.125,0.182,0.125
2026-08-16 16:00:00,16,6,1,27,8,14,198,200,2,22,30,32,12,12,3,8,19,55,3,8,74,1.0,0.375,0.345,0.375
2026-08-16 17:00:00,17,6,1,22,6,8,198,200,2,16,30,23,9,12,3,8,15,55,2,8,81,0.75,0.375,0.273,0.25
2026-08-16 18:00:00,18,6,1,12,4,13,198,200,2,17,30,20,6,12,1,8,13,55,3,8,77,0.5,0.125,0.236,0.375
2026-08-16 19:00:00,19,6,1,15,5,8,198,200,2,18,30,20,7,12,3,8,13,55,2,8,45,0.583,0.375,0.236,0.25
2026-08-16 20:00:00,20,6,1,14,4,9,198,200,2,22,30,23,6,12,3,8,9,55,5,8,44,0.5,0.375,0.164,0.625
2026-08-16 21:00:00,21,6,1,14,5,14,198,200,2,14,30,14,5,12,2,8,7,55,1,8,56,0.417,0.25,0.127,0.125
2026-08-16 22:00:00,22,6,1,14,5,11,198,200,2,13,30,12,4,12,3,8,6,55,0,8,51,0.333,0.375,0.109,0.0
2026-08-16 23:00:00,23,6,1,11,4,7,198,200,2,14,30,15,4,12,2,8,10,55,2,8,50,0.333,0.25,0.182,0.25
2026-08-17 00:00:00,0,0,0,16,5,16,198,200,2,21,30,19,7,12,2,8,12,55,4,8,48,0.583,0.25,0.218,0.5
2026-08-17 01:00:00,1,0,0,13,4,14,198,200,2,16,30,14,4,12,3,8,10,55,5,8,49,0.333,0.375,0.182,0.625
2026-08-17 02:00:00,2,0,0,18,6,7,198,200,2,19,30,25,9,12,4,8,16,55,5,8,44,0.75,0.5,0.291,0.625
2026-08-17 03:00:00,3,0,0,18,6,11,198,200,2,18,30,22,5,12,1,8,11,55,6,8,48,0.417,0.125,0.2,0.75
2026-08-17 04:00:00,4,0,0,14,4,10,198,200,2,14,30,14,5,12,2,8,12,55,3,8,48,0.417,0.25,0.218,0.375
2026-08-17 05:00:00,5,0,0,12,4,6,198,200,2,17,30,17,6,12,1,8,13,55,4,8,45,0.5,0.125,0.236,0.5
2026-08-17 06:00:00,6,0,0,16,5,6,198,200,2,17,30,22,7,12,3,8,11,55,5,8,46,0.583,0.375,0.2,0.625
2026-08-17 07:00:00,7,0,0,16,5,8,198,200,2,17,30,18,6,12,2,8,12,55,5,8,79,0.5,0.25,0.218,0.625
2026-08-17 08:00:00,8,0,0,16,4,3,198,200,2,24,30,26,6,12,1,8,15,55,7,8,74,0.5,0.125,0.273,0.875
2026-08-17 09:00:00,9,0,0,14,4,7,198,200,2,20,30,25,9,12,2,8,16,55,6,8,80,0.75,0.25,0.291,0.75
2026-08-17 10:00:00,10,0,0,15,4,7,198,200,2,20,30,18,7,12,2,8,13,55,5,8,69,0.583,0.25,0.236,0.625
2026-08-17 11:00:00,11,0,0,27,7,9,198,200,2,20,30,34,12,12,3,8,25,55,4,8,72,1.0,0.375,0.455,0.5
2026-08-17 12:00:00,12,0,0,24,6,7,198,200,2,19,30,24,10,12,3,8,16,55,5,8,69,0.833,0.375,0.291,0.625
2026-08-17 13:00:00,13,0,0,15,4,6,198,200,2,18,30,28,9,12,4,8,18,55,5,8,70,0.75,0.5,0.327,0.625
2026-08-17 14:00:00,14,0,0,20,5,8,198,200,2,20,30,26,9,12,3,8,15,55,6,8,72,0.75,0.375,0.273,0.75
2026-08-17 15:00:00,15,0,0,21,6,7,198,200,2,20,30,28,10,12,3,8,18,55,6,8,75,0.833,0.375,0.327,0.75
2026-08-17 16:00:00,16,0,0,19,5,13,198,200,2,17,30,17,7,12,3,8,13,55,4,8,75,0.583,0.375,0.236,0.5
2026-08-17 17:00:00,17,0,0,23,7,11,198,200,2,19,30,28,7,12,3,8,17,55,5,8,72,0.583,0.375,0.309,0.625
2026-08-17 18:00:00,18,0,0,15,4,6,198,200,2,18,30,24,7,12,3,8,13,55,6,8,67,0.583,0.375,0.236,0.75
2026-08-17 19:00:00,19,0,0,14,4,18,198,200,2,19,30,22,10,12,1,8,10,55,6,8,52,0.833,0.125,0.182,0.75
2026-08-17 20:00:00,20,0,0,16,5,12,198,200,2,19,30,22,4,12,3,8,15,55,6,8,47,0.333,0.375,0.273,0.75
2026-08-17 21:00:00,21,0,0,15,5,9,198,200,2,16,30,18,6,12,2,8,12,55,5,8,45,0.5,0.25,0.218,0.625
2026-08-17 22:00:00,22,0,0,18,6,11,198,200,2,15,30,29,12,12,4,8,17,55,6,8,49,1.0,0.5,0.309,0.75
2026-08-17 23:00:00,23,0,0,18,6,10,198,200,2,17,30,24,8,12,2,8,17,55,5,8,49,0.667,0.25,0.309,0.625
2026-08-18 00:00:00,0,1,0,19,6,12,198,200,2,22,30,28,9,12,1,8,17,55,4,8,47,0.75,0.125,0.309,0.5
2026-08-18 01:00:00,1,1,0,16,5,13,198,200,2,16,30,17,6,12,0,8,10,55,3,8,48,0.5,0.0,0.182,0.375
2026-08-18 02:00:00,2,1,0,11,4,7,198,200,2,20,30,17,5,12,2,8,11,55,5,8,45,0.417,0.25,0.2,0.625
2026-08-18 03:00:00,3,1,0,12,4,5,198,200,2,12,30,16,6,12,1,8,9,55,2,8,50,0.5,0.125,0.164,0.25
2026-08-18 04:00:00,4,1,0,11,4,7,198,200,2,16,30,11,3,12,2,8,7,55,4,8,45,0.25,0.25,0.127,0.5
2026-08-18 05:00:00,5,1,0,8,2,5,198,200,2,15,30,10,5,12,1,8,9,55,4,8,46,0.417,0.125,0.164,0.5
2026-08-18 06:00:00,6,1,0,16,5,10,198,200,2,17,30,22,10,12,2,8,11,55,3,8,50,0.833,0.25,0.2,0.375
2026-08-18 07:00:00,7,1,0,15,4,8,198,200,2,23,30,16,5,12,2,8,11,55,4,8,78,0.417,0.25,0.2,0.5
2026-08-18 08:00:00,8,1,0,17,5,10,198,200,2,20,30,19,5,12,1,8,12,55,6,8,79,0.417,0.125,0.218,0.75
2026-08-18 09:00:00,9,1,0,10,3,12,198,200,2,22,30,23,7,12,2,8,15,55,5,8,77,0.583,0.25,0.273,0.625
2026-08-18 10:00:00,10,1,0,16,4,8,198,200,2,18,30,18,6,12,1,8,13,55,5,8,73,0.5,0.125,0.236,0.625
2026-08-18 11:00:00,11,1,0,15,4,7,198,200,2,22,30,24,9,12,2,8,15,55,6,8,69,0.75,0.25,0.273,0.75
2026-08-18 12:00:00,12,1,0,14,4,6,198,200,2,23,30,22,6,12,2,8,15,55,6,8,78,0.5,0.25,0.273,0.75
2026-08-18 13:00:00,13,1,0,14,4,8,198,200,2,20,30,15,4,12,1,8,11,55,7,8,78,0.333,0.125,0.2,0.875
2026-08-18 14:00:00,14,1,0,28,7,10,198,200,2,19,30,33,12,12,4,8,19,55,6,8,72,1.0,0.5,0.345,0.75
2026-08-18 15:00:00,15,1,0,26,7,8,198,200,2,15,30,30,12,12,3,8,19,55,4,8,77,1.0,0.375,0.345,0.5
2026-08-18 16:00:00,16,1,0,17,5,6,198,200,2,20,30,27,8,12,4,8,16,55,7,8,73,0.667,0.5,0.291,0.875
2026-08-18 17:00:00,17,1,0,15,4,6,198,200,2,19,30,26,7,12,4,8,16,55,6,8,79,0.583,0.5,0.291,0.75
2026-08-18 18:00:00,18,1,0,26,8,10,198,200,2,23,30,29,15,12,4,8,17,55,5,8,72,1.25,0.5,0.309,0.625
2026-08-18 19:00:00,19,1,0,24,7,7,198,200,2,15,30,29,11,12,3,8,19,55,4,8,54,0.917,0.375,0.345,0.5
2026-08-18 20:00:00,20,1,0,14,4,8,198,200,2,19,30,20,6,12,2,8,13,55,6,8,50,0.5,0.25,0.236,0.75
2026-08-18 21:00:00,21,1,0,15,5,7,198,200,2,15,30,17,7,12,3,8,11,55,5,8,53,0.583,0.375,0.2,0.625
2026-08-18 22:00:00,22,1,0,16,5,15,198,200,2,19,30,20,7,12,2,8,12,55,6,8,47,0.583,0.25,0.218,0.75
2026-08-18 23:00:00,23,1,0,17,6,9,198,200,2,19,30,17,7,12,3,8,7,55,4,8,49,0.583,0.375,0.127,0.5
2026-08-19 00:00:00,0,2,0,12,4,9,198,200,2,19,30,20,7,12,3,8,12,55,4,8,45,0.583,0.375,0.218,0.5
2026-08-19 01:00:00,1,2,0,16,5,10,198,200,2,20,30,18,6,12,1,8,11,55,5,8,51,0.5,0.125,0.2,0.625
2026-08-19 02:00:00,2,2,0,14,5,13,198,200,2,19,30,21,7,12,3,8,14,55,5,8,51,0.583,0.375,0.255,0.625
2026-08-19 03:00:00,3,2,0,12,4,13,198,200,2,19,30,16,3,12,2,8,9,55,4,8,55,0.25,0.25,0.164,0.5
2026-08-19 04:00:00,4,2,0,5,2,6,198,200,2,18,30,12,7,12,1,8,5,55,5,8,49,0.583,0.125,0.091,0.625
2026-08-19 05:00:00,5,2,0,13,4,9,198,200,2,16,30,22,6,12,2,8,15,55,4,8,50,0.5,0.25,0.273,0.5
2026-08-19 06:00:00,6,2,0,11,3,8,198,200,2,15,30,17,4,12,2,8,10,55,5,8,47,0.333,0.25,0.182,0.625
2026-08-19 07:00:00,7,2,0,25,7,7,198,200,2,19,30,33,11,12,4,8,21,55,6,8,76,0.917,0.5,0.382,0.75
2026-08-19 08:00:00,8,2,0,21,6,9,198,200,2,18,30,26,7,12,3,8,16,55,5,8,73,0.583,0.375,0.291,0.625
2026-08-19 09:00:00,9,2,0,22,6,11,198,200,2,21,30,27,9,12,3,8,17,55,5,8,74,0.75,0.375,0.309,0.625
2026-08-19 10:00:00,10,2,0,21,6,6,198,200,2,20,30,37,13,12,4,8,22,55,7,8,75,1.083,0.5,0.4,0.875
2026-08-19 11:00:00,11,2,0,21,5,8,198,200,2,17,30,19,8,12,3,8,10,55,3,8,73,0.667,0.375,0.182,0.375
2026-08-19 12:00:00,12,2,0,12,3,4,198,200,2,22,30,28,10,12,3,8,18,55,8,8,74,0.833,0.375,0.327,1.0
2026-08-19 13:00:00,13,2,0,18,5,8,198,200,2,17,30,24,8,12,1,8,14,55,4,8,73,0.667,0.125,0.255,0.5
2026-08-19 14:00:00,14,2,0,19,5,3,198,200,2,20,30,23,8,12,4,8,15,55,5,8,73,0.667,0.5,0.273,0.625
2026-08-19 15:00:00,15,2,0,22,6,16,198,200,2,23,30,34,12,12,3,8,22,55,6,8,77,1.0,0.375,0.4,0.75
2026-08-19 16:00:00,16,2,0,19,5,10,198,200,2,24,30,21,5,12,1,8,12,55,6,8,75,0.417,0.125,0.218,0.75
2026-08-19 17:00:00,17,2,0,15,4,11,198,200,2,20,30,23,8,12,1,8,12,55,7,8,75,0.667,0.125,0.218,0.875
2026-08-19 18:00:00,18,2,0,16,5,17,198,200,2,18,30,17,4,12,2,8,15,55,4,8,70,0.333,0.25,0.273,0.5
2026-08-19 19:00:00,19,2,0,19,6,12,198,200,2,23,30,28,13,12,1,8,16,55,6,8,49,1.083,0.125,0.291,0.75
2026-08-19 20:00:00,20,2,0,15,5,6,198,200,2,18,30,18,6,12,1,8,12,55,5,8,50,0.5,0.125,0.218,0.625
2026-08-19 21:00:00,21,2,0,12,4,5,198,200,2,20,30,20,6,12,3,8,16,55,5,8,47,0.5,0.375,0.291,0.625
2026-08-19 22:00:00,22,2,0,19,6,13,198,200,2,16,30,24,7,12,3,8,16,55,5,8,54,0.583,0.375,0.291,0.625
2026-08-19 23:00:00,23,2,0,13,4,9,198,200,2,18,30,18,5,12,1,8,11,55,5,8,41,0.417,0.125,0.2,0.625
2026-08-20 00:00:00,0,3,0,12,4,8,198,200,2,20,30,18,10,12,2,8,11,55,4,8,50,0.833,0.25,0.2,0.5
2026-08-20 01:00:00,1,3,0,15,5,8,198,200,2,16,30,19,8,12,1,8,10,55,4,8,50,0.667,0.125,0.182,0.5
2026-08-20 02:00:00,2,3,0,12,4,12,198,200,2,18,30,15,3,12,1,8,11,55,5,8,50,0.25,0.125,0.2,0.625
2026-08-20 03:00:00,3,3,0,9,3,12,198,200,2,15,30,25,10,12,3,8,17,55,5,8,49,0.833,0.375,0.309,0.625
2026-08-20 04:00:00,4,3,0,9,3,8,198,200,2,22,30,13,6,12,1,8,7,55,4,8,50,0.5,0.125,0.127,0.5
2026-08-20 05:00:00,5,3,0,22,7,7,198,200,2,20,30,17,6,12,1,8,8,55,3,8,51,0.5,0.125,0.145,0.375
2026-08-20 06:00:00,6,3,0,26,8,9,198,200,2,19,30,28,10,12,1,8,15,55,5,8,46,0.833,0.125,0.273,0.625
2026-08-20 07:00:00,7,3,0,19,6,7,198,200,2,20,30,21,7,12,3,8,15,55,5,8,75,0.583,0.375,0.273,0.625
2026-08-20 08:00:00,8,3,0,23,6,7,198,200,2,20,30,32,14,12,4,8,20,55,6,8,73,1.167,0.5,0.364,0.75
2026-08-20 09:00:00,9,3,0,18,5,10,198,200,2,21,30,23,7,12,3,8,15,55,4,8,71,0.583,0.375,0.273,0.5
2026-08-20 10:00:00,10,3,0,17,5,9,198,200,2,16,30,21,7,12,3,8,11,55,3,8,76,0.583,0.375,0.2,0.375
2026-08-20 11:00:00,11,3,0,23,6,6,198,200,2,20,30,27,9,12,2,8,14,55,5,8,72,0.75,0.25,0.255,0.625
2026-08-20 12:00:00,12,3,0,30,8,4,198,200,2,21,30,33,9,12,3,8,22,55,5,8,70,0.75,0.375,0.4,0.625
2026-08-20 13:00:00,13,3,0,22,6,14,198,200,2,22,30,28,13,12,1,8,17,55,6,8,72,1.083,0.125,0.309,0.75
2026-08-20 14:00:00,14,3,0,10,3,14,198,200,2,14,30,17,4,12,5,8,12,55,5,8,72,0.333,0.625,0.218,0.625
2026-08-20 15:00:00,15,3,0,20,5,8,198,200,2,18,30,30,10,12,3,8,18,55,6,8,77,0.833,0.375,0.327,0.75
2026-08-20 16:00:00,16,3,0,19,5,12,198,200,2,17,30,26,6,12,4,8,16,55,5,8,74,0.5,0.5,0.291,0.625
2026-08-20 17:00:00,17,3,0,31,9,10,198,200,2,20,30,38,12,12,3,8,25,55,6,8,78,1.0,0.375,0.455,0.75
2026-08-20 18:00:00,18,3,0,19,6,11,198,200,2,15,30,28,10,12,4,8,19,55,6,8,72,0.833,0.5,0.345,0.75
2026-08-20 19:00:00,19,3,0,25,8,12,198,200,2,16,30,34,10,12,5,8,23,55,6,8,51,0.833,0.625,0.418,0.75
2026-08-20 20:00:00,20,3,0,15,5,14,198,200,2,23,30,22,8,12,2,8,13,55,5,8,57,0.667,0.25,0.236,0.625
2026-08-20 21:00:00,21,3,0,21,7,12,198,200,2,21,30,29,10,12,2,8,19,55,6,8,49,0.833,0.25,0.345,0.75
2026-08-20 22:00:00,22,3,0,17,6,6,198,200,2,18,30,25,10,12,2,8,18,55,4,8,51,0.833,0.25,0.327,0.5
2026-08-20 23:00:00,23,3,0,13,4,11,198,200,2,20,30,19,8,12,0,8,12,55,6,8,50,0.667,0.0,0.218,0.75
2026-08-21 00:00:00,0,4,0,13,4,12,198,200,2,18,30,15,4,12,1,8,8,55,4,8,44,0.333,0.125,0.145,0.5
2026-08-21 01:00:00,1,4,0,13,4,19,198,200,2,19,30,13,5,12,2,8,11,55,3,8,50,0.417,0.25,0.2,0.375
2026-08-21 02:00:00,2,4,0,12,4,9,198,200,2,16,30,18,6,12,2,8,10,55,4,8,49,0.5,0.25,0.182,0.5
2026-08-21 03:00:00,3,4,0,10,3,13,198,200,2,17,30,8,4,12,1,8,6,55,3,8,47,0.333,0.125,0.109,0.375
2026-08-21 04:00:00,4,4,0,15,5,6,198,200,2,19,30,23,8,12,3,8,14,55,5,8,45,0.667,0.375,0.255,0.625
2026-08-21 05:00:00,5,4,0,12,4,13,198,200,2,18,30,22,8,12,3,8,10,55,7,8,50,0.667,0.375,0.182,0.875
2026-08-21 06:00:00,6,4,0,15,4,12,198,200,2,20,30,23,7,12,1,8,17,55,4,8,45,0.583,0.125,0.309,0.5
2026-08-21 07:00:00,7,4,0,26,8,7,198,200,2,18,30,29,10,12,3,8,12,55,5,8,80,0.833,0.375,0.218,0.625
2026-08-21 08:00:00,8,4,0,17,5,7,198,200,2,19,30,19,9,12,4,8,8,55,3,8,74,0.75,0.5,0.145,0.375
2026-08-21 09:00:00,9,4,0,18,5,10,198,200,2,19,30,27,10,12,1,8,18,55,5,8,70,0.833,0.125,0.327,0.625
2026-08-21 10:00:00,10,4,0,15,4,8,198,200,2,21,30,24,9,12,2,8,16,55,4,8,72,0.75,0.25,0.291,0.5
2026-08-21 11:00:00,11,4,0,13,3,6,198,200,2,16,30,18,7,12,4,8,10,55,5,8,73,0.583,0.5,0.182,0.625
2026-08-21 12:00:00,12,4,0,22,6,6,198,200,2,16,30,26,9,12,4,8,16,55,4,8,81,0.75,0.5,0.291,0.5
2026-08-21 13:00:00,13,4,0,21,5,8,198,200,2,18,30,29,10,12,2,8,13,55,6,8,71,0.833,0.25,0.236,0.75
2026-08-21 14:00:00,14,4,0,24,6,6,198,200,2,21,30,33,9,12,4,8,22,55,7,8,74,0.75,0.5,0.4,0.875
2026-08-21 15:00:00,15,4,0,18,5,12,198,200,2,22,30,25,10,12,2,8,16,55,6,8,72,0.833,0.25,0.291,0.75
2026-08-21 16:00:00,16,4,0,14,4,9,198,200,2,22,30,24,4,12,2,8,15,55,5,8,75,0.333,0.25,0.273,0.625
2026-08-21 17:00:00,17,4,0,24,7,9,198,200,2,16,30,27,9,12,3,8,17,55,7,8,72,0.75,0.375,0.309,0.875
2026-08-21 18:00:00,18,4,0,17,5,8,198,200,2,19,30,22,9,12,2,8,15,55,5,8,71,0.75,0.25,0.273,0.625
2026-08-21 19:00:00,19,4,0,23,7,4,198,200,2,11,30,26,7,12,3,8,16,55,3,8,47,0.583,0.375,0.291,0.375
2026-08-21 20:00:00,20,4,0,23,7,14,198,200,2,21,30,31,11,12,2,8,15,55,6,8,47,0.917,0.25,0.273,0.75
2026-08-21 21:00:00,21,4,0,12,4,14,198,200,2,20,30,21,6,12,1,8,17,55,4,8,46,0.5,0.125,0.309,0.5
2026-08-21 22:00:00,22,4,0,11,4,9,198,200,2,19,30,23,7,12,2,8,17,55,6,8,46,0.583,0.25,0.309,0.75
2026-08-21 23:00:00,23,4,0,15,5,12,198,200,2,18,30,19,8,12,4,8,9,55,4,8,52,0.667,0.5,0.164,0.5
2026-08-22 00:00:00,0,5,1,9,3,6,198,200,2,17,30,17,6,12,2,8,10,55,3,8,47,0.5,0.25,0.182,0.375
2026-08-22 01:00:00,1,5,1,4,1,15,198,200,2,15,30,6,0,12,0,8,3,55,3,8,45,0.0,0.0,0.055,0.375
2026-08-22 02:00:00,2,5,1,13,4,9,198,200,2,16,30,16,4,12,2,8,12,55,1,8,47,0.333,0.25,0.218,0.125
2026-08-22 03:00:00,3,5,1,14,5,13,198,200,2,15,30,19,8,12,2,8,7,55,1,8,48,0.667,0.25,0.127,0.125
2026-08-22 04:00:00,4,5,1,19,6,12,198,200,2,18,30,23,9,12,4,8,13,55,2,8,44,0.75,0.5,0.236,0.25
2026-08-22 05:00:00,5,5,1,10,3,9,198,200,2,17,30,14,7,12,1,8,5,55,3,8,53,0.583,0.125,0.091,0.375
2026-08-22 06:00:00,6,5,1,16,5,4,198,200,2,14,30,14,8,12,2,8,8,55,1,8,51,0.667,0.25,0.145,0.125
2026-08-22 07:00:00,7,5,1,12,3,9,198,200,2,12,30,7,2,12,0,8,3,55,1,8,78,0.167,0.0,0.055,0.125
2026-08-22 08:00:00,8,5,1,16,4,7,198,200,2,13,30,20,10,12,3,8,13,55,3,8,75,0.833,0.375,0.236,0.375
2026-08-22 09:00:00,9,5,1,12,3,4,198,200,2,19,30,10,4,12,1,8,5,55,2,8,68,0.333,0.125,0.091,0.25
2026-08-22 10:00:00,10,5,1,20,5,12,198,200,2,15,30,18,5,12,2,8,10,55,2,8,79,0.417,0.25,0.182,0.25
2026-08-22 11:00:00,11,5,1,13,3,7,198,200,2,16,30,9,2,12,0,8,7,55,1,8,71,0.167,0.0,0.127,0.125
2026-08-22 12:00:00,12,5,1,20,5,12,198,200,2,22,30,24,5,12,2,8,16,55,5,8,72,0.417,0.25,0.291,0.625
2026-08-22 13:00:00,13,5,1,18,5,5,198,200,2,14,30,17,8,12,2,8,12,55,1,8,74,0.667,0.25,0.218,0.125
2026-08-22 14:00:00,14,5,1,16,4,11,198,200,2,15,30,18,9,12,2,8,11,55,2,8,78,0.75,0.25,0.2,0.25
2026-08-22 15:00:00,15,5,1,14,4,7,198,200,2,17,30,15,4,12,1,8,8,55,3,8,77,0.333,0.125,0.145,0.375
2026-08-22 16:00:00,16,5,1,14,4,8,198,200,2,18,30,22,7,12,2,8,13,55,4,8,77,0.583,0.25,0.236,0.5
2026-08-22 17:00:00,17,5,1,17,5,9,198,200,2,19,30,16,6,12,2,8,11,55,1,8,73,0.5,0.25,0.2,0.125
2026-08-22 18:00:00,18,5,1,16,5,10,198,200,2,21,30,18,5,12,2,8,7,55,4,8,73,0.417,0.25,0.127,0.5
2026-08-22 19:00:00,19,5,1,17,5,4,198,200,2,18,30,20,4,12,2,8,13,55,3,8,49,0.333,0.25,0.236,0.375
2026-08-22 20:00:00,20,5,1,15,5,10,198,200,2,20,30,24,8,12,2,8,15,55,3,8,48,0.667,0.25,0.273,0.375
2026-08-22 21:00:00,21,5,1,17,6,11,198,200,2,15,30,17,6,12,4,8,11,55,1,8,51,0.5,0.5,0.2,0.125
2026-08-22 22:00:00,22,5,1,14,5,12,198,200,2,18,30,16,5,12,2,8,10,55,3,8,50,0.417,0.25,0.182,0.375
2026-08-22 23:00:00,23,5,1,19,6,8,198,200,2,15,30,13,5,12,2,8,3,55,1,8,50,0.417,0.25,0.055,0.125
2026-08-23 00:00:00,0,6,1,13,4,10,198,200,2,14,30,15,7,12,2,8,8,55,3,8,40,0.583,0.25,0.145,0.375
2026-08-23 01:00:00,1,6,1,12,4,7,198,200,2,18,30,13,4,12,1,8,12,55,1,8,48,0.333,0.125,0.218,0.125
2026-08-23 02:00:00,2,6,1,13,4,8,198,200,2,17,30,13,5,12,3,8,8,55,2,8,48,0.417,0.375,0.145,0.25
2026-08-23 03:00:00,3,6,1,12,4,9,198,200,2,15,30,7,4,12,0,8,4,55,1,8,49,0.333,0.0,0.073,0.125
2026-08-23 04:00:00,4,6,1,6,2,8,198,200,2,15,30,4,2,12,1,8,3,55,1,8,46,0.167,0.125,0.055,0.125
2026-08-23 05:00:00,5,6,1,17,5,10,198,200,2,14,30,24,7,12,2,8,16,55,3,8,44,0.583,0.25,0.291,0.375
2026-08-23 06:00:00,6,6,1,10,3,9,198,200,2,15,30,18,6,12,1,8,12,55,3,8,49,0.5,0.125,0.218,0.375
2026-08-23 07:00:00,7,6,1,18,5,10,198,200,2,18,30,18,7,12,2,8,11,55,3,8,73,0.583,0.25,0.2,0.375
2026-08-23 08:00:00,8,6,1,16,4,7,198,200,2,13,30,16,4,12,0,8,11,55,0,8,76,0.333,0.0,0.2,0.0
2026-08-23 09:00:00,9,6,1,5,1,7,198,200,2,16,30,6,4,12,1,8,7,55,3,8,72,0.333,0.125,0.127,0.375
2026-08-23 10:00:00,10,6,1,22,6,5,198,200,2,19,30,31,13,12,2,8,21,55,5,8,78,1.083,0.25,0.382,0.625
2026-08-23 11:00:00,11,6,1,8,2,6,198,200,2,14,30,11,3,12,1,8,12,55,2,8,77,0.25,0.125,0.218,0.25
2026-08-23 12:00:00,12,6,1,23,6,3,198,200,2,16,30,29,10,12,1,8,17,55,4,8,75,0.833,0.125,0.309,0.5
2026-08-23 13:00:00,13,6,1,17,4,9,198,200,2,13,30,13,6,12,4,8,11,55,2,8,73,0.5,0.5,0.2,0.25
2026-08-23 14:00:00,14,6,1,18,5,6,198,200,2,15,30,19,6,12,0,8,10,55,1,8,77,0.5,0.0,0.182,0.125
2026-08-23 15:00:00,15,6,1,19,5,10,198,200,2,17,30,20,8,12,2,8,13,55,2,8,75,0.667,0.25,0.236,0.25
2026-08-23 16:00:00,16,6,1,16,4,8,198,200,2,14,30,23,8,12,3,8,16,55,4,8,75,0.667,0.375,0.291,0.5
2026-08-23 17:00:00,17,6,1,16,5,5,198,200,2,16,30,20,5,12,3,8,11,55,2,8,77,0.417,0.375,0.2,0.25
2026-08-23 18:00:00,18,6,1,18,5,10,198,200,2,17,30,19,7,12,3,8,12,55,2,8,78,0.583,0.375,0.218,0.25
2026-08-23 19:00:00,19,6,1,13,4,3,198,200,2,15,30,14,3,12,1,8,11,55,3,8,44,0.25,0.125,0.2,0.375
2026-08-23 20:00:00,20,6,1,15,5,18,198,200,2,19,30,18,8,12,3,8,10,55,2,8,45,0.667,0.375,0.182,0.25
2026-08-23 21:00:00,21,6,1,18,6,7,198,200,2,16,30,20,6,12,3,8,16,55,3,8,46,0.5,0.375,0.291,0.375
2026-08-23 22:00:00,22,6,1,12,4,7,198,200,2,16,30,11,4,12,1,8,4,55,2,8,43,0.333,0.125,0.073,0.25
2026-08-23 23:00:00,23,6,1,6,2,12,198,200,2,16,30,7,5,12,1,8,8,55,3,8,48,0.417,0.125,0.145,0.375
2026-08-24 00:00:00,0,0,0,20,7,5,198,200,2,14,30,19,8,12,2,8,14,55,4,8,50,0.667,0.25,0.255,0.5
2026-08-24 01:00:00,1,0,0,14,5,8,198,200,2,21,30,19,5,12,1,8,12,55,5,8,48,0.417,0.125,0.218,0.625
2026-08-24 02:00:00,2,0,0,12,4,14,198,200,2,15,30,19,5,12,3,8,11,55,3,8,46,0.417,0.375,0.2,0.375
2026-08-24 03:00:00,3,0,0,14,5,4,198,200,2,19,30,23,7,12,4,8,13,55,6,8,51,0.583,0.5,0.236,0.75
2026-08-24 04:00:00,4,0,0,8,3,4,198,200,2,19,30,12,5,12,0,8,7,55,4,8,48,0.417,0.0,0.127,0.5
2026-08-24 05:00:00,5,0,0,25,8,7,198,200,2,22,30,32,12,12,3,8,20,55,5,8,49,1.0,0.375,0.364,0.625
2026-08-24 06:00:00,6,0,0,17,5,8,198,200,2,16,30,19,5,12,2,8,14,55,4,8,51,0.417,0.25,0.255,0.5
2026-08-24 07:00:00,7,0,0,17,5,6,198,200,2,18,30,23,6,12,2,8,18,55,5,8,74,0.5,0.25,0.327,0.625
2026-08-24 08:00:00,8,0,0,18,5,10,198,200,2,21,30,22,8,12,2,8,14,55,4,8,80,0.667,0.25,0.255,0.5
2026-08-24 09:00:00,9,0,0,17,5,9,198,200,2,19,30,24,8,12,3,8,13,55,4,8,73,0.667,0.375,0.236,0.5
2026-08-24 10:00:00,10,0,0,20,5,9,198,200,2,18,30,17,9,12,1,8,9,55,3,8,80,0.75,0.125,0.164,0.375
2026-08-24 11:00:00,11,0,0,17,4,11,198,200,2,16,30,19,6,12,1,8,11,55,4,8,71,0.5,0.125,0.2,0.5
2026-08-24 12:00:00,12,0,0,27,7,4,198,200,2,18,30,27,12,12,4,8,15,55,5,8,76,1.0,0.5,0.273,0.625
2026-08-24 13:00:00,13,0,0,23,6,9,198,200,2,19,30,29,8,12,2,8,16,55,6,8,72,0.667,0.25,0.291,0.75
2026-08-24 14:00:00,14,0,0,16,4,8,198,200,2,18,30,29,7,12,2,8,22,55,7,8,77,0.583,0.25,0.4,0.875
2026-08-24 15:00:00,15,0,0,20,5,8,198,200,2,15,30,24,6,12,2,8,15,55,5,8,73,0.5,0.25,0.273,0.625
2026-08-24 16:00:00,16,0,0,22,6,9,198,200,2,18,30,26,11,12,2,8,14,55,5,8,75,0.917,0.25,0.255,0.625
2026-08-24 17:00:00,17,0,0,17,5,9,198,200,2,21,30,24,11,12,4,8,17,55,4,8,72,0.917,0.5,0.309,0.5
2026-08-24 18:00:00,18,0,0,15,4,13,198,200,2,19,30,26,7,12,4,8,14,55,6,8,77,0.583,0.5,0.255,0.75
2026-08-24 19:00:00,19,0,0,14,4,12,198,200,2,23,30,24,7,12,4,8,13,55,7,8,46,0.583,0.5,0.236,0.875
2026-08-24 20:00:00,20,0,0,16,5,15,198,200,2,20,30,26,7,12,3,8,15,55,6,8,53,0.583,0.375,0.273,0.75
2026-08-24 21:00:00,21,0,0,16,5,15,198,200,2,18,30,21,4,12,3,8,16,55,6,8,45,0.333,0.375,0.291,0.75
2026-08-24 22:00:00,22,0,0,21,7,10,198,200,2,21,30,30,11,12,2,8,18,55,5,8,44,0.917,0.25,0.327,0.625
2026-08-24 23:00:00,23,0,0,15,5,11,198,200,2,20,30,29,10,12,3,8,13,55,6,8,51,0.833,0.375,0.236,0.75
2026-08-25 00:00:00,0,1,0,13,4,14,198,200,2,20,30,21,7,12,1,8,15,55,5,8,46,0.583,0.125,0.273,0.625
2026-08-25 01:00:00,1,1,0,16,5,9,198,200,2,16,30,16,4,12,1,8,9,55,5,8,48,0.333,0.125,0.164,0.625
2026-08-25 02:00:00,2,1,0,21,7,12,198,200,2,20,30,23,11,12,3,8,11,55,4,8,47,0.917,0.375,0.2,0.5
2026-08-25 03:00:00,3,1,0,12,4,5,198,200,2,19,30,17,5,12,2,8,10,55,3,8,44,0.417,0.25,0.182,0.375
2026-08-25 04:00:00,4,1,0,11,4,8,198,200,2,18,30,15,6,12,3,8,10,55,4,8,48,0.5,0.375,0.182,0.5
2026-08-25 05:00:00,5,1,0,18,6,9,198,200,2,16,30,26,7,12,1,8,17,55,4,8,52,0.583,0.125,0.309,0.5
2026-08-25 06:00:00,6,1,0,14,4,12,198,200,2,18,30,22,7,12,3,8,17,55,5,8,51,0.583,0.375,0.309,0.625
2026-08-25 07:00:00,7,1,0,18,5,11,198,200,2,21,30,25,9,12,1,8,14,55,7,8,75,0.75,0.125,0.255,0.875
2026-08-25 08:00:00,8,1,0,21,6,7,198,200,2,19,30,26,9,12,3,8,16,55,5,8,77,0.75,0.375,0.291,0.625
2026-08-25 09:00:00,9,1,0,24,7,6,198,200,2,21,30,28,10,12,4,8,16,55,6,8,71,0.833,0.5,0.291,0.75
2026-08-25 10:00:00,10,1,0,28,7,13,198,200,2,21,30,32,12,12,3,8,17,55,5,8,73,1.0,0.375,0.309,0.625
2026-08-25 11:00:00,11,1,0,17,4,8,198,200,2,17,30,21,5,12,3,8,15,55,5,8,75,0.417,0.375,0.273,0.625
2026-08-25 12:00:00,12,1,0,19,5,2,198,200,2,15,30,26,9,12,2,8,17,55,4,8,74,0.75,0.25,0.309,0.5
2026-08-25 13:00:00,13,1,0,20,5,10,198,200,2,19,30,32,11,12,2,8,20,55,5,8,73,0.917,0.25,0.364,0.625
2026-08-25 14:00:00,14,1,0,17,5,5,198,200,2,19,30,20,7,12,3,8,13,55,6,8,70,0.583,0.375,0.236,0.75
2026-08-25 15:00:00,15,1,0,18,5,9,198,200,2,21,30,20,7,12,4,8,11,55,6,8,68,0.583,0.5,0.2,0.75
2026-08-25 16:00:00,16,1,0,15,4,10,198,200,2,18,30,24,6,12,1,8,13,55,7,8,76,0.5,0.125,0.236,0.875
2026-08-25 17:00:00,17,1,0,18,5,15,198,200,2,21,30,21,5,12,3,8,13,55,6,8,75,0.417,0.375,0.236,0.75
2026-08-25 18:00:00,18,1,0,20,6,16,198,200,2,21,30,26,6,12,3,8,18,55,5,8,77,0.5,0.375,0.327,0.625
2026-08-25 19:00:00,19,1,0,13,4,7,198,200,2,21,30,27,10,12,1,8,20,55,8,8,47,0.833,0.125,0.364,1.0
2026-08-25 20:00:00,20,1,0,19,6,12,198,200,2,19,30,29,11,12,2,8,20,55,5,8,46,0.917,0.25,0.364,0.625
2026-08-25 21:00:00,21,1,0,19,6,8,198,200,2,18,30,27,10,12,3,8,17,55,6,8,48,0.833,0.375,0.309,0.75
2026-08-25 22:00:00,22,1,0,16,5,10,198,200,2,17,30,20,7,12,2,8,13,55,4,8,51,0.583,0.25,0.236,0.5
2026-08-25 23:00:00,23,1,0,17,6,8,198,200,2,18,30,17,3,12,0,8,11,55,5,8,47,0.25,0.0,0.2,0.625
2026-08-26 00:00:00,0,2,0,14,5,8,198,200,2,21,30,20,5,12,0,8,10,55,5,8,50,0.417,0.0,0.182,0.625
2026-08-26 01:00:00,1,2,0,16,5,11,198,200,2,18,30,22,8,12,1,8,14,55,5,8,45,0.667,0.125,0.255,0.625
2026-08-26 02:00:00,2,2,0,13,4,12,198,200,2,13,30,16,6,12,2,8,7,55,2,8,48,0.5,0.25,0.127,0.25
2026-08-26 03:00:00,3,2,0,13,4,10,198,200,2,18,30,16,5,12,2,8,10,55,4,8,48,0.417,0.25,0.182,0.5
2026-08-26 04:00:00,4,2,0,17,5,10,198,200,2,21,30,23,8,12,2,8,18,55,6,8,52,0.667,0.25,0.327,0.75
2026-08-26 05:00:00,5,2,0,20,6,11,198,200,2,19,30,21,7,12,2,8,15,55,5,8,49,0.583,0.25,0.273,0.625
2026-08-26 06:00:00,6,2,0,8,2,8,198,200,2,21,30,8,3,12,2,8,3,55,5,8,53,0.25,0.25,0.055,0.625
2026-08-26 07:00:00,7,2,0,15,4,10,198,200,2,18,30,15,4,12,2,8,9,55,3,8,70,0.333,0.25,0.164,0.375
2026-08-26 08:00:00,8,2,0,18,5,9,198,200,2,16,30,17,7,12,2,8,9,55,4,8,74,0.583,0.25,0.164,0.5
2026-08-26 09:00:00,9,2,0,15,4,9,198,200,2,17,30,22,7,12,3,8,14,55,5,8,75,0.583,0.375,0.255,0.625
2026-08-26 10:00:00,10,2,0,25,7,4,198,200,2,20,30,30,8,12,2,8,21,55,6,8,76,0.667,0.25,0.382,0.75
2026-08-26 11:00:00,11,2,0,15,4,8,198,200,2,17,30,23,6,12,2,8,16,55,7,8,72,0.5,0.25,0.291,0.875
2026-08-26 12:00:00,12,2,0,18,5,10,198,200,2,19,30,21,7,12,2,8,18,55,5,8,79,0.583,0.25,0.327,0.625
2026-08-26 13:00:00,13,2,0,20,5,10,198,200,2,16,30,18,8,12,1,8,14,55,6,8,74,0.667,0.125,0.255,0.75
2026-08-26 14:00:00,14,2,0,16,4,2,198,200,2,21,30,28,9,12,2,8,18,55,6,8,71,0.75,0.25,0.327,0.75
2026-08-26 15:00:00,15,2,0,30,8,11,198,200,2,21,30,31,10,12,1,8,21,55,5,8,74,0.833,0.125,0.382,0.625
2026-08-26 16:00:00,16,2,0,16,4,11,198,200,2,18,30,17,4,12,4,8,10,55,3,8,73,0.333,0.5,0.182,0.375
2026-08-26 17:00:00,17,2,0,19,6,8,198,200,2,18,30,22,9,12,1,8,11,55,6,8,82,0.75,0.125,0.2,0.75
2026-08-26 18:00:00,18,2,0,12,4,11,198,200,2,20,30,23,7,12,4,8,17,55,6,8,77,0.583,0.5,0.309,0.75
2026-08-26 19:00:00,19,2,0,15,5,7,198,200,2,18,30,22,7,12,2,8,16,55,5,8,48,0.583,0.25,0.291,0.625
2026-08-26 20:00:00,20,2,0,7,2,13,198,200,2,15,30,10,6,12,2,8,6,55,4,8,48,0.5,0.25,0.109,0.5
2026-08-26 21:00:00,21,2,0,20,7,11,198,200,2,19,30,26,10,12,2,8,17,55,6,8,51,0.833,0.25,0.309,0.75
2026-08-26 22:00:00,22,2,0,15,5,8,198,200,2,20,30,26,6,12,3,8,19,55,5,8,51,0.5,0.375,0.345,0.625
2026-08-26 23:00:00,23,2,0,14,5,18,198,200,2,19,30,20,4,12,3,8,14,55,5,8,39,0.333,0.375,0.255,0.625
2026-08-27 00:00:00,0,3,0,18,6,7,198,200,2,22,30,25,8,12,3,8,13,55,6,8,50,0.667,0.375,0.236,0.75
2026-08-27 01:00:00,1,3,0,13,4,13,198,200,2,18,30,12,3,12,2,8,8,55,2,8,48,0.25,0.25,0.145,0.25
2026-08-27 02:00:00,2,3,0,14,5,9,198,200,2,19,30,13,6,12,1,8,8,55,4,8,44,0.5,0.125,0.145,0.5
2026-08-27 03:00:00,3,3,0,12,4,7,198,200,2,14,30,17,6,12,1,8,13,55,4,8,51,0.5,0.125,0.236,0.5
2026-08-27 04:00:00,4,3,0,14,4,3,198,200,2,19,30,23,8,12,1,8,16,55,6,8,55,0.667,0.125,0.291,0.75
2026-08-27 05:00:00,5,3,0,10,3,6,198,200,2,15,30,17,5,12,2,8,13,55,3,8,50,0.417,0.25,0.236,0.375
2026-08-27 06:00:00,6,3,0,13,4,5,198,200,2,19,30,15,8,12,3,8,7,55,6,8,51,0.667,0.375,0.127,0.75
2026-08-27 07:00:00,7,3,0,8,2,5,198,200,2,17,30,12,8,12,3,8,6,55,5,8,79,0.667,0.375,0.109,0.625
2026-08-27 08:00:00,8,3,0,10,3,10,198,200,2,18,30,15,5,12,2,8,12,55,5,8,72,0.417,0.25,0.218,0.625
2026-08-27 09:00:00,9,3,0,18,5,6,198,200,2,21,30,24,9,12,2,8,14,55,5,8,68,0.75,0.25,0.255,0.625
2026-08-27 10:00:00,10,3,0,16,4,5,198,200,2,19,30,22,7,12,1,8,11,55,5,8,76,0.583,0.125,0.2,0.625
2026-08-27 11:00:00,11,3,0,13,3,6,198,200,2,21,30,21,6,12,3,8,14,55,6,8,73,0.5,0.375,0.255,0.75
2026-08-27 12:00:00,12,3,0,18,5,9,198,200,2,15,30,23,7,12,1,8,13,55,4,8,70,0.583,0.125,0.236,0.5
2026-08-27 13:00:00,13,3,0,28,7,7,198,200,2,20,30,31,9,12,3,8,23,55,6,8,74,0.75,0.375,0.418,0.75
2026-08-27 14:00:00,14,3,0,14,4,3,198,200,2,20,30,23,6,12,2,8,15,55,5,8,76,0.5,0.25,0.273,0.625
2026-08-27 15:00:00,15,3,0,20,5,4,198,200,2,22,30,27,10,12,3,8,17,55,5,8,74,0.833,0.375,0.309,0.625
2026-08-27 16:00:00,16,3,0,18,5,3,198,200,2,18,30,28,9,12,3,8,17,55,8,8,72,0.75,0.375,0.309,1.0
2026-08-27 17:00:00,17,3,0,20,6,12,198,200,2,19,30,32,7,12,3,8,23,55,6,8,73,0.583,0.375,0.418,0.75
2026-08-27 18:00:00,18,3,0,25,8,10,198,200,2,22,30,36,13,12,1,8,23,55,6,8,74,1.083,0.125,0.418,0.75
2026-08-27 19:00:00,19,3,0,20,6,5,198,200,2,20,30,32,11,12,3,8,19,55,7,8,42,0.917,0.375,0.345,0.875
2026-08-27 20:00:00,20,3,0,18,6,8,198,200,2,16,30,13,7,12,0,8,6,55,4,8,48,0.583,0.0,0.109,0.5
2026-08-27 21:00:00,21,3,0,18,6,14,198,200,2,17,30,32,11,12,4,8,20,55,7,8,44,0.917,0.5,0.364,0.875
2026-08-27 22:00:00,22,3,0,19,6,3,198,200,2,14,30,22,5,12,2,8,12,55,2,8,50,0.417,0.25,0.218,0.25
2026-08-27 23:00:00,23,3,0,14,5,12,198,200,2,14,30,25,5,12,0,8,18,55,4,8,43,0.417,0.0,0.327,0.5
2026-08-28 00:00:00,0,4,0,14,5,9,198,200,2,18,30,22,6,12,1,8,10,55,4,8,51,0.5,0.125,0.182,0.5
2026-08-28 01:00:00,1,4,0,14,5,13,198,200,2,20,30,25,7,12,2,8,15,55,5,8,47,0.583,0.25,0.273,0.625
2026-08-28 02:00:00,2,4,0,15,5,12,198,200,2,15,30,22,9,12,3,8,15,55,4,8,46,0.75,0.375,0.273,0.5
2026-08-28 03:00:00,3,4,0,18,6,10,198,200,2,18,30,26,9,12,3,8,17,55,4,8,49,0.75,0.375,0.309,0.5
2026-08-28 04:00:00,4,4,0,11,4,7,198,200,2,19,30,22,9,12,3,8,12,55,4,8,45,0.75,0.375,0.218,0.5
2026-08-28 05:00:00,5,4,0,12,4,8,198,200,2,17,30,16,4,12,3,8,11,55,3,8,49,0.333,0.375,0.2,0.375
2026-08-28 06:00:00,6,4,0,18,5,8,198,200,2,14,30,16,7,12,2,8,8,55,3,8,46,0.583,0.25,0.145,0.375
2026-08-28 07:00:00,7,4,0,18,5,10,198,200,2,19,30,23,9,12,3,8,14,55,5,8,72,0.75,0.375,0.255,0.625
2026-08-28 08:00:00,8,4,0,12,3,6,198,200,2,18,30,20,4,12,3,8,14,55,5,8,75,0.333,0.375,0.255,0.625
2026-08-28 09:00:00,9,4,0,24,7,8,198,200,2,20,30,33,13,12,2,8,21,55,7,8,71,1.083,0.25,0.382,0.875
2026-08-28 10:00:00,10,4,0,22,6,7,198,200,2,17,30,22,8,12,4,8,12,55,4,8,70,0.667,0.5,0.218,0.5
2026-08-28 11:00:00,11,4,0,13,3,7,198,200,2,19,30,16,6,12,0,8,12,55,6,8,75,0.5,0.0,0.218,0.75
2026-08-28 12:00:00,12,4,0,19,5,6,198,200,2,20,30,22,6,12,3,8,14,55,5,8,74,0.5,0.375,0.255,0.625
2026-08-28 13:00:00,13,4,0,32,8,8,198,200,2,25,30,42,16,12,3,8,28,55,7,8,75,1.333,0.375,0.509,0.875
2026-08-28 14:00:00,14,4,0,19,5,7,198,200,2,20,30,33,9,12,4,8,24,55,7,8,75,0.75,0.5,0.436,0.875
2026-08-28 15:00:00,15,4,0,34,9,12,198,200,2,23,30,42,15,12,6,8,28,55,6,8,74,1.25,0.75,0.509,0.75
2026-08-28 16:00:00,16,4,0,18,5,5,198,200,2,19,30,27,10,12,2,8,19,55,5,8,76,0.833,0.25,0.345,0.625
2026-08-28 17:00:00,17,4,0,23,7,12,198,200,2,20,30,31,9,12,3,8,20,55,7,8,74,0.75,0.375,0.364,0.875
2026-08-28 18:00:00,18,4,0,23,7,13,198,200,2,20,30,25,12,12,3,8,17,55,6,8,68,1.0,0.375,0.309,0.75
2026-08-28 19:00:00,19,4,0,9,3,6,198,200,2,16,30,15,5,12,1,8,10,55,5,8,43,0.417,0.125,0.182,0.625
2026-08-28 20:00:00,20,4,0,16,5,11,198,200,2,18,30,20,8,12,4,8,10,55,4,8,54,0.667,0.5,0.182,0.5
2026-08-28 21:00:00,21,4,0,17,6,17,198,200,2,15,30,21,5,12,2,8,14,55,5,8,48,0.417,0.25,0.255,0.625
2026-08-28 22:00:00,22,4,0,12,4,11,198,200,2,18,30,21,10,12,2,8,14,55,6,8,51,0.833,0.25,0.255,0.75
2026-08-28 23:00:00,23,4,0,15,5,14,198,200,2,20,30,24,6,12,2,8,16,55,6,8,47,0.5,0.25,0.291,0.75
2026-08-29 00:00:00,0,5,1,15,5,6,198,200,2,18,30,17,8,12,1,8,10,55,1,8,48,0.667,0.125,0.182,0.125
2026-08-29 01:00:00,1,5,1,14,5,14,198,200,2,18,30,13,3,12,1,8,7,55,1,8,47,0.25,0.125,0.127,0.125
2026-08-29 02:00:00,2,5,1,15,5,15,198,200,2,17,30,12,4,12,1,8,9,55,3,8,55,0.333,0.125,0.164,0.375
2026-08-29 03:00:00,3,5,1,14,5,3,198,200,2,16,30,12,6,12,1,8,5,55,1,8,49,0.5,0.125,0.091,0.125
2026-08-29 04:00:00,4,5,1,10,3,8,198,200,2,18,30,12,6,12,1,8,10,55,2,8,46,0.5,0.125,0.182,0.25
2026-08-29 05:00:00,5,5,1,13,4,10,198,200,2,13,30,16,4,12,4,8,9,55,1,8,43,0.333,0.5,0.164,0.125
2026-08-29 06:00:00,6,5,1,7,2,8,198,200,2,18,30,11,5,12,0,8,7,55,4,8,54,0.417,0.0,0.127,0.5
2026-08-29 07:00:00,7,5,1,13,4,4,198,200,2,14,30,14,6,12,2,8,10,55,1,8,74,0.5,0.25,0.182,0.125
2026-08-29 08:00:00,8,5,1,17,5,6,198,200,2,17,30,20,5,12,3,8,14,55,3,8,76,0.417,0.375,0.255,0.375
2026-08-29 09:00:00,9,5,1,14,4,7,198,200,2,15,30,15,8,12,2,8,6,55,2,8,77,0.667,0.25,0.109,0.25
2026-08-29 10:00:00,10,5,1,14,4,10,198,200,2,18,30,20,5,12,2,8,14,55,3,8,73,0.417,0.25,0.255,0.375
2026-08-29 11:00:00,11,5,1,21,5,13,198,200,2,16,30,16,5,12,1,8,11,55,0,8,76,0.417,0.125,0.2,0.0
2026-08-29 12:00:00,12,5,1,17,4,5,198,200,2,16,30,13,5,12,2,8,7,55,0,8,72,0.417,0.25,0.127,0.0
2026-08-29 13:00:00,13,5,1,23,6,4,198,200,2,17,30,23,7,12,3,8,13,55,2,8,71,0.583,0.375,0.236,0.25
2026-08-29 14:00:00,14,5,1,11,3,5,198,200,2,17,30,13,5,12,1,8,7,55,3,8,77,0.417,0.125,0.127,0.375
2026-08-29 15:00:00,15,5,1,16,4,10,198,200,2,19,30,17,6,12,0,8,8,55,1,8,74,0.5,0.0,0.145,0.125
2026-08-29 16:00:00,16,5,1,24,7,10,198,200,2,13,30,20,7,12,2,8,16,55,1,8,76,0.583,0.25,0.291,0.125
2026-08-29 17:00:00,17,5,1,21,6,6,198,200,2,21,30,24,10,12,1,8,18,55,3,8,75,0.833,0.125,0.327,0.375
2026-08-29 18:00:00,18,5,1,15,4,10,198,200,2,16,30,18,6,12,1,8,12,55,3,8,76,0.5,0.125,0.218,0.375
2026-08-29 19:00:00,19,5,1,20,6,13,198,200,2,17,30,21,8,12,2,8,13,55,2,8,43,0.667,0.25,0.236,0.25
2026-08-29 20:00:00,20,5,1,20,6,7,198,200,2,16,30,21,9,12,2,8,13,55,3,8,46,0.75,0.25,0.236,0.375
2026-08-29 21:00:00,21,5,1,15,5,13,198,200,2,14,30,13,6,12,3,8,10,55,1,8,47,0.5,0.375,0.182,0.125
2026-08-29 22:00:00,22,5,1,11,4,8,198,200,2,17,30,13,6,12,1,8,12,55,2,8,46,0.5,0.125,0.218,0.25
2026-08-29 23:00:00,23,5,1,15,5,11,198,200,2,20,30,20,5,12,3,8,11,55,4,8,49,0.417,0.375,0.2,0.5
